Analysis & Synthesis report for SMU_RV32I_System
Sat Feb  4 17:35:39 2023
Quartus Prime Version 20.1.1 Build 720 11/11/2020 SJ Lite Edition


---------------------
; Table of Contents ;
---------------------
  1. Legal Notice
  2. Analysis & Synthesis Summary
  3. Analysis & Synthesis Settings
  4. Parallel Compilation
  5. Analysis & Synthesis Source Files Read
  6. Analysis & Synthesis Resource Usage Summary
  7. Analysis & Synthesis Resource Utilization by Entity
  8. Analysis & Synthesis RAM Summary
  9. State Machine - |SMU_RV32I_System|GPIO:iGPIO|pulse_gen:sw9|c_state
 10. State Machine - |SMU_RV32I_System|GPIO:iGPIO|pulse_gen:sw8|c_state
 11. State Machine - |SMU_RV32I_System|GPIO:iGPIO|pulse_gen:sw7|c_state
 12. State Machine - |SMU_RV32I_System|GPIO:iGPIO|pulse_gen:sw6|c_state
 13. State Machine - |SMU_RV32I_System|GPIO:iGPIO|pulse_gen:sw5|c_state
 14. State Machine - |SMU_RV32I_System|GPIO:iGPIO|pulse_gen:sw4|c_state
 15. State Machine - |SMU_RV32I_System|GPIO:iGPIO|pulse_gen:sw3|c_state
 16. State Machine - |SMU_RV32I_System|GPIO:iGPIO|pulse_gen:sw2|c_state
 17. State Machine - |SMU_RV32I_System|GPIO:iGPIO|pulse_gen:sw1|c_state
 18. State Machine - |SMU_RV32I_System|GPIO:iGPIO|pulse_gen:sw0|c_state
 19. State Machine - |SMU_RV32I_System|GPIO:iGPIO|pulse_gen:button2|c_state
 20. State Machine - |SMU_RV32I_System|GPIO:iGPIO|pulse_gen:button1|c_state
 21. Registers Removed During Synthesis
 22. Removed Registers Triggering Further Register Optimizations
 23. General Register Statistics
 24. Inverted Register Statistics
 25. Physical Synthesis Netlist Optimizations
 26. Registers Packed Into Inferred Megafunctions
 27. Multiplexer Restructuring Statistics (Restructuring Performed)
 28. Source assignments for dualport_mem_synch_rw_dualclk:imem|altsyncram:mem_rtl_0|altsyncram_vod2:auto_generated
 29. Source assignments for rv32i_cpu:icpu|datapath:i_datapath|altshift_taps:PCPlus4_E_rtl_0|shift_taps_bkm:auto_generated|altsyncram_r861:altsyncram4
 30. Parameter Settings for User Entity Instance: Top-level Entity: |SMU_RV32I_System
 31. Parameter Settings for User Entity Instance: rv32i_cpu:icpu
 32. Parameter Settings for User Entity Instance: rv32i_cpu:icpu|datapath:i_datapath
 33. Parameter Settings for User Entity Instance: rv32i_cpu:icpu|datapath:i_datapath|mux3:pcmux
 34. Parameter Settings for User Entity Instance: rv32i_cpu:icpu|datapath:i_datapath|pc_flopr:pcreg
 35. Parameter Settings for User Entity Instance: rv32i_cpu:icpu|datapath:i_datapath|mux2:instrdmux
 36. Parameter Settings for User Entity Instance: rv32i_cpu:icpu|datapath:i_datapath|mux3:rs1_data_mux
 37. Parameter Settings for User Entity Instance: rv32i_cpu:icpu|datapath:i_datapath|mux3:rs2_data_mux
 38. Parameter Settings for User Entity Instance: rv32i_cpu:icpu|datapath:i_datapath|reg_file_async:rf
 39. Parameter Settings for User Entity Instance: rv32i_cpu:icpu|datapath:i_datapath|mux3:srcaEmux
 40. Parameter Settings for User Entity Instance: rv32i_cpu:icpu|datapath:i_datapath|mux3:srcbEmux
 41. Parameter Settings for User Entity Instance: rv32i_cpu:icpu|datapath:i_datapath|mux3:srcamux
 42. Parameter Settings for User Entity Instance: rv32i_cpu:icpu|datapath:i_datapath|mux2:srcbmux
 43. Parameter Settings for User Entity Instance: rv32i_cpu:icpu|datapath:i_datapath|mux3:resultmux
 44. Parameter Settings for User Entity Instance: dualport_mem_synch_rw_dualclk:imem
 45. Parameter Settings for User Entity Instance: GPIO:iGPIO|pulse_gen:button1
 46. Parameter Settings for User Entity Instance: GPIO:iGPIO|pulse_gen:button2
 47. Parameter Settings for User Entity Instance: GPIO:iGPIO|pulse_gen:sw0
 48. Parameter Settings for User Entity Instance: GPIO:iGPIO|pulse_gen:sw1
 49. Parameter Settings for User Entity Instance: GPIO:iGPIO|pulse_gen:sw2
 50. Parameter Settings for User Entity Instance: GPIO:iGPIO|pulse_gen:sw3
 51. Parameter Settings for User Entity Instance: GPIO:iGPIO|pulse_gen:sw4
 52. Parameter Settings for User Entity Instance: GPIO:iGPIO|pulse_gen:sw5
 53. Parameter Settings for User Entity Instance: GPIO:iGPIO|pulse_gen:sw6
 54. Parameter Settings for User Entity Instance: GPIO:iGPIO|pulse_gen:sw7
 55. Parameter Settings for User Entity Instance: GPIO:iGPIO|pulse_gen:sw8
 56. Parameter Settings for User Entity Instance: GPIO:iGPIO|pulse_gen:sw9
 57. Parameter Settings for User Entity Instance: uart_wrap:iuart_wrap
 58. Parameter Settings for User Entity Instance: uart_wrap:iuart_wrap|uart:u_uart
 59. Parameter Settings for User Entity Instance: uart_wrap:iuart_wrap|uart:u_uart|uart_transmitter:uatransmit
 60. Parameter Settings for User Entity Instance: uart_wrap:iuart_wrap|uart:u_uart|uart_receiver:uareceive
 61. Parameter Settings for Inferred Entity Instance: dualport_mem_synch_rw_dualclk:imem|altsyncram:mem_rtl_0
 62. Parameter Settings for Inferred Entity Instance: rv32i_cpu:icpu|datapath:i_datapath|altshift_taps:PCPlus4_E_rtl_0
 63. altsyncram Parameter Settings by Entity Instance
 64. altshift_taps Parameter Settings by Entity Instance
 65. Port Connectivity Checks: "TimerCounter:iTimer"
 66. Port Connectivity Checks: "GPIO:iGPIO"
 67. Port Connectivity Checks: "dualport_mem_synch_rw_dualclk:imem"
 68. Port Connectivity Checks: "rv32i_cpu:icpu|datapath:i_datapath|mux3:srcamux"
 69. Port Connectivity Checks: "rv32i_cpu:icpu|datapath:i_datapath|adder:pcadd4"
 70. Port Connectivity Checks: "rv32i_cpu:icpu|datapath:i_datapath|mux3:pcmux"
 71. Port Connectivity Checks: "rv32i_cpu:icpu|datapath:i_datapath"
 72. Port Connectivity Checks: "rv32i_cpu:icpu"
 73. Post-Synthesis Netlist Statistics for Top Partition
 74. Elapsed Time Per Partition
 75. Analysis & Synthesis Messages



----------------
; Legal Notice ;
----------------
Copyright (C) 2020  Intel Corporation. All rights reserved.
Your use of Intel Corporation's design tools, logic functions 
and other software and tools, and any partner logic 
functions, and any output files from any of the foregoing 
(including device programming or simulation files), and any 
associated documentation or information are expressly subject 
to the terms and conditions of the Intel Program License 
Subscription Agreement, the Intel Quartus Prime License Agreement,
the Intel FPGA IP License Agreement, or other applicable license
agreement, including, without limitation, that your use is for
the sole purpose of programming logic devices manufactured by
Intel and sold by Intel or its authorized distributors.  Please
refer to the applicable agreement for further details, at
https://fpgasoftware.intel.com/eula.



+----------------------------------------------------------------------------------+
; Analysis & Synthesis Summary                                                     ;
+------------------------------------+---------------------------------------------+
; Analysis & Synthesis Status        ; Successful - Sat Feb  4 17:35:39 2023       ;
; Quartus Prime Version              ; 20.1.1 Build 720 11/11/2020 SJ Lite Edition ;
; Revision Name                      ; SMU_RV32I_System                            ;
; Top-level Entity Name              ; SMU_RV32I_System                            ;
; Family                             ; Cyclone IV E                                ;
; Total logic elements               ; 4,833                                       ;
;     Total combinational functions  ; 3,711                                       ;
;     Dedicated logic registers      ; 1,978                                       ;
; Total registers                    ; 1978                                        ;
; Total pins                         ; 54                                          ;
; Total virtual pins                 ; 0                                           ;
; Total memory bits                  ; 131,165                                     ;
; Embedded Multiplier 9-bit elements ; 0                                           ;
; Total PLLs                         ; 0                                           ;
+------------------------------------+---------------------------------------------+


+------------------------------------------------------------------------------------------------------------+
; Analysis & Synthesis Settings                                                                              ;
+------------------------------------------------------------------+--------------------+--------------------+
; Option                                                           ; Setting            ; Default Value      ;
+------------------------------------------------------------------+--------------------+--------------------+
; Device                                                           ; EP4CE115F29C7      ;                    ;
; Top-level entity name                                            ; SMU_RV32I_System   ; SMU_RV32I_System   ;
; Family name                                                      ; Cyclone IV E       ; Cyclone V          ;
; Verilog Show LMF Mapping Messages                                ; Off                ;                    ;
; Verilog Version                                                  ; SystemVerilog_2005 ; Verilog_2001       ;
; Use smart compilation                                            ; Off                ; Off                ;
; Enable parallel Assembler and Timing Analyzer during compilation ; On                 ; On                 ;
; Enable compact report table                                      ; Off                ; Off                ;
; Restructure Multiplexers                                         ; Auto               ; Auto               ;
; Create Debugging Nodes for IP Cores                              ; Off                ; Off                ;
; Preserve fewer node names                                        ; On                 ; On                 ;
; Intel FPGA IP Evaluation Mode                                    ; Enable             ; Enable             ;
; VHDL Version                                                     ; VHDL_1993          ; VHDL_1993          ;
; State Machine Processing                                         ; Auto               ; Auto               ;
; Safe State Machine                                               ; Off                ; Off                ;
; Extract Verilog State Machines                                   ; On                 ; On                 ;
; Extract VHDL State Machines                                      ; On                 ; On                 ;
; Ignore Verilog initial constructs                                ; Off                ; Off                ;
; Iteration limit for constant Verilog loops                       ; 5000               ; 5000               ;
; Iteration limit for non-constant Verilog loops                   ; 250                ; 250                ;
; Add Pass-Through Logic to Inferred RAMs                          ; On                 ; On                 ;
; Infer RAMs from Raw Logic                                        ; On                 ; On                 ;
; Parallel Synthesis                                               ; On                 ; On                 ;
; DSP Block Balancing                                              ; Auto               ; Auto               ;
; NOT Gate Push-Back                                               ; On                 ; On                 ;
; Power-Up Don't Care                                              ; On                 ; On                 ;
; Remove Redundant Logic Cells                                     ; Off                ; Off                ;
; Remove Duplicate Registers                                       ; On                 ; On                 ;
; Ignore CARRY Buffers                                             ; Off                ; Off                ;
; Ignore CASCADE Buffers                                           ; Off                ; Off                ;
; Ignore GLOBAL Buffers                                            ; Off                ; Off                ;
; Ignore ROW GLOBAL Buffers                                        ; Off                ; Off                ;
; Ignore LCELL Buffers                                             ; Off                ; Off                ;
; Ignore SOFT Buffers                                              ; On                 ; On                 ;
; Limit AHDL Integers to 32 Bits                                   ; Off                ; Off                ;
; Optimization Technique                                           ; Balanced           ; Balanced           ;
; Carry Chain Length                                               ; 70                 ; 70                 ;
; Auto Carry Chains                                                ; On                 ; On                 ;
; Auto Open-Drain Pins                                             ; On                 ; On                 ;
; Perform WYSIWYG Primitive Resynthesis                            ; Off                ; Off                ;
; Auto ROM Replacement                                             ; On                 ; On                 ;
; Auto RAM Replacement                                             ; On                 ; On                 ;
; Auto DSP Block Replacement                                       ; On                 ; On                 ;
; Auto Shift Register Replacement                                  ; Auto               ; Auto               ;
; Allow Shift Register Merging across Hierarchies                  ; Auto               ; Auto               ;
; Auto Clock Enable Replacement                                    ; On                 ; On                 ;
; Strict RAM Replacement                                           ; Off                ; Off                ;
; Allow Synchronous Control Signals                                ; On                 ; On                 ;
; Force Use of Synchronous Clear Signals                           ; Off                ; Off                ;
; Auto RAM Block Balancing                                         ; On                 ; On                 ;
; Auto RAM to Logic Cell Conversion                                ; Off                ; Off                ;
; Auto Resource Sharing                                            ; Off                ; Off                ;
; Allow Any RAM Size For Recognition                               ; Off                ; Off                ;
; Allow Any ROM Size For Recognition                               ; Off                ; Off                ;
; Allow Any Shift Register Size For Recognition                    ; Off                ; Off                ;
; Use LogicLock Constraints during Resource Balancing              ; On                 ; On                 ;
; Ignore translate_off and synthesis_off directives                ; Off                ; Off                ;
; Timing-Driven Synthesis                                          ; On                 ; On                 ;
; Report Parameter Settings                                        ; On                 ; On                 ;
; Report Source Assignments                                        ; On                 ; On                 ;
; Report Connectivity Checks                                       ; On                 ; On                 ;
; Ignore Maximum Fan-Out Assignments                               ; Off                ; Off                ;
; Synchronization Register Chain Length                            ; 2                  ; 2                  ;
; Power Optimization During Synthesis                              ; Normal compilation ; Normal compilation ;
; HDL message level                                                ; Level2             ; Level2             ;
; Suppress Register Optimization Related Messages                  ; Off                ; Off                ;
; Number of Removed Registers Reported in Synthesis Report         ; 5000               ; 5000               ;
; Number of Swept Nodes Reported in Synthesis Report               ; 5000               ; 5000               ;
; Number of Inverted Registers Reported in Synthesis Report        ; 100                ; 100                ;
; Clock MUX Protection                                             ; On                 ; On                 ;
; Auto Gated Clock Conversion                                      ; Off                ; Off                ;
; Block Design Naming                                              ; Auto               ; Auto               ;
; SDC constraint protection                                        ; Off                ; Off                ;
; Synthesis Effort                                                 ; Auto               ; Auto               ;
; Shift Register Replacement - Allow Asynchronous Clear Signal     ; On                 ; On                 ;
; Pre-Mapping Resynthesis Optimization                             ; Off                ; Off                ;
; Analysis & Synthesis Message Level                               ; Medium             ; Medium             ;
; Disable Register Merging Across Hierarchies                      ; Auto               ; Auto               ;
; Resource Aware Inference For Block RAM                           ; On                 ; On                 ;
+------------------------------------------------------------------+--------------------+--------------------+


+------------------------------------------+
; Parallel Compilation                     ;
+----------------------------+-------------+
; Processors                 ; Number      ;
+----------------------------+-------------+
; Number detected on machine ; 36          ;
; Maximum allowed            ; 16          ;
;                            ;             ;
; Average used               ; 1.02        ;
; Maximum used               ; 16          ;
;                            ;             ;
; Usage by Processor         ; % Time Used ;
;     Processor 1            ; 100.0%      ;
;     Processor 2            ;   0.2%      ;
;     Processor 3            ;   0.2%      ;
;     Processor 4            ;   0.2%      ;
;     Processor 5            ;   0.2%      ;
;     Processor 6            ;   0.2%      ;
;     Processor 7            ;   0.2%      ;
;     Processor 8            ;   0.2%      ;
;     Processors 9-16        ;   0.1%      ;
+----------------------------+-------------+


+------------------------------------------------------------------------------------------------------------------------------------------------------------------------------------------------------------------------------------------------------------------------------------------------------------------------------------------------------+
; Analysis & Synthesis Source Files Read                                                                                                                                                                                                                                                                                                               ;
+-------------------------------------------------------------------------+-----------------+-------------------------------------------------------+----------------------------------------------------------------------------------------------------------------------------------------------------------------------------------------+---------+
; File Name with User-Entered Path                                        ; Used in Netlist ; File Type                                             ; File Name with Absolute Path                                                                                                                                                           ; Library ;
+-------------------------------------------------------------------------+-----------------+-------------------------------------------------------+----------------------------------------------------------------------------------------------------------------------------------------------------------------------------------------+---------+
; ../src/rtl/peripheral/UART/uart_wrap.v                                  ; yes             ; User Verilog HDL File                                 ; /home/user/projects/2022_winter/idec_riscv_feb_2023/.solution/day3/02.PM/16.quartus_ii_optimized/hardware/src/rtl/peripheral/UART/uart_wrap.v                                          ;         ;
; ../src/rtl/peripheral/UART/uart_transmitter.v                           ; yes             ; User Verilog HDL File                                 ; /home/user/projects/2022_winter/idec_riscv_feb_2023/.solution/day3/02.PM/16.quartus_ii_optimized/hardware/src/rtl/peripheral/UART/uart_transmitter.v                                   ;         ;
; ../src/rtl/peripheral/UART/uart_receiver.v                              ; yes             ; User Verilog HDL File                                 ; /home/user/projects/2022_winter/idec_riscv_feb_2023/.solution/day3/02.PM/16.quartus_ii_optimized/hardware/src/rtl/peripheral/UART/uart_receiver.v                                      ;         ;
; ../src/rtl/peripheral/UART/uart.v                                       ; yes             ; User Verilog HDL File                                 ; /home/user/projects/2022_winter/idec_riscv_feb_2023/.solution/day3/02.PM/16.quartus_ii_optimized/hardware/src/rtl/peripheral/UART/uart.v                                               ;         ;
; ../src/rtl/peripheral/TimerCounter.v                                    ; yes             ; User Verilog HDL File                                 ; /home/user/projects/2022_winter/idec_riscv_feb_2023/.solution/day3/02.PM/16.quartus_ii_optimized/hardware/src/rtl/peripheral/TimerCounter.v                                            ;         ;
; ../src/rtl/peripheral/SEG7_LUT.v                                        ; yes             ; User Verilog HDL File                                 ; /home/user/projects/2022_winter/idec_riscv_feb_2023/.solution/day3/02.PM/16.quartus_ii_optimized/hardware/src/rtl/peripheral/SEG7_LUT.v                                                ;         ;
; ../src/rtl/peripheral/GPIO.v                                            ; yes             ; User Verilog HDL File                                 ; /home/user/projects/2022_winter/idec_riscv_feb_2023/.solution/day3/02.PM/16.quartus_ii_optimized/hardware/src/rtl/peripheral/GPIO.v                                                    ;         ;
; ../src/rtl/peripheral/data_mux.v                                        ; yes             ; User Verilog HDL File                                 ; /home/user/projects/2022_winter/idec_riscv_feb_2023/.solution/day3/02.PM/16.quartus_ii_optimized/hardware/src/rtl/peripheral/data_mux.v                                                ;         ;
; ../src/rtl/peripheral/Addr_Decoder.v                                    ; yes             ; User Verilog HDL File                                 ; /home/user/projects/2022_winter/idec_riscv_feb_2023/.solution/day3/02.PM/16.quartus_ii_optimized/hardware/src/rtl/peripheral/Addr_Decoder.v                                            ;         ;
; ../src/rtl/memory/dualport_mem_synch_rw_dualclk.sv                      ; yes             ; User SystemVerilog HDL File                           ; /home/user/projects/2022_winter/idec_riscv_feb_2023/.solution/day3/02.PM/16.quartus_ii_optimized/hardware/src/rtl/memory/dualport_mem_synch_rw_dualclk.sv                              ;         ;
; ../src/rtl/SMU_RV32I_System.v                                           ; yes             ; User Verilog HDL File                                 ; /home/user/projects/2022_winter/idec_riscv_feb_2023/.solution/day3/02.PM/16.quartus_ii_optimized/hardware/src/rtl/SMU_RV32I_System.v                                                   ;         ;
; ../../../../../source/pipelined_cpu/rv32i_cpu.v                         ; yes             ; User Verilog HDL File                                 ; /home/user/projects/2022_winter/idec_riscv_feb_2023/.solution/day3/source/pipelined_cpu/rv32i_cpu.v                                                                                    ;         ;
; ../../../../../source/pipelined_cpu/reg_file_async.v                    ; yes             ; User Verilog HDL File                                 ; /home/user/projects/2022_winter/idec_riscv_feb_2023/.solution/day3/source/pipelined_cpu/reg_file_async.v                                                                               ;         ;
; ../../../../../source/pipelined_cpu/pc_flopr.v                          ; yes             ; User Verilog HDL File                                 ; /home/user/projects/2022_winter/idec_riscv_feb_2023/.solution/day3/source/pipelined_cpu/pc_flopr.v                                                                                     ;         ;
; ../../../../../source/pipelined_cpu/mux3.v                              ; yes             ; User Verilog HDL File                                 ; /home/user/projects/2022_winter/idec_riscv_feb_2023/.solution/day3/source/pipelined_cpu/mux3.v                                                                                         ;         ;
; ../../../../../source/pipelined_cpu/mux2.v                              ; yes             ; User Verilog HDL File                                 ; /home/user/projects/2022_winter/idec_riscv_feb_2023/.solution/day3/source/pipelined_cpu/mux2.v                                                                                         ;         ;
; ../../../../../source/pipelined_cpu/maindec.v                           ; yes             ; User Verilog HDL File                                 ; /home/user/projects/2022_winter/idec_riscv_feb_2023/.solution/day3/source/pipelined_cpu/maindec.v                                                                                      ;         ;
; ../../../../../source/pipelined_cpu/extend.v                            ; yes             ; User Verilog HDL File                                 ; /home/user/projects/2022_winter/idec_riscv_feb_2023/.solution/day3/source/pipelined_cpu/extend.v                                                                                       ;         ;
; ../../../../../source/pipelined_cpu/datapath.v                          ; yes             ; User Verilog HDL File                                 ; /home/user/projects/2022_winter/idec_riscv_feb_2023/.solution/day3/source/pipelined_cpu/datapath.v                                                                                     ;         ;
; ../../../../../source/pipelined_cpu/controller.v                        ; yes             ; User Verilog HDL File                                 ; /home/user/projects/2022_winter/idec_riscv_feb_2023/.solution/day3/source/pipelined_cpu/controller.v                                                                                   ;         ;
; ../../../../../source/pipelined_cpu/aludec.v                            ; yes             ; User Verilog HDL File                                 ; /home/user/projects/2022_winter/idec_riscv_feb_2023/.solution/day3/source/pipelined_cpu/aludec.v                                                                                       ;         ;
; ../../../../../source/pipelined_cpu/alu_with_cla.v                      ; yes             ; User Verilog HDL File                                 ; /home/user/projects/2022_winter/idec_riscv_feb_2023/.solution/day3/source/pipelined_cpu/alu_with_cla.v                                                                                 ;         ;
; ../../../../../source/pipelined_cpu/cla.v                               ; yes             ; User Verilog HDL File                                 ; /home/user/projects/2022_winter/idec_riscv_feb_2023/.solution/day3/source/pipelined_cpu/cla.v                                                                                          ;         ;
; ../../../../../source/pipelined_cpu/adder.v                             ; yes             ; User Verilog HDL File                                 ; /home/user/projects/2022_winter/idec_riscv_feb_2023/.solution/day3/source/pipelined_cpu/adder.v                                                                                        ;         ;
; altsyncram.tdf                                                          ; yes             ; Megafunction                                          ; /datat/opt_tools/intelFPGA_lite/20.1.1/quartus/libraries/megafunctions/altsyncram.tdf                                                                                                  ;         ;
; stratix_ram_block.inc                                                   ; yes             ; Megafunction                                          ; /datat/opt_tools/intelFPGA_lite/20.1.1/quartus/libraries/megafunctions/stratix_ram_block.inc                                                                                           ;         ;
; lpm_mux.inc                                                             ; yes             ; Megafunction                                          ; /datat/opt_tools/intelFPGA_lite/20.1.1/quartus/libraries/megafunctions/lpm_mux.inc                                                                                                     ;         ;
; lpm_decode.inc                                                          ; yes             ; Megafunction                                          ; /datat/opt_tools/intelFPGA_lite/20.1.1/quartus/libraries/megafunctions/lpm_decode.inc                                                                                                  ;         ;
; aglobal201.inc                                                          ; yes             ; Megafunction                                          ; /datat/opt_tools/intelFPGA_lite/20.1.1/quartus/libraries/megafunctions/aglobal201.inc                                                                                                  ;         ;
; a_rdenreg.inc                                                           ; yes             ; Megafunction                                          ; /datat/opt_tools/intelFPGA_lite/20.1.1/quartus/libraries/megafunctions/a_rdenreg.inc                                                                                                   ;         ;
; altrom.inc                                                              ; yes             ; Megafunction                                          ; /datat/opt_tools/intelFPGA_lite/20.1.1/quartus/libraries/megafunctions/altrom.inc                                                                                                      ;         ;
; altram.inc                                                              ; yes             ; Megafunction                                          ; /datat/opt_tools/intelFPGA_lite/20.1.1/quartus/libraries/megafunctions/altram.inc                                                                                                      ;         ;
; altdpram.inc                                                            ; yes             ; Megafunction                                          ; /datat/opt_tools/intelFPGA_lite/20.1.1/quartus/libraries/megafunctions/altdpram.inc                                                                                                    ;         ;
; db/altsyncram_vod2.tdf                                                  ; yes             ; Auto-Generated Megafunction                           ; /home/user/projects/2022_winter/idec_riscv_feb_2023/.solution/day3/02.PM/16.quartus_ii_optimized/hardware/fpga/db/altsyncram_vod2.tdf                                                  ;         ;
; db/SMU_RV32I_System.ram0_dualport_mem_synch_rw_dualclk_b1989a5d.hdl.mif ; yes             ; Auto-Generated Auto-Found Memory Initialization File  ; /home/user/projects/2022_winter/idec_riscv_feb_2023/.solution/day3/02.PM/16.quartus_ii_optimized/hardware/fpga/db/SMU_RV32I_System.ram0_dualport_mem_synch_rw_dualclk_b1989a5d.hdl.mif ;         ;
; altshift_taps.tdf                                                       ; yes             ; Megafunction                                          ; /datat/opt_tools/intelFPGA_lite/20.1.1/quartus/libraries/megafunctions/altshift_taps.tdf                                                                                               ;         ;
; lpm_counter.inc                                                         ; yes             ; Megafunction                                          ; /datat/opt_tools/intelFPGA_lite/20.1.1/quartus/libraries/megafunctions/lpm_counter.inc                                                                                                 ;         ;
; lpm_compare.inc                                                         ; yes             ; Megafunction                                          ; /datat/opt_tools/intelFPGA_lite/20.1.1/quartus/libraries/megafunctions/lpm_compare.inc                                                                                                 ;         ;
; lpm_constant.inc                                                        ; yes             ; Megafunction                                          ; /datat/opt_tools/intelFPGA_lite/20.1.1/quartus/libraries/megafunctions/lpm_constant.inc                                                                                                ;         ;
; db/shift_taps_bkm.tdf                                                   ; yes             ; Auto-Generated Megafunction                           ; /home/user/projects/2022_winter/idec_riscv_feb_2023/.solution/day3/02.PM/16.quartus_ii_optimized/hardware/fpga/db/shift_taps_bkm.tdf                                                   ;         ;
; db/altsyncram_r861.tdf                                                  ; yes             ; Auto-Generated Megafunction                           ; /home/user/projects/2022_winter/idec_riscv_feb_2023/.solution/day3/02.PM/16.quartus_ii_optimized/hardware/fpga/db/altsyncram_r861.tdf                                                  ;         ;
; db/add_sub_24e.tdf                                                      ; yes             ; Auto-Generated Megafunction                           ; /home/user/projects/2022_winter/idec_riscv_feb_2023/.solution/day3/02.PM/16.quartus_ii_optimized/hardware/fpga/db/add_sub_24e.tdf                                                      ;         ;
; db/cntr_6pf.tdf                                                         ; yes             ; Auto-Generated Megafunction                           ; /home/user/projects/2022_winter/idec_riscv_feb_2023/.solution/day3/02.PM/16.quartus_ii_optimized/hardware/fpga/db/cntr_6pf.tdf                                                         ;         ;
; db/cmpr_ogc.tdf                                                         ; yes             ; Auto-Generated Megafunction                           ; /home/user/projects/2022_winter/idec_riscv_feb_2023/.solution/day3/02.PM/16.quartus_ii_optimized/hardware/fpga/db/cmpr_ogc.tdf                                                         ;         ;
; db/cntr_p8h.tdf                                                         ; yes             ; Auto-Generated Megafunction                           ; /home/user/projects/2022_winter/idec_riscv_feb_2023/.solution/day3/02.PM/16.quartus_ii_optimized/hardware/fpga/db/cntr_p8h.tdf                                                         ;         ;
+-------------------------------------------------------------------------+-----------------+-------------------------------------------------------+----------------------------------------------------------------------------------------------------------------------------------------------------------------------------------------+---------+


+--------------------------------------------------------------+
; Analysis & Synthesis Resource Usage Summary                  ;
+---------------------------------------------+----------------+
; Resource                                    ; Usage          ;
+---------------------------------------------+----------------+
; Estimated Total logic elements              ; 4,833          ;
;                                             ;                ;
; Total combinational functions               ; 3711           ;
; Logic element usage by number of LUT inputs ;                ;
;     -- 4 input functions                    ; 2614           ;
;     -- 3 input functions                    ; 835            ;
;     -- <=2 input functions                  ; 262            ;
;                                             ;                ;
; Logic elements by mode                      ;                ;
;     -- normal mode                          ; 3595           ;
;     -- arithmetic mode                      ; 116            ;
;                                             ;                ;
; Total registers                             ; 1978           ;
;     -- Dedicated logic registers            ; 1978           ;
;     -- I/O registers                        ; 0              ;
;                                             ;                ;
; I/O pins                                    ; 54             ;
; Total memory bits                           ; 131165         ;
;                                             ;                ;
; Embedded Multiplier 9-bit elements          ; 0              ;
;                                             ;                ;
; Maximum fan-out node                        ; CLOCK_50~input ;
; Maximum fan-out                             ; 2041           ;
; Total fan-out                               ; 20477          ;
; Average fan-out                             ; 3.49           ;
+---------------------------------------------+----------------+


+-----------------------------------------------------------------------------------------------------------------------------------------------------------------------------------------------------------------------------------------------------------------------------------------------------------------------------------------------------------------------+
; Analysis & Synthesis Resource Utilization by Entity                                                                                                                                                                                                                                                                                                                   ;
+----------------------------------------------+---------------------+---------------------------+-------------+--------------+---------+-----------+------+--------------+----------------------------------------------------------------------------------------------------------------------------------------------+-------------------------------+--------------+
; Compilation Hierarchy Node                   ; Combinational ALUTs ; Dedicated Logic Registers ; Memory Bits ; DSP Elements ; DSP 9x9 ; DSP 18x18 ; Pins ; Virtual Pins ; Full Hierarchy Name                                                                                                                          ; Entity Name                   ; Library Name ;
+----------------------------------------------+---------------------+---------------------------+-------------+--------------+---------+-----------+------+--------------+----------------------------------------------------------------------------------------------------------------------------------------------+-------------------------------+--------------+
; |SMU_RV32I_System                            ; 3711 (2)            ; 1978 (1)                  ; 131165      ; 0            ; 0       ; 0         ; 54   ; 0            ; |SMU_RV32I_System                                                                                                                            ; SMU_RV32I_System              ; work         ;
;    |Addr_Decoder:iDecoder|                   ; 9 (9)               ; 0 (0)                     ; 0           ; 0            ; 0       ; 0         ; 0    ; 0            ; |SMU_RV32I_System|Addr_Decoder:iDecoder                                                                                                      ; Addr_Decoder                  ; work         ;
;    |GPIO:iGPIO|                              ; 227 (47)            ; 218 (38)                  ; 0           ; 0            ; 0       ; 0         ; 0    ; 0            ; |SMU_RV32I_System|GPIO:iGPIO                                                                                                                 ; GPIO                          ; work         ;
;       |pulse_gen:button1|                    ; 15 (15)             ; 15 (15)                   ; 0           ; 0            ; 0       ; 0         ; 0    ; 0            ; |SMU_RV32I_System|GPIO:iGPIO|pulse_gen:button1                                                                                               ; pulse_gen                     ; work         ;
;       |pulse_gen:button2|                    ; 15 (15)             ; 15 (15)                   ; 0           ; 0            ; 0       ; 0         ; 0    ; 0            ; |SMU_RV32I_System|GPIO:iGPIO|pulse_gen:button2                                                                                               ; pulse_gen                     ; work         ;
;       |pulse_gen:sw0|                        ; 15 (15)             ; 15 (15)                   ; 0           ; 0            ; 0       ; 0         ; 0    ; 0            ; |SMU_RV32I_System|GPIO:iGPIO|pulse_gen:sw0                                                                                                   ; pulse_gen                     ; work         ;
;       |pulse_gen:sw1|                        ; 15 (15)             ; 15 (15)                   ; 0           ; 0            ; 0       ; 0         ; 0    ; 0            ; |SMU_RV32I_System|GPIO:iGPIO|pulse_gen:sw1                                                                                                   ; pulse_gen                     ; work         ;
;       |pulse_gen:sw2|                        ; 15 (15)             ; 15 (15)                   ; 0           ; 0            ; 0       ; 0         ; 0    ; 0            ; |SMU_RV32I_System|GPIO:iGPIO|pulse_gen:sw2                                                                                                   ; pulse_gen                     ; work         ;
;       |pulse_gen:sw3|                        ; 15 (15)             ; 15 (15)                   ; 0           ; 0            ; 0       ; 0         ; 0    ; 0            ; |SMU_RV32I_System|GPIO:iGPIO|pulse_gen:sw3                                                                                                   ; pulse_gen                     ; work         ;
;       |pulse_gen:sw4|                        ; 15 (15)             ; 15 (15)                   ; 0           ; 0            ; 0       ; 0         ; 0    ; 0            ; |SMU_RV32I_System|GPIO:iGPIO|pulse_gen:sw4                                                                                                   ; pulse_gen                     ; work         ;
;       |pulse_gen:sw5|                        ; 15 (15)             ; 15 (15)                   ; 0           ; 0            ; 0       ; 0         ; 0    ; 0            ; |SMU_RV32I_System|GPIO:iGPIO|pulse_gen:sw5                                                                                                   ; pulse_gen                     ; work         ;
;       |pulse_gen:sw6|                        ; 15 (15)             ; 15 (15)                   ; 0           ; 0            ; 0       ; 0         ; 0    ; 0            ; |SMU_RV32I_System|GPIO:iGPIO|pulse_gen:sw6                                                                                                   ; pulse_gen                     ; work         ;
;       |pulse_gen:sw7|                        ; 15 (15)             ; 15 (15)                   ; 0           ; 0            ; 0       ; 0         ; 0    ; 0            ; |SMU_RV32I_System|GPIO:iGPIO|pulse_gen:sw7                                                                                                   ; pulse_gen                     ; work         ;
;       |pulse_gen:sw8|                        ; 15 (15)             ; 15 (15)                   ; 0           ; 0            ; 0       ; 0         ; 0    ; 0            ; |SMU_RV32I_System|GPIO:iGPIO|pulse_gen:sw8                                                                                                   ; pulse_gen                     ; work         ;
;       |pulse_gen:sw9|                        ; 15 (15)             ; 15 (15)                   ; 0           ; 0            ; 0       ; 0         ; 0    ; 0            ; |SMU_RV32I_System|GPIO:iGPIO|pulse_gen:sw9                                                                                                   ; pulse_gen                     ; work         ;
;    |SEG7_LUT:u0_SEG7_LUT|                    ; 7 (7)               ; 0 (0)                     ; 0           ; 0            ; 0       ; 0         ; 0    ; 0            ; |SMU_RV32I_System|SEG7_LUT:u0_SEG7_LUT                                                                                                       ; SEG7_LUT                      ; work         ;
;    |SEG7_LUT:u1_SEG7_LUT|                    ; 7 (7)               ; 0 (0)                     ; 0           ; 0            ; 0       ; 0         ; 0    ; 0            ; |SMU_RV32I_System|SEG7_LUT:u1_SEG7_LUT                                                                                                       ; SEG7_LUT                      ; work         ;
;    |SEG7_LUT:u2_SEG7_LUT|                    ; 7 (7)               ; 0 (0)                     ; 0           ; 0            ; 0       ; 0         ; 0    ; 0            ; |SMU_RV32I_System|SEG7_LUT:u2_SEG7_LUT                                                                                                       ; SEG7_LUT                      ; work         ;
;    |SEG7_LUT:u3_SEG7_LUT|                    ; 7 (7)               ; 0 (0)                     ; 0           ; 0            ; 0       ; 0         ; 0    ; 0            ; |SMU_RV32I_System|SEG7_LUT:u3_SEG7_LUT                                                                                                       ; SEG7_LUT                      ; work         ;
;    |TimerCounter:iTimer|                     ; 118 (118)           ; 65 (65)                   ; 0           ; 0            ; 0       ; 0         ; 0    ; 0            ; |SMU_RV32I_System|TimerCounter:iTimer                                                                                                        ; TimerCounter                  ; work         ;
;    |data_mux:u_data_mux|                     ; 48 (48)             ; 53 (53)                   ; 0           ; 0            ; 0       ; 0         ; 0    ; 0            ; |SMU_RV32I_System|data_mux:u_data_mux                                                                                                        ; data_mux                      ; work         ;
;    |dualport_mem_synch_rw_dualclk:imem|      ; 7 (7)               ; 0 (0)                     ; 131072      ; 0            ; 0       ; 0         ; 0    ; 0            ; |SMU_RV32I_System|dualport_mem_synch_rw_dualclk:imem                                                                                         ; dualport_mem_synch_rw_dualclk ; work         ;
;       |altsyncram:mem_rtl_0|                 ; 0 (0)               ; 0 (0)                     ; 131072      ; 0            ; 0       ; 0         ; 0    ; 0            ; |SMU_RV32I_System|dualport_mem_synch_rw_dualclk:imem|altsyncram:mem_rtl_0                                                                    ; altsyncram                    ; work         ;
;          |altsyncram_vod2:auto_generated|    ; 0 (0)               ; 0 (0)                     ; 131072      ; 0            ; 0       ; 0         ; 0    ; 0            ; |SMU_RV32I_System|dualport_mem_synch_rw_dualclk:imem|altsyncram:mem_rtl_0|altsyncram_vod2:auto_generated                                     ; altsyncram_vod2               ; work         ;
;    |rv32i_cpu:icpu|                          ; 3187 (0)            ; 1587 (0)                  ; 93          ; 0            ; 0       ; 0         ; 0    ; 0            ; |SMU_RV32I_System|rv32i_cpu:icpu                                                                                                             ; rv32i_cpu                     ; work         ;
;       |controller:c|                         ; 27 (0)              ; 0 (0)                     ; 0           ; 0            ; 0       ; 0         ; 0    ; 0            ; |SMU_RV32I_System|rv32i_cpu:icpu|controller:c                                                                                                ; controller                    ; work         ;
;          |aludec:ad|                         ; 6 (6)               ; 0 (0)                     ; 0           ; 0            ; 0       ; 0         ; 0    ; 0            ; |SMU_RV32I_System|rv32i_cpu:icpu|controller:c|aludec:ad                                                                                      ; aludec                        ; work         ;
;          |maindec:md|                        ; 21 (21)             ; 0 (0)                     ; 0           ; 0            ; 0       ; 0         ; 0    ; 0            ; |SMU_RV32I_System|rv32i_cpu:icpu|controller:c|maindec:md                                                                                     ; maindec                       ; work         ;
;       |datapath:i_datapath|                  ; 3160 (1871)         ; 1587 (481)                ; 93          ; 0            ; 0       ; 0         ; 0    ; 0            ; |SMU_RV32I_System|rv32i_cpu:icpu|datapath:i_datapath                                                                                         ; datapath                      ; work         ;
;          |adder:pcadd4|                      ; 30 (30)             ; 0 (0)                     ; 0           ; 0            ; 0       ; 0         ; 0    ; 0            ; |SMU_RV32I_System|rv32i_cpu:icpu|datapath:i_datapath|adder:pcadd4                                                                            ; adder                         ; work         ;
;          |adder:pcaddbranch|                 ; 32 (32)             ; 0 (0)                     ; 0           ; 0            ; 0       ; 0         ; 0    ; 0            ; |SMU_RV32I_System|rv32i_cpu:icpu|datapath:i_datapath|adder:pcaddbranch                                                                       ; adder                         ; work         ;
;          |altshift_taps:PCPlus4_E_rtl_0|     ; 9 (0)               ; 6 (0)                     ; 93          ; 0            ; 0       ; 0         ; 0    ; 0            ; |SMU_RV32I_System|rv32i_cpu:icpu|datapath:i_datapath|altshift_taps:PCPlus4_E_rtl_0                                                           ; altshift_taps                 ; work         ;
;             |shift_taps_bkm:auto_generated|  ; 9 (2)               ; 6 (3)                     ; 93          ; 0            ; 0       ; 0         ; 0    ; 0            ; |SMU_RV32I_System|rv32i_cpu:icpu|datapath:i_datapath|altshift_taps:PCPlus4_E_rtl_0|shift_taps_bkm:auto_generated                             ; shift_taps_bkm                ; work         ;
;                |altsyncram_r861:altsyncram4| ; 0 (0)               ; 0 (0)                     ; 93          ; 0            ; 0       ; 0         ; 0    ; 0            ; |SMU_RV32I_System|rv32i_cpu:icpu|datapath:i_datapath|altshift_taps:PCPlus4_E_rtl_0|shift_taps_bkm:auto_generated|altsyncram_r861:altsyncram4 ; altsyncram_r861               ; work         ;
;                |cntr_6pf:cntr1|              ; 5 (5)               ; 2 (2)                     ; 0           ; 0            ; 0       ; 0         ; 0    ; 0            ; |SMU_RV32I_System|rv32i_cpu:icpu|datapath:i_datapath|altshift_taps:PCPlus4_E_rtl_0|shift_taps_bkm:auto_generated|cntr_6pf:cntr1              ; cntr_6pf                      ; work         ;
;                |cntr_p8h:cntr5|              ; 2 (2)               ; 1 (1)                     ; 0           ; 0            ; 0       ; 0         ; 0    ; 0            ; |SMU_RV32I_System|rv32i_cpu:icpu|datapath:i_datapath|altshift_taps:PCPlus4_E_rtl_0|shift_taps_bkm:auto_generated|cntr_p8h:cntr5              ; cntr_p8h                      ; work         ;
;          |alu:alu|                           ; 733 (593)           ; 0 (0)                     ; 0           ; 0            ; 0       ; 0         ; 0    ; 0            ; |SMU_RV32I_System|rv32i_cpu:icpu|datapath:i_datapath|alu:alu                                                                                 ; alu                           ; work         ;
;             |CLA_32Bit_Adder:adder32|        ; 140 (7)             ; 0 (0)                     ; 0           ; 0            ; 0       ; 0         ; 0    ; 0            ; |SMU_RV32I_System|rv32i_cpu:icpu|datapath:i_datapath|alu:alu|CLA_32Bit_Adder:adder32                                                         ; CLA_32Bit_Adder               ; work         ;
;                |CLA_16Bits:BITS15_0|         ; 65 (0)              ; 0 (0)                     ; 0           ; 0            ; 0       ; 0         ; 0    ; 0            ; |SMU_RV32I_System|rv32i_cpu:icpu|datapath:i_datapath|alu:alu|CLA_32Bit_Adder:adder32|CLA_16Bits:BITS15_0                                     ; CLA_16Bits                    ; work         ;
;                   |CLA_4Bits:BITS118|        ; 14 (14)             ; 0 (0)                     ; 0           ; 0            ; 0       ; 0         ; 0    ; 0            ; |SMU_RV32I_System|rv32i_cpu:icpu|datapath:i_datapath|alu:alu|CLA_32Bit_Adder:adder32|CLA_16Bits:BITS15_0|CLA_4Bits:BITS118                   ; CLA_4Bits                     ; work         ;
;                   |CLA_4Bits:BITS1512|       ; 11 (11)             ; 0 (0)                     ; 0           ; 0            ; 0       ; 0         ; 0    ; 0            ; |SMU_RV32I_System|rv32i_cpu:icpu|datapath:i_datapath|alu:alu|CLA_32Bit_Adder:adder32|CLA_16Bits:BITS15_0|CLA_4Bits:BITS1512                  ; CLA_4Bits                     ; work         ;
;                   |CLA_4Bits:BITS30|         ; 14 (14)             ; 0 (0)                     ; 0           ; 0            ; 0       ; 0         ; 0    ; 0            ; |SMU_RV32I_System|rv32i_cpu:icpu|datapath:i_datapath|alu:alu|CLA_32Bit_Adder:adder32|CLA_16Bits:BITS15_0|CLA_4Bits:BITS30                    ; CLA_4Bits                     ; work         ;
;                   |CLA_4Bits:BITS74|         ; 19 (19)             ; 0 (0)                     ; 0           ; 0            ; 0       ; 0         ; 0    ; 0            ; |SMU_RV32I_System|rv32i_cpu:icpu|datapath:i_datapath|alu:alu|CLA_32Bit_Adder:adder32|CLA_16Bits:BITS15_0|CLA_4Bits:BITS74                    ; CLA_4Bits                     ; work         ;
;                   |CLA_Gen_4Bits:GEN150|     ; 7 (7)               ; 0 (0)                     ; 0           ; 0            ; 0       ; 0         ; 0    ; 0            ; |SMU_RV32I_System|rv32i_cpu:icpu|datapath:i_datapath|alu:alu|CLA_32Bit_Adder:adder32|CLA_16Bits:BITS15_0|CLA_Gen_4Bits:GEN150                ; CLA_Gen_4Bits                 ; work         ;
;                |CLA_16Bits:BITS31_16|        ; 62 (0)              ; 0 (0)                     ; 0           ; 0            ; 0       ; 0         ; 0    ; 0            ; |SMU_RV32I_System|rv32i_cpu:icpu|datapath:i_datapath|alu:alu|CLA_32Bit_Adder:adder32|CLA_16Bits:BITS31_16                                    ; CLA_16Bits                    ; work         ;
;                   |CLA_4Bits:BITS118|        ; 16 (16)             ; 0 (0)                     ; 0           ; 0            ; 0       ; 0         ; 0    ; 0            ; |SMU_RV32I_System|rv32i_cpu:icpu|datapath:i_datapath|alu:alu|CLA_32Bit_Adder:adder32|CLA_16Bits:BITS31_16|CLA_4Bits:BITS118                  ; CLA_4Bits                     ; work         ;
;                   |CLA_4Bits:BITS1512|       ; 10 (10)             ; 0 (0)                     ; 0           ; 0            ; 0       ; 0         ; 0    ; 0            ; |SMU_RV32I_System|rv32i_cpu:icpu|datapath:i_datapath|alu:alu|CLA_32Bit_Adder:adder32|CLA_16Bits:BITS31_16|CLA_4Bits:BITS1512                 ; CLA_4Bits                     ; work         ;
;                   |CLA_4Bits:BITS30|         ; 15 (15)             ; 0 (0)                     ; 0           ; 0            ; 0       ; 0         ; 0    ; 0            ; |SMU_RV32I_System|rv32i_cpu:icpu|datapath:i_datapath|alu:alu|CLA_32Bit_Adder:adder32|CLA_16Bits:BITS31_16|CLA_4Bits:BITS30                   ; CLA_4Bits                     ; work         ;
;                   |CLA_4Bits:BITS74|         ; 15 (15)             ; 0 (0)                     ; 0           ; 0            ; 0       ; 0         ; 0    ; 0            ; |SMU_RV32I_System|rv32i_cpu:icpu|datapath:i_datapath|alu:alu|CLA_32Bit_Adder:adder32|CLA_16Bits:BITS31_16|CLA_4Bits:BITS74                   ; CLA_4Bits                     ; work         ;
;                   |CLA_Gen_4Bits:GEN150|     ; 6 (6)               ; 0 (0)                     ; 0           ; 0            ; 0       ; 0         ; 0    ; 0            ; |SMU_RV32I_System|rv32i_cpu:icpu|datapath:i_datapath|alu:alu|CLA_32Bit_Adder:adder32|CLA_16Bits:BITS31_16|CLA_Gen_4Bits:GEN150               ; CLA_Gen_4Bits                 ; work         ;
;                |CLA_Gen_2Bits:GEN31_0|       ; 6 (6)               ; 0 (0)                     ; 0           ; 0            ; 0       ; 0         ; 0    ; 0            ; |SMU_RV32I_System|rv32i_cpu:icpu|datapath:i_datapath|alu:alu|CLA_32Bit_Adder:adder32|CLA_Gen_2Bits:GEN31_0                                   ; CLA_Gen_2Bits                 ; work         ;
;          |extend:ext|                        ; 3 (3)               ; 0 (0)                     ; 0           ; 0            ; 0       ; 0         ; 0    ; 0            ; |SMU_RV32I_System|rv32i_cpu:icpu|datapath:i_datapath|extend:ext                                                                              ; extend                        ; work         ;
;          |mux2:instrdmux|                    ; 20 (20)             ; 0 (0)                     ; 0           ; 0            ; 0       ; 0         ; 0    ; 0            ; |SMU_RV32I_System|rv32i_cpu:icpu|datapath:i_datapath|mux2:instrdmux                                                                          ; mux2                          ; work         ;
;          |mux2:srcbmux|                      ; 33 (33)             ; 0 (0)                     ; 0           ; 0            ; 0       ; 0         ; 0    ; 0            ; |SMU_RV32I_System|rv32i_cpu:icpu|datapath:i_datapath|mux2:srcbmux                                                                            ; mux2                          ; work         ;
;          |mux3:pcmux|                        ; 4 (4)               ; 0 (0)                     ; 0           ; 0            ; 0       ; 0         ; 0    ; 0            ; |SMU_RV32I_System|rv32i_cpu:icpu|datapath:i_datapath|mux3:pcmux                                                                              ; mux3                          ; work         ;
;          |mux3:resultmux|                    ; 130 (130)           ; 0 (0)                     ; 0           ; 0            ; 0       ; 0         ; 0    ; 0            ; |SMU_RV32I_System|rv32i_cpu:icpu|datapath:i_datapath|mux3:resultmux                                                                          ; mux3                          ; work         ;
;          |mux3:srcamux|                      ; 107 (107)           ; 0 (0)                     ; 0           ; 0            ; 0       ; 0         ; 0    ; 0            ; |SMU_RV32I_System|rv32i_cpu:icpu|datapath:i_datapath|mux3:srcamux                                                                            ; mux3                          ; work         ;
;          |mux3:srcbEmux|                     ; 88 (88)             ; 0 (0)                     ; 0           ; 0            ; 0       ; 0         ; 0    ; 0            ; |SMU_RV32I_System|rv32i_cpu:icpu|datapath:i_datapath|mux3:srcbEmux                                                                           ; mux3                          ; work         ;
;          |pc_flopr:pcreg|                    ; 61 (61)             ; 108 (108)                 ; 0           ; 0            ; 0       ; 0         ; 0    ; 0            ; |SMU_RV32I_System|rv32i_cpu:icpu|datapath:i_datapath|pc_flopr:pcreg                                                                          ; pc_flopr                      ; work         ;
;          |reg_file_async:rf|                 ; 39 (39)             ; 992 (992)                 ; 0           ; 0            ; 0       ; 0         ; 0    ; 0            ; |SMU_RV32I_System|rv32i_cpu:icpu|datapath:i_datapath|reg_file_async:rf                                                                       ; reg_file_async                ; work         ;
;    |uart_wrap:iuart_wrap|                    ; 85 (12)             ; 54 (0)                    ; 0           ; 0            ; 0       ; 0         ; 0    ; 0            ; |SMU_RV32I_System|uart_wrap:iuart_wrap                                                                                                       ; uart_wrap                     ; work         ;
;       |uart:u_uart|                          ; 73 (1)              ; 54 (2)                    ; 0           ; 0            ; 0       ; 0         ; 0    ; 0            ; |SMU_RV32I_System|uart_wrap:iuart_wrap|uart:u_uart                                                                                           ; uart                          ; work         ;
;          |uart_receiver:uareceive|           ; 33 (33)             ; 26 (26)                   ; 0           ; 0            ; 0       ; 0         ; 0    ; 0            ; |SMU_RV32I_System|uart_wrap:iuart_wrap|uart:u_uart|uart_receiver:uareceive                                                                   ; uart_receiver                 ; work         ;
;          |uart_transmitter:uatransmit|       ; 39 (39)             ; 26 (26)                   ; 0           ; 0            ; 0       ; 0         ; 0    ; 0            ; |SMU_RV32I_System|uart_wrap:iuart_wrap|uart:u_uart|uart_transmitter:uatransmit                                                               ; uart_transmitter              ; work         ;
+----------------------------------------------+---------------------+---------------------------+-------------+--------------+---------+-----------+------+--------------+----------------------------------------------------------------------------------------------------------------------------------------------+-------------------------------+--------------+
Note: For table entries with two numbers listed, the numbers in parentheses indicate the number of resources of the given type used by the specific entity alone. The numbers listed outside of parentheses indicate the total resources of the given type used by the specific entity and all of its sub-entities in the hierarchy.


+----------------------------------------------------------------------------------------------------------------------------------------------------------------------------------------------------------------------------------------------------------------------------------------------------------------+
; Analysis & Synthesis RAM Summary                                                                                                                                                                                                                                                                               ;
+---------------------------------------------------------------------------------------------------------------------------------------+------+------------------+--------------+--------------+--------------+--------------+--------+-------------------------------------------------------------------------+
; Name                                                                                                                                  ; Type ; Mode             ; Port A Depth ; Port A Width ; Port B Depth ; Port B Width ; Size   ; MIF                                                                     ;
+---------------------------------------------------------------------------------------------------------------------------------------+------+------------------+--------------+--------------+--------------+--------------+--------+-------------------------------------------------------------------------+
; dualport_mem_synch_rw_dualclk:imem|altsyncram:mem_rtl_0|altsyncram_vod2:auto_generated|ALTSYNCRAM                                     ; AUTO ; True Dual Port   ; 4096         ; 32           ; 4096         ; 32           ; 131072 ; db/SMU_RV32I_System.ram0_dualport_mem_synch_rw_dualclk_b1989a5d.hdl.mif ;
; rv32i_cpu:icpu|datapath:i_datapath|altshift_taps:PCPlus4_E_rtl_0|shift_taps_bkm:auto_generated|altsyncram_r861:altsyncram4|ALTSYNCRAM ; AUTO ; Simple Dual Port ; 3            ; 31           ; 3            ; 31           ; 93     ; None                                                                    ;
+---------------------------------------------------------------------------------------------------------------------------------------+------+------------------+--------------+--------------+--------------+--------------+--------+-------------------------------------------------------------------------+


Encoding Type:  One-Hot
+-----------------------------------------------------------------------------------------------------------------------------------------------------------------------------------------------------------------------------------+
; State Machine - |SMU_RV32I_System|GPIO:iGPIO|pulse_gen:sw9|c_state                                                                                                                                                                ;
+-------------+-------------+-------------+-------------+-------------+-------------+-------------+------------+------------+------------+------------+------------+------------+------------+------------+------------+------------+
; Name        ; c_state.S15 ; c_state.S14 ; c_state.S13 ; c_state.S12 ; c_state.S11 ; c_state.S10 ; c_state.S9 ; c_state.S8 ; c_state.S7 ; c_state.S6 ; c_state.S5 ; c_state.S4 ; c_state.S3 ; c_state.S2 ; c_state.S1 ; c_state.S0 ;
+-------------+-------------+-------------+-------------+-------------+-------------+-------------+------------+------------+------------+------------+------------+------------+------------+------------+------------+------------+
; c_state.S0  ; 0           ; 0           ; 0           ; 0           ; 0           ; 0           ; 0          ; 0          ; 0          ; 0          ; 0          ; 0          ; 0          ; 0          ; 0          ; 0          ;
; c_state.S1  ; 0           ; 0           ; 0           ; 0           ; 0           ; 0           ; 0          ; 0          ; 0          ; 0          ; 0          ; 0          ; 0          ; 0          ; 1          ; 1          ;
; c_state.S2  ; 0           ; 0           ; 0           ; 0           ; 0           ; 0           ; 0          ; 0          ; 0          ; 0          ; 0          ; 0          ; 0          ; 1          ; 0          ; 1          ;
; c_state.S3  ; 0           ; 0           ; 0           ; 0           ; 0           ; 0           ; 0          ; 0          ; 0          ; 0          ; 0          ; 0          ; 1          ; 0          ; 0          ; 1          ;
; c_state.S4  ; 0           ; 0           ; 0           ; 0           ; 0           ; 0           ; 0          ; 0          ; 0          ; 0          ; 0          ; 1          ; 0          ; 0          ; 0          ; 1          ;
; c_state.S5  ; 0           ; 0           ; 0           ; 0           ; 0           ; 0           ; 0          ; 0          ; 0          ; 0          ; 1          ; 0          ; 0          ; 0          ; 0          ; 1          ;
; c_state.S6  ; 0           ; 0           ; 0           ; 0           ; 0           ; 0           ; 0          ; 0          ; 0          ; 1          ; 0          ; 0          ; 0          ; 0          ; 0          ; 1          ;
; c_state.S7  ; 0           ; 0           ; 0           ; 0           ; 0           ; 0           ; 0          ; 0          ; 1          ; 0          ; 0          ; 0          ; 0          ; 0          ; 0          ; 1          ;
; c_state.S8  ; 0           ; 0           ; 0           ; 0           ; 0           ; 0           ; 0          ; 1          ; 0          ; 0          ; 0          ; 0          ; 0          ; 0          ; 0          ; 1          ;
; c_state.S9  ; 0           ; 0           ; 0           ; 0           ; 0           ; 0           ; 1          ; 0          ; 0          ; 0          ; 0          ; 0          ; 0          ; 0          ; 0          ; 1          ;
; c_state.S10 ; 0           ; 0           ; 0           ; 0           ; 0           ; 1           ; 0          ; 0          ; 0          ; 0          ; 0          ; 0          ; 0          ; 0          ; 0          ; 1          ;
; c_state.S11 ; 0           ; 0           ; 0           ; 0           ; 1           ; 0           ; 0          ; 0          ; 0          ; 0          ; 0          ; 0          ; 0          ; 0          ; 0          ; 1          ;
; c_state.S12 ; 0           ; 0           ; 0           ; 1           ; 0           ; 0           ; 0          ; 0          ; 0          ; 0          ; 0          ; 0          ; 0          ; 0          ; 0          ; 1          ;
; c_state.S13 ; 0           ; 0           ; 1           ; 0           ; 0           ; 0           ; 0          ; 0          ; 0          ; 0          ; 0          ; 0          ; 0          ; 0          ; 0          ; 1          ;
; c_state.S14 ; 0           ; 1           ; 0           ; 0           ; 0           ; 0           ; 0          ; 0          ; 0          ; 0          ; 0          ; 0          ; 0          ; 0          ; 0          ; 1          ;
; c_state.S15 ; 1           ; 0           ; 0           ; 0           ; 0           ; 0           ; 0          ; 0          ; 0          ; 0          ; 0          ; 0          ; 0          ; 0          ; 0          ; 1          ;
+-------------+-------------+-------------+-------------+-------------+-------------+-------------+------------+------------+------------+------------+------------+------------+------------+------------+------------+------------+


Encoding Type:  One-Hot
+-----------------------------------------------------------------------------------------------------------------------------------------------------------------------------------------------------------------------------------+
; State Machine - |SMU_RV32I_System|GPIO:iGPIO|pulse_gen:sw8|c_state                                                                                                                                                                ;
+-------------+-------------+-------------+-------------+-------------+-------------+-------------+------------+------------+------------+------------+------------+------------+------------+------------+------------+------------+
; Name        ; c_state.S15 ; c_state.S14 ; c_state.S13 ; c_state.S12 ; c_state.S11 ; c_state.S10 ; c_state.S9 ; c_state.S8 ; c_state.S7 ; c_state.S6 ; c_state.S5 ; c_state.S4 ; c_state.S3 ; c_state.S2 ; c_state.S1 ; c_state.S0 ;
+-------------+-------------+-------------+-------------+-------------+-------------+-------------+------------+------------+------------+------------+------------+------------+------------+------------+------------+------------+
; c_state.S0  ; 0           ; 0           ; 0           ; 0           ; 0           ; 0           ; 0          ; 0          ; 0          ; 0          ; 0          ; 0          ; 0          ; 0          ; 0          ; 0          ;
; c_state.S1  ; 0           ; 0           ; 0           ; 0           ; 0           ; 0           ; 0          ; 0          ; 0          ; 0          ; 0          ; 0          ; 0          ; 0          ; 1          ; 1          ;
; c_state.S2  ; 0           ; 0           ; 0           ; 0           ; 0           ; 0           ; 0          ; 0          ; 0          ; 0          ; 0          ; 0          ; 0          ; 1          ; 0          ; 1          ;
; c_state.S3  ; 0           ; 0           ; 0           ; 0           ; 0           ; 0           ; 0          ; 0          ; 0          ; 0          ; 0          ; 0          ; 1          ; 0          ; 0          ; 1          ;
; c_state.S4  ; 0           ; 0           ; 0           ; 0           ; 0           ; 0           ; 0          ; 0          ; 0          ; 0          ; 0          ; 1          ; 0          ; 0          ; 0          ; 1          ;
; c_state.S5  ; 0           ; 0           ; 0           ; 0           ; 0           ; 0           ; 0          ; 0          ; 0          ; 0          ; 1          ; 0          ; 0          ; 0          ; 0          ; 1          ;
; c_state.S6  ; 0           ; 0           ; 0           ; 0           ; 0           ; 0           ; 0          ; 0          ; 0          ; 1          ; 0          ; 0          ; 0          ; 0          ; 0          ; 1          ;
; c_state.S7  ; 0           ; 0           ; 0           ; 0           ; 0           ; 0           ; 0          ; 0          ; 1          ; 0          ; 0          ; 0          ; 0          ; 0          ; 0          ; 1          ;
; c_state.S8  ; 0           ; 0           ; 0           ; 0           ; 0           ; 0           ; 0          ; 1          ; 0          ; 0          ; 0          ; 0          ; 0          ; 0          ; 0          ; 1          ;
; c_state.S9  ; 0           ; 0           ; 0           ; 0           ; 0           ; 0           ; 1          ; 0          ; 0          ; 0          ; 0          ; 0          ; 0          ; 0          ; 0          ; 1          ;
; c_state.S10 ; 0           ; 0           ; 0           ; 0           ; 0           ; 1           ; 0          ; 0          ; 0          ; 0          ; 0          ; 0          ; 0          ; 0          ; 0          ; 1          ;
; c_state.S11 ; 0           ; 0           ; 0           ; 0           ; 1           ; 0           ; 0          ; 0          ; 0          ; 0          ; 0          ; 0          ; 0          ; 0          ; 0          ; 1          ;
; c_state.S12 ; 0           ; 0           ; 0           ; 1           ; 0           ; 0           ; 0          ; 0          ; 0          ; 0          ; 0          ; 0          ; 0          ; 0          ; 0          ; 1          ;
; c_state.S13 ; 0           ; 0           ; 1           ; 0           ; 0           ; 0           ; 0          ; 0          ; 0          ; 0          ; 0          ; 0          ; 0          ; 0          ; 0          ; 1          ;
; c_state.S14 ; 0           ; 1           ; 0           ; 0           ; 0           ; 0           ; 0          ; 0          ; 0          ; 0          ; 0          ; 0          ; 0          ; 0          ; 0          ; 1          ;
; c_state.S15 ; 1           ; 0           ; 0           ; 0           ; 0           ; 0           ; 0          ; 0          ; 0          ; 0          ; 0          ; 0          ; 0          ; 0          ; 0          ; 1          ;
+-------------+-------------+-------------+-------------+-------------+-------------+-------------+------------+------------+------------+------------+------------+------------+------------+------------+------------+------------+


Encoding Type:  One-Hot
+-----------------------------------------------------------------------------------------------------------------------------------------------------------------------------------------------------------------------------------+
; State Machine - |SMU_RV32I_System|GPIO:iGPIO|pulse_gen:sw7|c_state                                                                                                                                                                ;
+-------------+-------------+-------------+-------------+-------------+-------------+-------------+------------+------------+------------+------------+------------+------------+------------+------------+------------+------------+
; Name        ; c_state.S15 ; c_state.S14 ; c_state.S13 ; c_state.S12 ; c_state.S11 ; c_state.S10 ; c_state.S9 ; c_state.S8 ; c_state.S7 ; c_state.S6 ; c_state.S5 ; c_state.S4 ; c_state.S3 ; c_state.S2 ; c_state.S1 ; c_state.S0 ;
+-------------+-------------+-------------+-------------+-------------+-------------+-------------+------------+------------+------------+------------+------------+------------+------------+------------+------------+------------+
; c_state.S0  ; 0           ; 0           ; 0           ; 0           ; 0           ; 0           ; 0          ; 0          ; 0          ; 0          ; 0          ; 0          ; 0          ; 0          ; 0          ; 0          ;
; c_state.S1  ; 0           ; 0           ; 0           ; 0           ; 0           ; 0           ; 0          ; 0          ; 0          ; 0          ; 0          ; 0          ; 0          ; 0          ; 1          ; 1          ;
; c_state.S2  ; 0           ; 0           ; 0           ; 0           ; 0           ; 0           ; 0          ; 0          ; 0          ; 0          ; 0          ; 0          ; 0          ; 1          ; 0          ; 1          ;
; c_state.S3  ; 0           ; 0           ; 0           ; 0           ; 0           ; 0           ; 0          ; 0          ; 0          ; 0          ; 0          ; 0          ; 1          ; 0          ; 0          ; 1          ;
; c_state.S4  ; 0           ; 0           ; 0           ; 0           ; 0           ; 0           ; 0          ; 0          ; 0          ; 0          ; 0          ; 1          ; 0          ; 0          ; 0          ; 1          ;
; c_state.S5  ; 0           ; 0           ; 0           ; 0           ; 0           ; 0           ; 0          ; 0          ; 0          ; 0          ; 1          ; 0          ; 0          ; 0          ; 0          ; 1          ;
; c_state.S6  ; 0           ; 0           ; 0           ; 0           ; 0           ; 0           ; 0          ; 0          ; 0          ; 1          ; 0          ; 0          ; 0          ; 0          ; 0          ; 1          ;
; c_state.S7  ; 0           ; 0           ; 0           ; 0           ; 0           ; 0           ; 0          ; 0          ; 1          ; 0          ; 0          ; 0          ; 0          ; 0          ; 0          ; 1          ;
; c_state.S8  ; 0           ; 0           ; 0           ; 0           ; 0           ; 0           ; 0          ; 1          ; 0          ; 0          ; 0          ; 0          ; 0          ; 0          ; 0          ; 1          ;
; c_state.S9  ; 0           ; 0           ; 0           ; 0           ; 0           ; 0           ; 1          ; 0          ; 0          ; 0          ; 0          ; 0          ; 0          ; 0          ; 0          ; 1          ;
; c_state.S10 ; 0           ; 0           ; 0           ; 0           ; 0           ; 1           ; 0          ; 0          ; 0          ; 0          ; 0          ; 0          ; 0          ; 0          ; 0          ; 1          ;
; c_state.S11 ; 0           ; 0           ; 0           ; 0           ; 1           ; 0           ; 0          ; 0          ; 0          ; 0          ; 0          ; 0          ; 0          ; 0          ; 0          ; 1          ;
; c_state.S12 ; 0           ; 0           ; 0           ; 1           ; 0           ; 0           ; 0          ; 0          ; 0          ; 0          ; 0          ; 0          ; 0          ; 0          ; 0          ; 1          ;
; c_state.S13 ; 0           ; 0           ; 1           ; 0           ; 0           ; 0           ; 0          ; 0          ; 0          ; 0          ; 0          ; 0          ; 0          ; 0          ; 0          ; 1          ;
; c_state.S14 ; 0           ; 1           ; 0           ; 0           ; 0           ; 0           ; 0          ; 0          ; 0          ; 0          ; 0          ; 0          ; 0          ; 0          ; 0          ; 1          ;
; c_state.S15 ; 1           ; 0           ; 0           ; 0           ; 0           ; 0           ; 0          ; 0          ; 0          ; 0          ; 0          ; 0          ; 0          ; 0          ; 0          ; 1          ;
+-------------+-------------+-------------+-------------+-------------+-------------+-------------+------------+------------+------------+------------+------------+------------+------------+------------+------------+------------+


Encoding Type:  One-Hot
+-----------------------------------------------------------------------------------------------------------------------------------------------------------------------------------------------------------------------------------+
; State Machine - |SMU_RV32I_System|GPIO:iGPIO|pulse_gen:sw6|c_state                                                                                                                                                                ;
+-------------+-------------+-------------+-------------+-------------+-------------+-------------+------------+------------+------------+------------+------------+------------+------------+------------+------------+------------+
; Name        ; c_state.S15 ; c_state.S14 ; c_state.S13 ; c_state.S12 ; c_state.S11 ; c_state.S10 ; c_state.S9 ; c_state.S8 ; c_state.S7 ; c_state.S6 ; c_state.S5 ; c_state.S4 ; c_state.S3 ; c_state.S2 ; c_state.S1 ; c_state.S0 ;
+-------------+-------------+-------------+-------------+-------------+-------------+-------------+------------+------------+------------+------------+------------+------------+------------+------------+------------+------------+
; c_state.S0  ; 0           ; 0           ; 0           ; 0           ; 0           ; 0           ; 0          ; 0          ; 0          ; 0          ; 0          ; 0          ; 0          ; 0          ; 0          ; 0          ;
; c_state.S1  ; 0           ; 0           ; 0           ; 0           ; 0           ; 0           ; 0          ; 0          ; 0          ; 0          ; 0          ; 0          ; 0          ; 0          ; 1          ; 1          ;
; c_state.S2  ; 0           ; 0           ; 0           ; 0           ; 0           ; 0           ; 0          ; 0          ; 0          ; 0          ; 0          ; 0          ; 0          ; 1          ; 0          ; 1          ;
; c_state.S3  ; 0           ; 0           ; 0           ; 0           ; 0           ; 0           ; 0          ; 0          ; 0          ; 0          ; 0          ; 0          ; 1          ; 0          ; 0          ; 1          ;
; c_state.S4  ; 0           ; 0           ; 0           ; 0           ; 0           ; 0           ; 0          ; 0          ; 0          ; 0          ; 0          ; 1          ; 0          ; 0          ; 0          ; 1          ;
; c_state.S5  ; 0           ; 0           ; 0           ; 0           ; 0           ; 0           ; 0          ; 0          ; 0          ; 0          ; 1          ; 0          ; 0          ; 0          ; 0          ; 1          ;
; c_state.S6  ; 0           ; 0           ; 0           ; 0           ; 0           ; 0           ; 0          ; 0          ; 0          ; 1          ; 0          ; 0          ; 0          ; 0          ; 0          ; 1          ;
; c_state.S7  ; 0           ; 0           ; 0           ; 0           ; 0           ; 0           ; 0          ; 0          ; 1          ; 0          ; 0          ; 0          ; 0          ; 0          ; 0          ; 1          ;
; c_state.S8  ; 0           ; 0           ; 0           ; 0           ; 0           ; 0           ; 0          ; 1          ; 0          ; 0          ; 0          ; 0          ; 0          ; 0          ; 0          ; 1          ;
; c_state.S9  ; 0           ; 0           ; 0           ; 0           ; 0           ; 0           ; 1          ; 0          ; 0          ; 0          ; 0          ; 0          ; 0          ; 0          ; 0          ; 1          ;
; c_state.S10 ; 0           ; 0           ; 0           ; 0           ; 0           ; 1           ; 0          ; 0          ; 0          ; 0          ; 0          ; 0          ; 0          ; 0          ; 0          ; 1          ;
; c_state.S11 ; 0           ; 0           ; 0           ; 0           ; 1           ; 0           ; 0          ; 0          ; 0          ; 0          ; 0          ; 0          ; 0          ; 0          ; 0          ; 1          ;
; c_state.S12 ; 0           ; 0           ; 0           ; 1           ; 0           ; 0           ; 0          ; 0          ; 0          ; 0          ; 0          ; 0          ; 0          ; 0          ; 0          ; 1          ;
; c_state.S13 ; 0           ; 0           ; 1           ; 0           ; 0           ; 0           ; 0          ; 0          ; 0          ; 0          ; 0          ; 0          ; 0          ; 0          ; 0          ; 1          ;
; c_state.S14 ; 0           ; 1           ; 0           ; 0           ; 0           ; 0           ; 0          ; 0          ; 0          ; 0          ; 0          ; 0          ; 0          ; 0          ; 0          ; 1          ;
; c_state.S15 ; 1           ; 0           ; 0           ; 0           ; 0           ; 0           ; 0          ; 0          ; 0          ; 0          ; 0          ; 0          ; 0          ; 0          ; 0          ; 1          ;
+-------------+-------------+-------------+-------------+-------------+-------------+-------------+------------+------------+------------+------------+------------+------------+------------+------------+------------+------------+


Encoding Type:  One-Hot
+-----------------------------------------------------------------------------------------------------------------------------------------------------------------------------------------------------------------------------------+
; State Machine - |SMU_RV32I_System|GPIO:iGPIO|pulse_gen:sw5|c_state                                                                                                                                                                ;
+-------------+-------------+-------------+-------------+-------------+-------------+-------------+------------+------------+------------+------------+------------+------------+------------+------------+------------+------------+
; Name        ; c_state.S15 ; c_state.S14 ; c_state.S13 ; c_state.S12 ; c_state.S11 ; c_state.S10 ; c_state.S9 ; c_state.S8 ; c_state.S7 ; c_state.S6 ; c_state.S5 ; c_state.S4 ; c_state.S3 ; c_state.S2 ; c_state.S1 ; c_state.S0 ;
+-------------+-------------+-------------+-------------+-------------+-------------+-------------+------------+------------+------------+------------+------------+------------+------------+------------+------------+------------+
; c_state.S0  ; 0           ; 0           ; 0           ; 0           ; 0           ; 0           ; 0          ; 0          ; 0          ; 0          ; 0          ; 0          ; 0          ; 0          ; 0          ; 0          ;
; c_state.S1  ; 0           ; 0           ; 0           ; 0           ; 0           ; 0           ; 0          ; 0          ; 0          ; 0          ; 0          ; 0          ; 0          ; 0          ; 1          ; 1          ;
; c_state.S2  ; 0           ; 0           ; 0           ; 0           ; 0           ; 0           ; 0          ; 0          ; 0          ; 0          ; 0          ; 0          ; 0          ; 1          ; 0          ; 1          ;
; c_state.S3  ; 0           ; 0           ; 0           ; 0           ; 0           ; 0           ; 0          ; 0          ; 0          ; 0          ; 0          ; 0          ; 1          ; 0          ; 0          ; 1          ;
; c_state.S4  ; 0           ; 0           ; 0           ; 0           ; 0           ; 0           ; 0          ; 0          ; 0          ; 0          ; 0          ; 1          ; 0          ; 0          ; 0          ; 1          ;
; c_state.S5  ; 0           ; 0           ; 0           ; 0           ; 0           ; 0           ; 0          ; 0          ; 0          ; 0          ; 1          ; 0          ; 0          ; 0          ; 0          ; 1          ;
; c_state.S6  ; 0           ; 0           ; 0           ; 0           ; 0           ; 0           ; 0          ; 0          ; 0          ; 1          ; 0          ; 0          ; 0          ; 0          ; 0          ; 1          ;
; c_state.S7  ; 0           ; 0           ; 0           ; 0           ; 0           ; 0           ; 0          ; 0          ; 1          ; 0          ; 0          ; 0          ; 0          ; 0          ; 0          ; 1          ;
; c_state.S8  ; 0           ; 0           ; 0           ; 0           ; 0           ; 0           ; 0          ; 1          ; 0          ; 0          ; 0          ; 0          ; 0          ; 0          ; 0          ; 1          ;
; c_state.S9  ; 0           ; 0           ; 0           ; 0           ; 0           ; 0           ; 1          ; 0          ; 0          ; 0          ; 0          ; 0          ; 0          ; 0          ; 0          ; 1          ;
; c_state.S10 ; 0           ; 0           ; 0           ; 0           ; 0           ; 1           ; 0          ; 0          ; 0          ; 0          ; 0          ; 0          ; 0          ; 0          ; 0          ; 1          ;
; c_state.S11 ; 0           ; 0           ; 0           ; 0           ; 1           ; 0           ; 0          ; 0          ; 0          ; 0          ; 0          ; 0          ; 0          ; 0          ; 0          ; 1          ;
; c_state.S12 ; 0           ; 0           ; 0           ; 1           ; 0           ; 0           ; 0          ; 0          ; 0          ; 0          ; 0          ; 0          ; 0          ; 0          ; 0          ; 1          ;
; c_state.S13 ; 0           ; 0           ; 1           ; 0           ; 0           ; 0           ; 0          ; 0          ; 0          ; 0          ; 0          ; 0          ; 0          ; 0          ; 0          ; 1          ;
; c_state.S14 ; 0           ; 1           ; 0           ; 0           ; 0           ; 0           ; 0          ; 0          ; 0          ; 0          ; 0          ; 0          ; 0          ; 0          ; 0          ; 1          ;
; c_state.S15 ; 1           ; 0           ; 0           ; 0           ; 0           ; 0           ; 0          ; 0          ; 0          ; 0          ; 0          ; 0          ; 0          ; 0          ; 0          ; 1          ;
+-------------+-------------+-------------+-------------+-------------+-------------+-------------+------------+------------+------------+------------+------------+------------+------------+------------+------------+------------+


Encoding Type:  One-Hot
+-----------------------------------------------------------------------------------------------------------------------------------------------------------------------------------------------------------------------------------+
; State Machine - |SMU_RV32I_System|GPIO:iGPIO|pulse_gen:sw4|c_state                                                                                                                                                                ;
+-------------+-------------+-------------+-------------+-------------+-------------+-------------+------------+------------+------------+------------+------------+------------+------------+------------+------------+------------+
; Name        ; c_state.S15 ; c_state.S14 ; c_state.S13 ; c_state.S12 ; c_state.S11 ; c_state.S10 ; c_state.S9 ; c_state.S8 ; c_state.S7 ; c_state.S6 ; c_state.S5 ; c_state.S4 ; c_state.S3 ; c_state.S2 ; c_state.S1 ; c_state.S0 ;
+-------------+-------------+-------------+-------------+-------------+-------------+-------------+------------+------------+------------+------------+------------+------------+------------+------------+------------+------------+
; c_state.S0  ; 0           ; 0           ; 0           ; 0           ; 0           ; 0           ; 0          ; 0          ; 0          ; 0          ; 0          ; 0          ; 0          ; 0          ; 0          ; 0          ;
; c_state.S1  ; 0           ; 0           ; 0           ; 0           ; 0           ; 0           ; 0          ; 0          ; 0          ; 0          ; 0          ; 0          ; 0          ; 0          ; 1          ; 1          ;
; c_state.S2  ; 0           ; 0           ; 0           ; 0           ; 0           ; 0           ; 0          ; 0          ; 0          ; 0          ; 0          ; 0          ; 0          ; 1          ; 0          ; 1          ;
; c_state.S3  ; 0           ; 0           ; 0           ; 0           ; 0           ; 0           ; 0          ; 0          ; 0          ; 0          ; 0          ; 0          ; 1          ; 0          ; 0          ; 1          ;
; c_state.S4  ; 0           ; 0           ; 0           ; 0           ; 0           ; 0           ; 0          ; 0          ; 0          ; 0          ; 0          ; 1          ; 0          ; 0          ; 0          ; 1          ;
; c_state.S5  ; 0           ; 0           ; 0           ; 0           ; 0           ; 0           ; 0          ; 0          ; 0          ; 0          ; 1          ; 0          ; 0          ; 0          ; 0          ; 1          ;
; c_state.S6  ; 0           ; 0           ; 0           ; 0           ; 0           ; 0           ; 0          ; 0          ; 0          ; 1          ; 0          ; 0          ; 0          ; 0          ; 0          ; 1          ;
; c_state.S7  ; 0           ; 0           ; 0           ; 0           ; 0           ; 0           ; 0          ; 0          ; 1          ; 0          ; 0          ; 0          ; 0          ; 0          ; 0          ; 1          ;
; c_state.S8  ; 0           ; 0           ; 0           ; 0           ; 0           ; 0           ; 0          ; 1          ; 0          ; 0          ; 0          ; 0          ; 0          ; 0          ; 0          ; 1          ;
; c_state.S9  ; 0           ; 0           ; 0           ; 0           ; 0           ; 0           ; 1          ; 0          ; 0          ; 0          ; 0          ; 0          ; 0          ; 0          ; 0          ; 1          ;
; c_state.S10 ; 0           ; 0           ; 0           ; 0           ; 0           ; 1           ; 0          ; 0          ; 0          ; 0          ; 0          ; 0          ; 0          ; 0          ; 0          ; 1          ;
; c_state.S11 ; 0           ; 0           ; 0           ; 0           ; 1           ; 0           ; 0          ; 0          ; 0          ; 0          ; 0          ; 0          ; 0          ; 0          ; 0          ; 1          ;
; c_state.S12 ; 0           ; 0           ; 0           ; 1           ; 0           ; 0           ; 0          ; 0          ; 0          ; 0          ; 0          ; 0          ; 0          ; 0          ; 0          ; 1          ;
; c_state.S13 ; 0           ; 0           ; 1           ; 0           ; 0           ; 0           ; 0          ; 0          ; 0          ; 0          ; 0          ; 0          ; 0          ; 0          ; 0          ; 1          ;
; c_state.S14 ; 0           ; 1           ; 0           ; 0           ; 0           ; 0           ; 0          ; 0          ; 0          ; 0          ; 0          ; 0          ; 0          ; 0          ; 0          ; 1          ;
; c_state.S15 ; 1           ; 0           ; 0           ; 0           ; 0           ; 0           ; 0          ; 0          ; 0          ; 0          ; 0          ; 0          ; 0          ; 0          ; 0          ; 1          ;
+-------------+-------------+-------------+-------------+-------------+-------------+-------------+------------+------------+------------+------------+------------+------------+------------+------------+------------+------------+


Encoding Type:  One-Hot
+-----------------------------------------------------------------------------------------------------------------------------------------------------------------------------------------------------------------------------------+
; State Machine - |SMU_RV32I_System|GPIO:iGPIO|pulse_gen:sw3|c_state                                                                                                                                                                ;
+-------------+-------------+-------------+-------------+-------------+-------------+-------------+------------+------------+------------+------------+------------+------------+------------+------------+------------+------------+
; Name        ; c_state.S15 ; c_state.S14 ; c_state.S13 ; c_state.S12 ; c_state.S11 ; c_state.S10 ; c_state.S9 ; c_state.S8 ; c_state.S7 ; c_state.S6 ; c_state.S5 ; c_state.S4 ; c_state.S3 ; c_state.S2 ; c_state.S1 ; c_state.S0 ;
+-------------+-------------+-------------+-------------+-------------+-------------+-------------+------------+------------+------------+------------+------------+------------+------------+------------+------------+------------+
; c_state.S0  ; 0           ; 0           ; 0           ; 0           ; 0           ; 0           ; 0          ; 0          ; 0          ; 0          ; 0          ; 0          ; 0          ; 0          ; 0          ; 0          ;
; c_state.S1  ; 0           ; 0           ; 0           ; 0           ; 0           ; 0           ; 0          ; 0          ; 0          ; 0          ; 0          ; 0          ; 0          ; 0          ; 1          ; 1          ;
; c_state.S2  ; 0           ; 0           ; 0           ; 0           ; 0           ; 0           ; 0          ; 0          ; 0          ; 0          ; 0          ; 0          ; 0          ; 1          ; 0          ; 1          ;
; c_state.S3  ; 0           ; 0           ; 0           ; 0           ; 0           ; 0           ; 0          ; 0          ; 0          ; 0          ; 0          ; 0          ; 1          ; 0          ; 0          ; 1          ;
; c_state.S4  ; 0           ; 0           ; 0           ; 0           ; 0           ; 0           ; 0          ; 0          ; 0          ; 0          ; 0          ; 1          ; 0          ; 0          ; 0          ; 1          ;
; c_state.S5  ; 0           ; 0           ; 0           ; 0           ; 0           ; 0           ; 0          ; 0          ; 0          ; 0          ; 1          ; 0          ; 0          ; 0          ; 0          ; 1          ;
; c_state.S6  ; 0           ; 0           ; 0           ; 0           ; 0           ; 0           ; 0          ; 0          ; 0          ; 1          ; 0          ; 0          ; 0          ; 0          ; 0          ; 1          ;
; c_state.S7  ; 0           ; 0           ; 0           ; 0           ; 0           ; 0           ; 0          ; 0          ; 1          ; 0          ; 0          ; 0          ; 0          ; 0          ; 0          ; 1          ;
; c_state.S8  ; 0           ; 0           ; 0           ; 0           ; 0           ; 0           ; 0          ; 1          ; 0          ; 0          ; 0          ; 0          ; 0          ; 0          ; 0          ; 1          ;
; c_state.S9  ; 0           ; 0           ; 0           ; 0           ; 0           ; 0           ; 1          ; 0          ; 0          ; 0          ; 0          ; 0          ; 0          ; 0          ; 0          ; 1          ;
; c_state.S10 ; 0           ; 0           ; 0           ; 0           ; 0           ; 1           ; 0          ; 0          ; 0          ; 0          ; 0          ; 0          ; 0          ; 0          ; 0          ; 1          ;
; c_state.S11 ; 0           ; 0           ; 0           ; 0           ; 1           ; 0           ; 0          ; 0          ; 0          ; 0          ; 0          ; 0          ; 0          ; 0          ; 0          ; 1          ;
; c_state.S12 ; 0           ; 0           ; 0           ; 1           ; 0           ; 0           ; 0          ; 0          ; 0          ; 0          ; 0          ; 0          ; 0          ; 0          ; 0          ; 1          ;
; c_state.S13 ; 0           ; 0           ; 1           ; 0           ; 0           ; 0           ; 0          ; 0          ; 0          ; 0          ; 0          ; 0          ; 0          ; 0          ; 0          ; 1          ;
; c_state.S14 ; 0           ; 1           ; 0           ; 0           ; 0           ; 0           ; 0          ; 0          ; 0          ; 0          ; 0          ; 0          ; 0          ; 0          ; 0          ; 1          ;
; c_state.S15 ; 1           ; 0           ; 0           ; 0           ; 0           ; 0           ; 0          ; 0          ; 0          ; 0          ; 0          ; 0          ; 0          ; 0          ; 0          ; 1          ;
+-------------+-------------+-------------+-------------+-------------+-------------+-------------+------------+------------+------------+------------+------------+------------+------------+------------+------------+------------+


Encoding Type:  One-Hot
+-----------------------------------------------------------------------------------------------------------------------------------------------------------------------------------------------------------------------------------+
; State Machine - |SMU_RV32I_System|GPIO:iGPIO|pulse_gen:sw2|c_state                                                                                                                                                                ;
+-------------+-------------+-------------+-------------+-------------+-------------+-------------+------------+------------+------------+------------+------------+------------+------------+------------+------------+------------+
; Name        ; c_state.S15 ; c_state.S14 ; c_state.S13 ; c_state.S12 ; c_state.S11 ; c_state.S10 ; c_state.S9 ; c_state.S8 ; c_state.S7 ; c_state.S6 ; c_state.S5 ; c_state.S4 ; c_state.S3 ; c_state.S2 ; c_state.S1 ; c_state.S0 ;
+-------------+-------------+-------------+-------------+-------------+-------------+-------------+------------+------------+------------+------------+------------+------------+------------+------------+------------+------------+
; c_state.S0  ; 0           ; 0           ; 0           ; 0           ; 0           ; 0           ; 0          ; 0          ; 0          ; 0          ; 0          ; 0          ; 0          ; 0          ; 0          ; 0          ;
; c_state.S1  ; 0           ; 0           ; 0           ; 0           ; 0           ; 0           ; 0          ; 0          ; 0          ; 0          ; 0          ; 0          ; 0          ; 0          ; 1          ; 1          ;
; c_state.S2  ; 0           ; 0           ; 0           ; 0           ; 0           ; 0           ; 0          ; 0          ; 0          ; 0          ; 0          ; 0          ; 0          ; 1          ; 0          ; 1          ;
; c_state.S3  ; 0           ; 0           ; 0           ; 0           ; 0           ; 0           ; 0          ; 0          ; 0          ; 0          ; 0          ; 0          ; 1          ; 0          ; 0          ; 1          ;
; c_state.S4  ; 0           ; 0           ; 0           ; 0           ; 0           ; 0           ; 0          ; 0          ; 0          ; 0          ; 0          ; 1          ; 0          ; 0          ; 0          ; 1          ;
; c_state.S5  ; 0           ; 0           ; 0           ; 0           ; 0           ; 0           ; 0          ; 0          ; 0          ; 0          ; 1          ; 0          ; 0          ; 0          ; 0          ; 1          ;
; c_state.S6  ; 0           ; 0           ; 0           ; 0           ; 0           ; 0           ; 0          ; 0          ; 0          ; 1          ; 0          ; 0          ; 0          ; 0          ; 0          ; 1          ;
; c_state.S7  ; 0           ; 0           ; 0           ; 0           ; 0           ; 0           ; 0          ; 0          ; 1          ; 0          ; 0          ; 0          ; 0          ; 0          ; 0          ; 1          ;
; c_state.S8  ; 0           ; 0           ; 0           ; 0           ; 0           ; 0           ; 0          ; 1          ; 0          ; 0          ; 0          ; 0          ; 0          ; 0          ; 0          ; 1          ;
; c_state.S9  ; 0           ; 0           ; 0           ; 0           ; 0           ; 0           ; 1          ; 0          ; 0          ; 0          ; 0          ; 0          ; 0          ; 0          ; 0          ; 1          ;
; c_state.S10 ; 0           ; 0           ; 0           ; 0           ; 0           ; 1           ; 0          ; 0          ; 0          ; 0          ; 0          ; 0          ; 0          ; 0          ; 0          ; 1          ;
; c_state.S11 ; 0           ; 0           ; 0           ; 0           ; 1           ; 0           ; 0          ; 0          ; 0          ; 0          ; 0          ; 0          ; 0          ; 0          ; 0          ; 1          ;
; c_state.S12 ; 0           ; 0           ; 0           ; 1           ; 0           ; 0           ; 0          ; 0          ; 0          ; 0          ; 0          ; 0          ; 0          ; 0          ; 0          ; 1          ;
; c_state.S13 ; 0           ; 0           ; 1           ; 0           ; 0           ; 0           ; 0          ; 0          ; 0          ; 0          ; 0          ; 0          ; 0          ; 0          ; 0          ; 1          ;
; c_state.S14 ; 0           ; 1           ; 0           ; 0           ; 0           ; 0           ; 0          ; 0          ; 0          ; 0          ; 0          ; 0          ; 0          ; 0          ; 0          ; 1          ;
; c_state.S15 ; 1           ; 0           ; 0           ; 0           ; 0           ; 0           ; 0          ; 0          ; 0          ; 0          ; 0          ; 0          ; 0          ; 0          ; 0          ; 1          ;
+-------------+-------------+-------------+-------------+-------------+-------------+-------------+------------+------------+------------+------------+------------+------------+------------+------------+------------+------------+


Encoding Type:  One-Hot
+-----------------------------------------------------------------------------------------------------------------------------------------------------------------------------------------------------------------------------------+
; State Machine - |SMU_RV32I_System|GPIO:iGPIO|pulse_gen:sw1|c_state                                                                                                                                                                ;
+-------------+-------------+-------------+-------------+-------------+-------------+-------------+------------+------------+------------+------------+------------+------------+------------+------------+------------+------------+
; Name        ; c_state.S15 ; c_state.S14 ; c_state.S13 ; c_state.S12 ; c_state.S11 ; c_state.S10 ; c_state.S9 ; c_state.S8 ; c_state.S7 ; c_state.S6 ; c_state.S5 ; c_state.S4 ; c_state.S3 ; c_state.S2 ; c_state.S1 ; c_state.S0 ;
+-------------+-------------+-------------+-------------+-------------+-------------+-------------+------------+------------+------------+------------+------------+------------+------------+------------+------------+------------+
; c_state.S0  ; 0           ; 0           ; 0           ; 0           ; 0           ; 0           ; 0          ; 0          ; 0          ; 0          ; 0          ; 0          ; 0          ; 0          ; 0          ; 0          ;
; c_state.S1  ; 0           ; 0           ; 0           ; 0           ; 0           ; 0           ; 0          ; 0          ; 0          ; 0          ; 0          ; 0          ; 0          ; 0          ; 1          ; 1          ;
; c_state.S2  ; 0           ; 0           ; 0           ; 0           ; 0           ; 0           ; 0          ; 0          ; 0          ; 0          ; 0          ; 0          ; 0          ; 1          ; 0          ; 1          ;
; c_state.S3  ; 0           ; 0           ; 0           ; 0           ; 0           ; 0           ; 0          ; 0          ; 0          ; 0          ; 0          ; 0          ; 1          ; 0          ; 0          ; 1          ;
; c_state.S4  ; 0           ; 0           ; 0           ; 0           ; 0           ; 0           ; 0          ; 0          ; 0          ; 0          ; 0          ; 1          ; 0          ; 0          ; 0          ; 1          ;
; c_state.S5  ; 0           ; 0           ; 0           ; 0           ; 0           ; 0           ; 0          ; 0          ; 0          ; 0          ; 1          ; 0          ; 0          ; 0          ; 0          ; 1          ;
; c_state.S6  ; 0           ; 0           ; 0           ; 0           ; 0           ; 0           ; 0          ; 0          ; 0          ; 1          ; 0          ; 0          ; 0          ; 0          ; 0          ; 1          ;
; c_state.S7  ; 0           ; 0           ; 0           ; 0           ; 0           ; 0           ; 0          ; 0          ; 1          ; 0          ; 0          ; 0          ; 0          ; 0          ; 0          ; 1          ;
; c_state.S8  ; 0           ; 0           ; 0           ; 0           ; 0           ; 0           ; 0          ; 1          ; 0          ; 0          ; 0          ; 0          ; 0          ; 0          ; 0          ; 1          ;
; c_state.S9  ; 0           ; 0           ; 0           ; 0           ; 0           ; 0           ; 1          ; 0          ; 0          ; 0          ; 0          ; 0          ; 0          ; 0          ; 0          ; 1          ;
; c_state.S10 ; 0           ; 0           ; 0           ; 0           ; 0           ; 1           ; 0          ; 0          ; 0          ; 0          ; 0          ; 0          ; 0          ; 0          ; 0          ; 1          ;
; c_state.S11 ; 0           ; 0           ; 0           ; 0           ; 1           ; 0           ; 0          ; 0          ; 0          ; 0          ; 0          ; 0          ; 0          ; 0          ; 0          ; 1          ;
; c_state.S12 ; 0           ; 0           ; 0           ; 1           ; 0           ; 0           ; 0          ; 0          ; 0          ; 0          ; 0          ; 0          ; 0          ; 0          ; 0          ; 1          ;
; c_state.S13 ; 0           ; 0           ; 1           ; 0           ; 0           ; 0           ; 0          ; 0          ; 0          ; 0          ; 0          ; 0          ; 0          ; 0          ; 0          ; 1          ;
; c_state.S14 ; 0           ; 1           ; 0           ; 0           ; 0           ; 0           ; 0          ; 0          ; 0          ; 0          ; 0          ; 0          ; 0          ; 0          ; 0          ; 1          ;
; c_state.S15 ; 1           ; 0           ; 0           ; 0           ; 0           ; 0           ; 0          ; 0          ; 0          ; 0          ; 0          ; 0          ; 0          ; 0          ; 0          ; 1          ;
+-------------+-------------+-------------+-------------+-------------+-------------+-------------+------------+------------+------------+------------+------------+------------+------------+------------+------------+------------+


Encoding Type:  One-Hot
+-----------------------------------------------------------------------------------------------------------------------------------------------------------------------------------------------------------------------------------+
; State Machine - |SMU_RV32I_System|GPIO:iGPIO|pulse_gen:sw0|c_state                                                                                                                                                                ;
+-------------+-------------+-------------+-------------+-------------+-------------+-------------+------------+------------+------------+------------+------------+------------+------------+------------+------------+------------+
; Name        ; c_state.S15 ; c_state.S14 ; c_state.S13 ; c_state.S12 ; c_state.S11 ; c_state.S10 ; c_state.S9 ; c_state.S8 ; c_state.S7 ; c_state.S6 ; c_state.S5 ; c_state.S4 ; c_state.S3 ; c_state.S2 ; c_state.S1 ; c_state.S0 ;
+-------------+-------------+-------------+-------------+-------------+-------------+-------------+------------+------------+------------+------------+------------+------------+------------+------------+------------+------------+
; c_state.S0  ; 0           ; 0           ; 0           ; 0           ; 0           ; 0           ; 0          ; 0          ; 0          ; 0          ; 0          ; 0          ; 0          ; 0          ; 0          ; 0          ;
; c_state.S1  ; 0           ; 0           ; 0           ; 0           ; 0           ; 0           ; 0          ; 0          ; 0          ; 0          ; 0          ; 0          ; 0          ; 0          ; 1          ; 1          ;
; c_state.S2  ; 0           ; 0           ; 0           ; 0           ; 0           ; 0           ; 0          ; 0          ; 0          ; 0          ; 0          ; 0          ; 0          ; 1          ; 0          ; 1          ;
; c_state.S3  ; 0           ; 0           ; 0           ; 0           ; 0           ; 0           ; 0          ; 0          ; 0          ; 0          ; 0          ; 0          ; 1          ; 0          ; 0          ; 1          ;
; c_state.S4  ; 0           ; 0           ; 0           ; 0           ; 0           ; 0           ; 0          ; 0          ; 0          ; 0          ; 0          ; 1          ; 0          ; 0          ; 0          ; 1          ;
; c_state.S5  ; 0           ; 0           ; 0           ; 0           ; 0           ; 0           ; 0          ; 0          ; 0          ; 0          ; 1          ; 0          ; 0          ; 0          ; 0          ; 1          ;
; c_state.S6  ; 0           ; 0           ; 0           ; 0           ; 0           ; 0           ; 0          ; 0          ; 0          ; 1          ; 0          ; 0          ; 0          ; 0          ; 0          ; 1          ;
; c_state.S7  ; 0           ; 0           ; 0           ; 0           ; 0           ; 0           ; 0          ; 0          ; 1          ; 0          ; 0          ; 0          ; 0          ; 0          ; 0          ; 1          ;
; c_state.S8  ; 0           ; 0           ; 0           ; 0           ; 0           ; 0           ; 0          ; 1          ; 0          ; 0          ; 0          ; 0          ; 0          ; 0          ; 0          ; 1          ;
; c_state.S9  ; 0           ; 0           ; 0           ; 0           ; 0           ; 0           ; 1          ; 0          ; 0          ; 0          ; 0          ; 0          ; 0          ; 0          ; 0          ; 1          ;
; c_state.S10 ; 0           ; 0           ; 0           ; 0           ; 0           ; 1           ; 0          ; 0          ; 0          ; 0          ; 0          ; 0          ; 0          ; 0          ; 0          ; 1          ;
; c_state.S11 ; 0           ; 0           ; 0           ; 0           ; 1           ; 0           ; 0          ; 0          ; 0          ; 0          ; 0          ; 0          ; 0          ; 0          ; 0          ; 1          ;
; c_state.S12 ; 0           ; 0           ; 0           ; 1           ; 0           ; 0           ; 0          ; 0          ; 0          ; 0          ; 0          ; 0          ; 0          ; 0          ; 0          ; 1          ;
; c_state.S13 ; 0           ; 0           ; 1           ; 0           ; 0           ; 0           ; 0          ; 0          ; 0          ; 0          ; 0          ; 0          ; 0          ; 0          ; 0          ; 1          ;
; c_state.S14 ; 0           ; 1           ; 0           ; 0           ; 0           ; 0           ; 0          ; 0          ; 0          ; 0          ; 0          ; 0          ; 0          ; 0          ; 0          ; 1          ;
; c_state.S15 ; 1           ; 0           ; 0           ; 0           ; 0           ; 0           ; 0          ; 0          ; 0          ; 0          ; 0          ; 0          ; 0          ; 0          ; 0          ; 1          ;
+-------------+-------------+-------------+-------------+-------------+-------------+-------------+------------+------------+------------+------------+------------+------------+------------+------------+------------+------------+


Encoding Type:  One-Hot
+-----------------------------------------------------------------------------------------------------------------------------------------------------------------------------------------------------------------------------------+
; State Machine - |SMU_RV32I_System|GPIO:iGPIO|pulse_gen:button2|c_state                                                                                                                                                            ;
+-------------+-------------+-------------+-------------+-------------+-------------+-------------+------------+------------+------------+------------+------------+------------+------------+------------+------------+------------+
; Name        ; c_state.S15 ; c_state.S14 ; c_state.S13 ; c_state.S12 ; c_state.S11 ; c_state.S10 ; c_state.S9 ; c_state.S8 ; c_state.S7 ; c_state.S6 ; c_state.S5 ; c_state.S4 ; c_state.S3 ; c_state.S2 ; c_state.S1 ; c_state.S0 ;
+-------------+-------------+-------------+-------------+-------------+-------------+-------------+------------+------------+------------+------------+------------+------------+------------+------------+------------+------------+
; c_state.S0  ; 0           ; 0           ; 0           ; 0           ; 0           ; 0           ; 0          ; 0          ; 0          ; 0          ; 0          ; 0          ; 0          ; 0          ; 0          ; 0          ;
; c_state.S1  ; 0           ; 0           ; 0           ; 0           ; 0           ; 0           ; 0          ; 0          ; 0          ; 0          ; 0          ; 0          ; 0          ; 0          ; 1          ; 1          ;
; c_state.S2  ; 0           ; 0           ; 0           ; 0           ; 0           ; 0           ; 0          ; 0          ; 0          ; 0          ; 0          ; 0          ; 0          ; 1          ; 0          ; 1          ;
; c_state.S3  ; 0           ; 0           ; 0           ; 0           ; 0           ; 0           ; 0          ; 0          ; 0          ; 0          ; 0          ; 0          ; 1          ; 0          ; 0          ; 1          ;
; c_state.S4  ; 0           ; 0           ; 0           ; 0           ; 0           ; 0           ; 0          ; 0          ; 0          ; 0          ; 0          ; 1          ; 0          ; 0          ; 0          ; 1          ;
; c_state.S5  ; 0           ; 0           ; 0           ; 0           ; 0           ; 0           ; 0          ; 0          ; 0          ; 0          ; 1          ; 0          ; 0          ; 0          ; 0          ; 1          ;
; c_state.S6  ; 0           ; 0           ; 0           ; 0           ; 0           ; 0           ; 0          ; 0          ; 0          ; 1          ; 0          ; 0          ; 0          ; 0          ; 0          ; 1          ;
; c_state.S7  ; 0           ; 0           ; 0           ; 0           ; 0           ; 0           ; 0          ; 0          ; 1          ; 0          ; 0          ; 0          ; 0          ; 0          ; 0          ; 1          ;
; c_state.S8  ; 0           ; 0           ; 0           ; 0           ; 0           ; 0           ; 0          ; 1          ; 0          ; 0          ; 0          ; 0          ; 0          ; 0          ; 0          ; 1          ;
; c_state.S9  ; 0           ; 0           ; 0           ; 0           ; 0           ; 0           ; 1          ; 0          ; 0          ; 0          ; 0          ; 0          ; 0          ; 0          ; 0          ; 1          ;
; c_state.S10 ; 0           ; 0           ; 0           ; 0           ; 0           ; 1           ; 0          ; 0          ; 0          ; 0          ; 0          ; 0          ; 0          ; 0          ; 0          ; 1          ;
; c_state.S11 ; 0           ; 0           ; 0           ; 0           ; 1           ; 0           ; 0          ; 0          ; 0          ; 0          ; 0          ; 0          ; 0          ; 0          ; 0          ; 1          ;
; c_state.S12 ; 0           ; 0           ; 0           ; 1           ; 0           ; 0           ; 0          ; 0          ; 0          ; 0          ; 0          ; 0          ; 0          ; 0          ; 0          ; 1          ;
; c_state.S13 ; 0           ; 0           ; 1           ; 0           ; 0           ; 0           ; 0          ; 0          ; 0          ; 0          ; 0          ; 0          ; 0          ; 0          ; 0          ; 1          ;
; c_state.S14 ; 0           ; 1           ; 0           ; 0           ; 0           ; 0           ; 0          ; 0          ; 0          ; 0          ; 0          ; 0          ; 0          ; 0          ; 0          ; 1          ;
; c_state.S15 ; 1           ; 0           ; 0           ; 0           ; 0           ; 0           ; 0          ; 0          ; 0          ; 0          ; 0          ; 0          ; 0          ; 0          ; 0          ; 1          ;
+-------------+-------------+-------------+-------------+-------------+-------------+-------------+------------+------------+------------+------------+------------+------------+------------+------------+------------+------------+


Encoding Type:  One-Hot
+-----------------------------------------------------------------------------------------------------------------------------------------------------------------------------------------------------------------------------------+
; State Machine - |SMU_RV32I_System|GPIO:iGPIO|pulse_gen:button1|c_state                                                                                                                                                            ;
+-------------+-------------+-------------+-------------+-------------+-------------+-------------+------------+------------+------------+------------+------------+------------+------------+------------+------------+------------+
; Name        ; c_state.S15 ; c_state.S14 ; c_state.S13 ; c_state.S12 ; c_state.S11 ; c_state.S10 ; c_state.S9 ; c_state.S8 ; c_state.S7 ; c_state.S6 ; c_state.S5 ; c_state.S4 ; c_state.S3 ; c_state.S2 ; c_state.S1 ; c_state.S0 ;
+-------------+-------------+-------------+-------------+-------------+-------------+-------------+------------+------------+------------+------------+------------+------------+------------+------------+------------+------------+
; c_state.S0  ; 0           ; 0           ; 0           ; 0           ; 0           ; 0           ; 0          ; 0          ; 0          ; 0          ; 0          ; 0          ; 0          ; 0          ; 0          ; 0          ;
; c_state.S1  ; 0           ; 0           ; 0           ; 0           ; 0           ; 0           ; 0          ; 0          ; 0          ; 0          ; 0          ; 0          ; 0          ; 0          ; 1          ; 1          ;
; c_state.S2  ; 0           ; 0           ; 0           ; 0           ; 0           ; 0           ; 0          ; 0          ; 0          ; 0          ; 0          ; 0          ; 0          ; 1          ; 0          ; 1          ;
; c_state.S3  ; 0           ; 0           ; 0           ; 0           ; 0           ; 0           ; 0          ; 0          ; 0          ; 0          ; 0          ; 0          ; 1          ; 0          ; 0          ; 1          ;
; c_state.S4  ; 0           ; 0           ; 0           ; 0           ; 0           ; 0           ; 0          ; 0          ; 0          ; 0          ; 0          ; 1          ; 0          ; 0          ; 0          ; 1          ;
; c_state.S5  ; 0           ; 0           ; 0           ; 0           ; 0           ; 0           ; 0          ; 0          ; 0          ; 0          ; 1          ; 0          ; 0          ; 0          ; 0          ; 1          ;
; c_state.S6  ; 0           ; 0           ; 0           ; 0           ; 0           ; 0           ; 0          ; 0          ; 0          ; 1          ; 0          ; 0          ; 0          ; 0          ; 0          ; 1          ;
; c_state.S7  ; 0           ; 0           ; 0           ; 0           ; 0           ; 0           ; 0          ; 0          ; 1          ; 0          ; 0          ; 0          ; 0          ; 0          ; 0          ; 1          ;
; c_state.S8  ; 0           ; 0           ; 0           ; 0           ; 0           ; 0           ; 0          ; 1          ; 0          ; 0          ; 0          ; 0          ; 0          ; 0          ; 0          ; 1          ;
; c_state.S9  ; 0           ; 0           ; 0           ; 0           ; 0           ; 0           ; 1          ; 0          ; 0          ; 0          ; 0          ; 0          ; 0          ; 0          ; 0          ; 1          ;
; c_state.S10 ; 0           ; 0           ; 0           ; 0           ; 0           ; 1           ; 0          ; 0          ; 0          ; 0          ; 0          ; 0          ; 0          ; 0          ; 0          ; 1          ;
; c_state.S11 ; 0           ; 0           ; 0           ; 0           ; 1           ; 0           ; 0          ; 0          ; 0          ; 0          ; 0          ; 0          ; 0          ; 0          ; 0          ; 1          ;
; c_state.S12 ; 0           ; 0           ; 0           ; 1           ; 0           ; 0           ; 0          ; 0          ; 0          ; 0          ; 0          ; 0          ; 0          ; 0          ; 0          ; 1          ;
; c_state.S13 ; 0           ; 0           ; 1           ; 0           ; 0           ; 0           ; 0          ; 0          ; 0          ; 0          ; 0          ; 0          ; 0          ; 0          ; 0          ; 1          ;
; c_state.S14 ; 0           ; 1           ; 0           ; 0           ; 0           ; 0           ; 0          ; 0          ; 0          ; 0          ; 0          ; 0          ; 0          ; 0          ; 0          ; 1          ;
; c_state.S15 ; 1           ; 0           ; 0           ; 0           ; 0           ; 0           ; 0          ; 0          ; 0          ; 0          ; 0          ; 0          ; 0          ; 0          ; 0          ; 1          ;
+-------------+-------------+-------------+-------------+-------------+-------------+-------------+------------+------------+------------+------------+------------+------------+------------+------------+------------+------------+


+--------------------------------------------------------------------------------------------------------------------+
; Registers Removed During Synthesis                                                                                 ;
+----------------------------------------------------+---------------------------------------------------------------+
; Register name                                      ; Reason for Removal                                            ;
+----------------------------------------------------+---------------------------------------------------------------+
; TimerCounter:iTimer|StatusR[1..31]                 ; Stuck at GND due to stuck port data_in                        ;
; data_mux:u_data_mux|r_read_data_uart[8..31]        ; Stuck at GND due to stuck port data_in                        ;
; GPIO:iGPIO|BUTTON_StatusR[3..31]                   ; Merged with GPIO:iGPIO|BUTTON_StatusR[0]                      ;
; GPIO:iGPIO|SW_StatusR[10..19,21..30]               ; Merged with GPIO:iGPIO|SW_StatusR[31]                         ;
; rv32i_cpu:icpu|datapath:i_datapath|PCPlus4_D[1]    ; Merged with rv32i_cpu:icpu|datapath:i_datapath|PC_D[1]        ;
; rv32i_cpu:icpu|datapath:i_datapath|PCPlus4_D[0]    ; Merged with rv32i_cpu:icpu|datapath:i_datapath|PC_D[0]        ;
; rv32i_cpu:icpu|datapath:i_datapath|Addr_Last2_W[1] ; Merged with rv32i_cpu:icpu|datapath:i_datapath|ALUResult_W[1] ;
; rv32i_cpu:icpu|datapath:i_datapath|Addr_Last2_W[0] ; Merged with rv32i_cpu:icpu|datapath:i_datapath|ALUResult_W[0] ;
; GPIO:iGPIO|SW_StatusR[20]                          ; Merged with GPIO:iGPIO|SW_StatusR[31]                         ;
; data_mux:u_data_mux|r_read_data_gpio[11..31]       ; Merged with data_mux:u_data_mux|r_read_data_gpio[10]          ;
; rv32i_cpu:icpu|datapath:i_datapath|PC_E[1]         ; Merged with rv32i_cpu:icpu|datapath:i_datapath|PCPlus4_E[1]   ;
; rv32i_cpu:icpu|datapath:i_datapath|PC_E[0]         ; Merged with rv32i_cpu:icpu|datapath:i_datapath|PCPlus4_E[0]   ;
; GPIO:iGPIO|BUTTON_StatusR[0]                       ; Stuck at GND due to stuck port data_in                        ;
; GPIO:iGPIO|SW_StatusR[31]                          ; Stuck at GND due to stuck port data_in                        ;
; data_mux:u_data_mux|r_read_data_gpio[10]           ; Stuck at GND due to stuck port data_in                        ;
; GPIO:iGPIO|pulse_gen:sw9|c_state~2                 ; Lost fanout                                                   ;
; GPIO:iGPIO|pulse_gen:sw9|c_state~3                 ; Lost fanout                                                   ;
; GPIO:iGPIO|pulse_gen:sw9|c_state~4                 ; Lost fanout                                                   ;
; GPIO:iGPIO|pulse_gen:sw9|c_state~5                 ; Lost fanout                                                   ;
; GPIO:iGPIO|pulse_gen:sw8|c_state~2                 ; Lost fanout                                                   ;
; GPIO:iGPIO|pulse_gen:sw8|c_state~3                 ; Lost fanout                                                   ;
; GPIO:iGPIO|pulse_gen:sw8|c_state~4                 ; Lost fanout                                                   ;
; GPIO:iGPIO|pulse_gen:sw8|c_state~5                 ; Lost fanout                                                   ;
; GPIO:iGPIO|pulse_gen:sw7|c_state~2                 ; Lost fanout                                                   ;
; GPIO:iGPIO|pulse_gen:sw7|c_state~3                 ; Lost fanout                                                   ;
; GPIO:iGPIO|pulse_gen:sw7|c_state~4                 ; Lost fanout                                                   ;
; GPIO:iGPIO|pulse_gen:sw7|c_state~5                 ; Lost fanout                                                   ;
; GPIO:iGPIO|pulse_gen:sw6|c_state~2                 ; Lost fanout                                                   ;
; GPIO:iGPIO|pulse_gen:sw6|c_state~3                 ; Lost fanout                                                   ;
; GPIO:iGPIO|pulse_gen:sw6|c_state~4                 ; Lost fanout                                                   ;
; GPIO:iGPIO|pulse_gen:sw6|c_state~5                 ; Lost fanout                                                   ;
; GPIO:iGPIO|pulse_gen:sw5|c_state~2                 ; Lost fanout                                                   ;
; GPIO:iGPIO|pulse_gen:sw5|c_state~3                 ; Lost fanout                                                   ;
; GPIO:iGPIO|pulse_gen:sw5|c_state~4                 ; Lost fanout                                                   ;
; GPIO:iGPIO|pulse_gen:sw5|c_state~5                 ; Lost fanout                                                   ;
; GPIO:iGPIO|pulse_gen:sw4|c_state~2                 ; Lost fanout                                                   ;
; GPIO:iGPIO|pulse_gen:sw4|c_state~3                 ; Lost fanout                                                   ;
; GPIO:iGPIO|pulse_gen:sw4|c_state~4                 ; Lost fanout                                                   ;
; GPIO:iGPIO|pulse_gen:sw4|c_state~5                 ; Lost fanout                                                   ;
; GPIO:iGPIO|pulse_gen:sw3|c_state~2                 ; Lost fanout                                                   ;
; GPIO:iGPIO|pulse_gen:sw3|c_state~3                 ; Lost fanout                                                   ;
; GPIO:iGPIO|pulse_gen:sw3|c_state~4                 ; Lost fanout                                                   ;
; GPIO:iGPIO|pulse_gen:sw3|c_state~5                 ; Lost fanout                                                   ;
; GPIO:iGPIO|pulse_gen:sw2|c_state~2                 ; Lost fanout                                                   ;
; GPIO:iGPIO|pulse_gen:sw2|c_state~3                 ; Lost fanout                                                   ;
; GPIO:iGPIO|pulse_gen:sw2|c_state~4                 ; Lost fanout                                                   ;
; GPIO:iGPIO|pulse_gen:sw2|c_state~5                 ; Lost fanout                                                   ;
; GPIO:iGPIO|pulse_gen:sw1|c_state~2                 ; Lost fanout                                                   ;
; GPIO:iGPIO|pulse_gen:sw1|c_state~3                 ; Lost fanout                                                   ;
; GPIO:iGPIO|pulse_gen:sw1|c_state~4                 ; Lost fanout                                                   ;
; GPIO:iGPIO|pulse_gen:sw1|c_state~5                 ; Lost fanout                                                   ;
; GPIO:iGPIO|pulse_gen:sw0|c_state~2                 ; Lost fanout                                                   ;
; GPIO:iGPIO|pulse_gen:sw0|c_state~3                 ; Lost fanout                                                   ;
; GPIO:iGPIO|pulse_gen:sw0|c_state~4                 ; Lost fanout                                                   ;
; GPIO:iGPIO|pulse_gen:sw0|c_state~5                 ; Lost fanout                                                   ;
; GPIO:iGPIO|pulse_gen:button2|c_state~2             ; Lost fanout                                                   ;
; GPIO:iGPIO|pulse_gen:button2|c_state~3             ; Lost fanout                                                   ;
; GPIO:iGPIO|pulse_gen:button2|c_state~4             ; Lost fanout                                                   ;
; GPIO:iGPIO|pulse_gen:button2|c_state~5             ; Lost fanout                                                   ;
; GPIO:iGPIO|pulse_gen:button1|c_state~2             ; Lost fanout                                                   ;
; GPIO:iGPIO|pulse_gen:button1|c_state~3             ; Lost fanout                                                   ;
; GPIO:iGPIO|pulse_gen:button1|c_state~4             ; Lost fanout                                                   ;
; GPIO:iGPIO|pulse_gen:button1|c_state~5             ; Lost fanout                                                   ;
; GPIO:iGPIO|pulse_gen:sw9|c_state.S15               ; Lost fanout                                                   ;
; GPIO:iGPIO|pulse_gen:sw8|c_state.S15               ; Lost fanout                                                   ;
; GPIO:iGPIO|pulse_gen:sw7|c_state.S15               ; Lost fanout                                                   ;
; GPIO:iGPIO|pulse_gen:sw6|c_state.S15               ; Lost fanout                                                   ;
; GPIO:iGPIO|pulse_gen:sw5|c_state.S15               ; Lost fanout                                                   ;
; GPIO:iGPIO|pulse_gen:sw4|c_state.S15               ; Lost fanout                                                   ;
; GPIO:iGPIO|pulse_gen:sw3|c_state.S15               ; Lost fanout                                                   ;
; GPIO:iGPIO|pulse_gen:sw2|c_state.S15               ; Lost fanout                                                   ;
; GPIO:iGPIO|pulse_gen:sw1|c_state.S15               ; Lost fanout                                                   ;
; GPIO:iGPIO|pulse_gen:sw0|c_state.S15               ; Lost fanout                                                   ;
; GPIO:iGPIO|pulse_gen:button2|c_state.S15           ; Lost fanout                                                   ;
; GPIO:iGPIO|pulse_gen:button1|c_state.S15           ; Lost fanout                                                   ;
; Total Number of Removed Registers = 195            ;                                                               ;
+----------------------------------------------------+---------------------------------------------------------------+


+---------------------------------------------------------------------------------------------------------------+
; Removed Registers Triggering Further Register Optimizations                                                   ;
+----------------------------------------+---------------------------+------------------------------------------+
; Register name                          ; Reason for Removal        ; Registers Removed due to This Register   ;
+----------------------------------------+---------------------------+------------------------------------------+
; GPIO:iGPIO|BUTTON_StatusR[0]           ; Stuck at GND              ; data_mux:u_data_mux|r_read_data_gpio[10] ;
;                                        ; due to stuck port data_in ;                                          ;
; GPIO:iGPIO|pulse_gen:sw9|c_state~2     ; Lost Fanouts              ; GPIO:iGPIO|pulse_gen:sw9|c_state.S15     ;
; GPIO:iGPIO|pulse_gen:sw8|c_state~2     ; Lost Fanouts              ; GPIO:iGPIO|pulse_gen:sw8|c_state.S15     ;
; GPIO:iGPIO|pulse_gen:sw7|c_state~2     ; Lost Fanouts              ; GPIO:iGPIO|pulse_gen:sw7|c_state.S15     ;
; GPIO:iGPIO|pulse_gen:sw6|c_state~2     ; Lost Fanouts              ; GPIO:iGPIO|pulse_gen:sw6|c_state.S15     ;
; GPIO:iGPIO|pulse_gen:sw5|c_state~2     ; Lost Fanouts              ; GPIO:iGPIO|pulse_gen:sw5|c_state.S15     ;
; GPIO:iGPIO|pulse_gen:sw4|c_state~2     ; Lost Fanouts              ; GPIO:iGPIO|pulse_gen:sw4|c_state.S15     ;
; GPIO:iGPIO|pulse_gen:sw3|c_state~2     ; Lost Fanouts              ; GPIO:iGPIO|pulse_gen:sw3|c_state.S15     ;
; GPIO:iGPIO|pulse_gen:sw2|c_state~2     ; Lost Fanouts              ; GPIO:iGPIO|pulse_gen:sw2|c_state.S15     ;
; GPIO:iGPIO|pulse_gen:sw1|c_state~2     ; Lost Fanouts              ; GPIO:iGPIO|pulse_gen:sw1|c_state.S15     ;
; GPIO:iGPIO|pulse_gen:sw0|c_state~2     ; Lost Fanouts              ; GPIO:iGPIO|pulse_gen:sw0|c_state.S15     ;
; GPIO:iGPIO|pulse_gen:button2|c_state~2 ; Lost Fanouts              ; GPIO:iGPIO|pulse_gen:button2|c_state.S15 ;
; GPIO:iGPIO|pulse_gen:button1|c_state~2 ; Lost Fanouts              ; GPIO:iGPIO|pulse_gen:button1|c_state.S15 ;
+----------------------------------------+---------------------------+------------------------------------------+


+------------------------------------------------------+
; General Register Statistics                          ;
+----------------------------------------------+-------+
; Statistic                                    ; Value ;
+----------------------------------------------+-------+
; Total registers                              ; 1978  ;
; Number of registers using Synchronous Clear  ; 83    ;
; Number of registers using Synchronous Load   ; 1     ;
; Number of registers using Asynchronous Clear ; 555   ;
; Number of registers using Asynchronous Load  ; 0     ;
; Number of registers using Clock Enable       ; 1176  ;
; Number of registers using Preset             ; 0     ;
+----------------------------------------------+-------+


+----------------------------------------------------------------------------------------------------------------+
; Inverted Register Statistics                                                                                   ;
+------------------------------------------------------------------------------------------------------+---------+
; Inverted Register                                                                                    ; Fan out ;
+------------------------------------------------------------------------------------------------------+---------+
; rv32i_cpu:icpu|datapath:i_datapath|altshift_taps:PCPlus4_E_rtl_0|shift_taps_bkm:auto_generated|dffe6 ; 31      ;
; Total number of inverted registers = 1                                                               ;         ;
+------------------------------------------------------------------------------------------------------+---------+


+---------------------------------------------------------------------------------------------------------------------------------------------------------------------------------+
; Physical Synthesis Netlist Optimizations                                                                                                                                        ;
+----------------------------------------------------------------------------------------------------------------------------------------+------------------+---------------------+
; Node                                                                                                                                   ; Action           ; Reason              ;
+----------------------------------------------------------------------------------------------------------------------------------------+------------------+---------------------+
; SEG7_LUT:u0_SEG7_LUT|WideOr0~0                                                                                                         ; Deleted          ; Timing optimization ;
; SEG7_LUT:u0_SEG7_LUT|WideOr0~0_wirecell                                                                                                ; Modified         ; Timing optimization ;
; SEG7_LUT:u1_SEG7_LUT|WideOr0~0                                                                                                         ; Deleted          ; Timing optimization ;
; SEG7_LUT:u1_SEG7_LUT|WideOr0~0_wirecell                                                                                                ; Modified         ; Timing optimization ;
; SEG7_LUT:u2_SEG7_LUT|WideOr0~0                                                                                                         ; Deleted          ; Timing optimization ;
; SEG7_LUT:u2_SEG7_LUT|WideOr0~0_wirecell                                                                                                ; Modified         ; Timing optimization ;
; SEG7_LUT:u3_SEG7_LUT|WideOr0~0                                                                                                         ; Deleted          ; Timing optimization ;
; SEG7_LUT:u3_SEG7_LUT|WideOr0~0_wirecell                                                                                                ; Modified         ; Timing optimization ;
; data_mux:u_data_mux|read_data[30]~14                                                                                                   ; Deleted          ; Timing optimization ;
; data_mux:u_data_mux|read_data[30]~15                                                                                                   ; Modified         ; Timing optimization ;
; data_mux:u_data_mux|read_data[30]~15_RESYN1448_BDD1449                                                                                 ; Created          ; Timing optimization ;
; rv32i_cpu:icpu|controller:c|maindec:md|WideOr4~1                                                                                       ; Deleted          ; Timing optimization ;
; rv32i_cpu:icpu|datapath:i_datapath|ALUControl_E[0]                                                                                     ; Deleted          ; Timing optimization ;
; rv32i_cpu:icpu|datapath:i_datapath|ALUControl_E[0]_OTERM193                                                                            ; Retimed Register ; Timing optimization ;
; rv32i_cpu:icpu|datapath:i_datapath|ALUControl_E[1]                                                                                     ; Deleted          ; Timing optimization ;
; rv32i_cpu:icpu|datapath:i_datapath|ALUControl_E[1]_OTERM165                                                                            ; Retimed Register ; Timing optimization ;
; rv32i_cpu:icpu|datapath:i_datapath|ALUControl_E[1]_OTERM167                                                                            ; Retimed Register ; Timing optimization ;
; rv32i_cpu:icpu|datapath:i_datapath|ALUControl_E[1]_OTERM171                                                                            ; Retimed Register ; Timing optimization ;
; rv32i_cpu:icpu|datapath:i_datapath|ALUControl_E[2]                                                                                     ; Deleted          ; Timing optimization ;
; rv32i_cpu:icpu|datapath:i_datapath|ALUControl_E[2]_OTERM163                                                                            ; Retimed Register ; Timing optimization ;
; rv32i_cpu:icpu|datapath:i_datapath|ALUControl_E[3]                                                                                     ; Deleted          ; Timing optimization ;
; rv32i_cpu:icpu|datapath:i_datapath|ALUControl_E[3]_OTERM141                                                                            ; Retimed Register ; Timing optimization ;
; rv32i_cpu:icpu|datapath:i_datapath|ALUControl_E[3]_OTERM143                                                                            ; Retimed Register ; Timing optimization ;
; rv32i_cpu:icpu|datapath:i_datapath|ALUControl_E[3]_OTERM145                                                                            ; Retimed Register ; Timing optimization ;
; rv32i_cpu:icpu|datapath:i_datapath|ALUControl_E[3]_OTERM147                                                                            ; Retimed Register ; Timing optimization ;
; rv32i_cpu:icpu|datapath:i_datapath|ALUControl_E[4]                                                                                     ; Deleted          ; Timing optimization ;
; rv32i_cpu:icpu|datapath:i_datapath|ALUControl_E[4]_OTERM215_OTERM583                                                                   ; Retimed Register ; Timing optimization ;
; rv32i_cpu:icpu|datapath:i_datapath|ALUControl_E[4]_OTERM217_OTERM577                                                                   ; Retimed Register ; Timing optimization ;
; rv32i_cpu:icpu|datapath:i_datapath|ALUControl_E[4]_OTERM217_OTERM579                                                                   ; Retimed Register ; Timing optimization ;
; rv32i_cpu:icpu|datapath:i_datapath|ALUControl_E[4]_OTERM217_OTERM581                                                                   ; Retimed Register ; Timing optimization ;
; rv32i_cpu:icpu|datapath:i_datapath|ALUResult_M[0]                                                                                      ; Deleted          ; Timing optimization ;
; rv32i_cpu:icpu|datapath:i_datapath|ALUResult_M[0]_OTERM301                                                                             ; Retimed Register ; Timing optimization ;
; rv32i_cpu:icpu|datapath:i_datapath|ALUResult_M[0]_OTERM303                                                                             ; Retimed Register ; Timing optimization ;
; rv32i_cpu:icpu|datapath:i_datapath|ALUResult_M[0]_OTERM305                                                                             ; Retimed Register ; Timing optimization ;
; rv32i_cpu:icpu|datapath:i_datapath|ALUResult_M[0]_OTERM307                                                                             ; Retimed Register ; Timing optimization ;
; rv32i_cpu:icpu|datapath:i_datapath|ALUSrcA_E[0]_OTERM497                                                                               ; Retimed Register ; Timing optimization ;
; rv32i_cpu:icpu|datapath:i_datapath|ALUSrcA_E[1]_OTERM499                                                                               ; Retimed Register ; Timing optimization ;
; rv32i_cpu:icpu|datapath:i_datapath|ALUSrcB_E_OTERM495                                                                                  ; Retimed Register ; Timing optimization ;
; rv32i_cpu:icpu|datapath:i_datapath|Branch_E                                                                                            ; Deleted          ; Timing optimization ;
; rv32i_cpu:icpu|datapath:i_datapath|Branch_E_OTERM457                                                                                   ; Retimed Register ; Timing optimization ;
; rv32i_cpu:icpu|datapath:i_datapath|Branch_E_OTERM715                                                                                   ; Retimed Register ; Timing optimization ;
; rv32i_cpu:icpu|datapath:i_datapath|Equal28~0_Duplicate_2                                                                               ; Retimed Register ; Timing optimization ;
; rv32i_cpu:icpu|datapath:i_datapath|Equal28~0_Duplicate_4                                                                               ; Retimed Register ; Timing optimization ;
; rv32i_cpu:icpu|datapath:i_datapath|Flush_ID_R                                                                                          ; Deleted          ; Timing optimization ;
; rv32i_cpu:icpu|datapath:i_datapath|Flush_ID_R_OTERM1395                                                                                ; Retimed Register ; Timing optimization ;
; rv32i_cpu:icpu|datapath:i_datapath|Flush_ID_R_OTERM1397                                                                                ; Retimed Register ; Timing optimization ;
; rv32i_cpu:icpu|datapath:i_datapath|ImmExt_E[0]_OTERM493                                                                                ; Retimed Register ; Timing optimization ;
; rv32i_cpu:icpu|datapath:i_datapath|ImmExt_E[1]_OTERM861                                                                                ; Retimed Register ; Timing optimization ;
; rv32i_cpu:icpu|datapath:i_datapath|ImmExt_E[2]_OTERM855                                                                                ; Retimed Register ; Timing optimization ;
; rv32i_cpu:icpu|datapath:i_datapath|ImmExt_E[3]_OTERM857                                                                                ; Retimed Register ; Timing optimization ;
; rv32i_cpu:icpu|datapath:i_datapath|ImmExt_E[3]~40_Duplicate_49                                                                         ; Retimed Register ; Timing optimization ;
; rv32i_cpu:icpu|datapath:i_datapath|ImmExt_E[4]_OTERM859                                                                                ; Retimed Register ; Timing optimization ;
; rv32i_cpu:icpu|datapath:i_datapath|ImmExt_E[5]                                                                                         ; Deleted          ; Timing optimization ;
; rv32i_cpu:icpu|datapath:i_datapath|ImmExt_E[5]_OTERM255                                                                                ; Retimed Register ; Timing optimization ;
; rv32i_cpu:icpu|datapath:i_datapath|ImmExt_E[5]_OTERM257                                                                                ; Retimed Register ; Timing optimization ;
; rv32i_cpu:icpu|datapath:i_datapath|ImmExt_E[6]                                                                                         ; Deleted          ; Timing optimization ;
; rv32i_cpu:icpu|datapath:i_datapath|ImmExt_E[6]_OTERM277                                                                                ; Retimed Register ; Timing optimization ;
; rv32i_cpu:icpu|datapath:i_datapath|ImmExt_E[6]_OTERM279                                                                                ; Retimed Register ; Timing optimization ;
; rv32i_cpu:icpu|datapath:i_datapath|ImmExt_E[7]                                                                                         ; Deleted          ; Timing optimization ;
; rv32i_cpu:icpu|datapath:i_datapath|ImmExt_E[7]_OTERM249                                                                                ; Retimed Register ; Timing optimization ;
; rv32i_cpu:icpu|datapath:i_datapath|ImmExt_E[7]_OTERM251                                                                                ; Retimed Register ; Timing optimization ;
; rv32i_cpu:icpu|datapath:i_datapath|ImmExt_E[8]                                                                                         ; Deleted          ; Timing optimization ;
; rv32i_cpu:icpu|datapath:i_datapath|ImmExt_E[8]_OTERM225                                                                                ; Retimed Register ; Timing optimization ;
; rv32i_cpu:icpu|datapath:i_datapath|ImmExt_E[8]_OTERM227                                                                                ; Retimed Register ; Timing optimization ;
; rv32i_cpu:icpu|datapath:i_datapath|ImmExt_E[9]                                                                                         ; Deleted          ; Timing optimization ;
; rv32i_cpu:icpu|datapath:i_datapath|ImmExt_E[9]_OTERM229                                                                                ; Retimed Register ; Timing optimization ;
; rv32i_cpu:icpu|datapath:i_datapath|ImmExt_E[9]_OTERM231                                                                                ; Retimed Register ; Timing optimization ;
; rv32i_cpu:icpu|datapath:i_datapath|ImmExt_E[10]                                                                                        ; Deleted          ; Timing optimization ;
; rv32i_cpu:icpu|datapath:i_datapath|ImmExt_E[10]_OTERM219                                                                               ; Retimed Register ; Timing optimization ;
; rv32i_cpu:icpu|datapath:i_datapath|ImmExt_E[10]_OTERM221                                                                               ; Retimed Register ; Timing optimization ;
; rv32i_cpu:icpu|datapath:i_datapath|ImmExt_E[10]_OTERM223                                                                               ; Retimed Register ; Timing optimization ;
; rv32i_cpu:icpu|datapath:i_datapath|ImmExt_E[11]_OTERM485                                                                               ; Retimed Register ; Timing optimization ;
; rv32i_cpu:icpu|datapath:i_datapath|ImmExt_E[12]_OTERM863                                                                               ; Retimed Register ; Timing optimization ;
; rv32i_cpu:icpu|datapath:i_datapath|ImmExt_E[13]_OTERM865                                                                               ; Retimed Register ; Timing optimization ;
; rv32i_cpu:icpu|datapath:i_datapath|ImmExt_E[14]_OTERM867                                                                               ; Retimed Register ; Timing optimization ;
; rv32i_cpu:icpu|datapath:i_datapath|ImmExt_E[15]_OTERM869                                                                               ; Retimed Register ; Timing optimization ;
; rv32i_cpu:icpu|datapath:i_datapath|ImmExt_E[16]_OTERM871                                                                               ; Retimed Register ; Timing optimization ;
; rv32i_cpu:icpu|datapath:i_datapath|ImmExt_E[17]_OTERM873                                                                               ; Retimed Register ; Timing optimization ;
; rv32i_cpu:icpu|datapath:i_datapath|ImmExt_E[18]_OTERM875                                                                               ; Retimed Register ; Timing optimization ;
; rv32i_cpu:icpu|datapath:i_datapath|ImmExt_E[19]_OTERM877                                                                               ; Retimed Register ; Timing optimization ;
; rv32i_cpu:icpu|datapath:i_datapath|ImmExt_E[20]_OTERM483                                                                               ; Retimed Register ; Timing optimization ;
; rv32i_cpu:icpu|datapath:i_datapath|ImmExt_E[21]_OTERM481                                                                               ; Retimed Register ; Timing optimization ;
; rv32i_cpu:icpu|datapath:i_datapath|ImmExt_E[22]_OTERM477                                                                               ; Retimed Register ; Timing optimization ;
; rv32i_cpu:icpu|datapath:i_datapath|ImmExt_E[23]_OTERM479                                                                               ; Retimed Register ; Timing optimization ;
; rv32i_cpu:icpu|datapath:i_datapath|ImmExt_E[24]_OTERM475                                                                               ; Retimed Register ; Timing optimization ;
; rv32i_cpu:icpu|datapath:i_datapath|ImmExt_E[25]_OTERM473                                                                               ; Retimed Register ; Timing optimization ;
; rv32i_cpu:icpu|datapath:i_datapath|ImmExt_E[26]_OTERM469                                                                               ; Retimed Register ; Timing optimization ;
; rv32i_cpu:icpu|datapath:i_datapath|ImmExt_E[27]_OTERM471                                                                               ; Retimed Register ; Timing optimization ;
; rv32i_cpu:icpu|datapath:i_datapath|ImmExt_E[28]                                                                                        ; Deleted          ; Timing optimization ;
; rv32i_cpu:icpu|datapath:i_datapath|ImmExt_E[28]_OTERM487                                                                               ; Retimed Register ; Timing optimization ;
; rv32i_cpu:icpu|datapath:i_datapath|ImmExt_E[28]_OTERM725                                                                               ; Retimed Register ; Timing optimization ;
; rv32i_cpu:icpu|datapath:i_datapath|ImmExt_E[29]_OTERM489                                                                               ; Retimed Register ; Timing optimization ;
; rv32i_cpu:icpu|datapath:i_datapath|ImmExt_E[30]                                                                                        ; Deleted          ; Timing optimization ;
; rv32i_cpu:icpu|datapath:i_datapath|ImmExt_E[30]_OTERM491                                                                               ; Retimed Register ; Timing optimization ;
; rv32i_cpu:icpu|datapath:i_datapath|ImmExt_E[30]_OTERM719                                                                               ; Retimed Register ; Timing optimization ;
; rv32i_cpu:icpu|datapath:i_datapath|ImmExt_E[30]_OTERM721                                                                               ; Retimed Register ; Timing optimization ;
; rv32i_cpu:icpu|datapath:i_datapath|ImmExt_E[30]_OTERM723                                                                               ; Retimed Register ; Timing optimization ;
; rv32i_cpu:icpu|datapath:i_datapath|ImmExt_E[31]                                                                                        ; Deleted          ; Timing optimization ;
; rv32i_cpu:icpu|datapath:i_datapath|ImmExt_E[31]_OTERM467                                                                               ; Retimed Register ; Timing optimization ;
; rv32i_cpu:icpu|datapath:i_datapath|ImmExt_E[31]_OTERM717                                                                               ; Retimed Register ; Timing optimization ;
; rv32i_cpu:icpu|datapath:i_datapath|ImmExt_E~26                                                                                         ; Deleted          ; Timing optimization ;
; rv32i_cpu:icpu|datapath:i_datapath|ImmExt_E~27                                                                                         ; Deleted          ; Timing optimization ;
; rv32i_cpu:icpu|datapath:i_datapath|ImmExt_E~28                                                                                         ; Deleted          ; Timing optimization ;
; rv32i_cpu:icpu|datapath:i_datapath|ImmExt_E~29                                                                                         ; Deleted          ; Timing optimization ;
; rv32i_cpu:icpu|datapath:i_datapath|ImmExt_E~30                                                                                         ; Deleted          ; Timing optimization ;
; rv32i_cpu:icpu|datapath:i_datapath|ImmExt_E~31                                                                                         ; Deleted          ; Timing optimization ;
; rv32i_cpu:icpu|datapath:i_datapath|ImmExt_E~32                                                                                         ; Deleted          ; Timing optimization ;
; rv32i_cpu:icpu|datapath:i_datapath|ImmExt_E~33                                                                                         ; Deleted          ; Timing optimization ;
; rv32i_cpu:icpu|datapath:i_datapath|ImmExt_E~34                                                                                         ; Deleted          ; Timing optimization ;
; rv32i_cpu:icpu|datapath:i_datapath|ImmExt_E~35                                                                                         ; Deleted          ; Timing optimization ;
; rv32i_cpu:icpu|datapath:i_datapath|ImmExt_E~36                                                                                         ; Deleted          ; Timing optimization ;
; rv32i_cpu:icpu|datapath:i_datapath|Instr_E[7]                                                                                          ; Deleted          ; Timing optimization ;
; rv32i_cpu:icpu|datapath:i_datapath|Instr_E[7]_OTERM205                                                                                 ; Retimed Register ; Timing optimization ;
; rv32i_cpu:icpu|datapath:i_datapath|Instr_E[8]                                                                                          ; Deleted          ; Timing optimization ;
; rv32i_cpu:icpu|datapath:i_datapath|Instr_E[8]_OTERM185                                                                                 ; Retimed Register ; Timing optimization ;
; rv32i_cpu:icpu|datapath:i_datapath|Instr_E[8]_OTERM187                                                                                 ; Retimed Register ; Timing optimization ;
; rv32i_cpu:icpu|datapath:i_datapath|Instr_E[9]                                                                                          ; Deleted          ; Timing optimization ;
; rv32i_cpu:icpu|datapath:i_datapath|Instr_E[9]_OTERM173                                                                                 ; Retimed Register ; Timing optimization ;
; rv32i_cpu:icpu|datapath:i_datapath|Instr_E[9]_OTERM175                                                                                 ; Retimed Register ; Timing optimization ;
; rv32i_cpu:icpu|datapath:i_datapath|Instr_E[9]_OTERM177                                                                                 ; Retimed Register ; Timing optimization ;
; rv32i_cpu:icpu|datapath:i_datapath|Instr_E[9]_OTERM179                                                                                 ; Retimed Register ; Timing optimization ;
; rv32i_cpu:icpu|datapath:i_datapath|Instr_E[10]                                                                                         ; Deleted          ; Timing optimization ;
; rv32i_cpu:icpu|datapath:i_datapath|Instr_E[10]_OTERM189                                                                                ; Retimed Register ; Timing optimization ;
; rv32i_cpu:icpu|datapath:i_datapath|Instr_E[10]_OTERM191                                                                                ; Retimed Register ; Timing optimization ;
; rv32i_cpu:icpu|datapath:i_datapath|Instr_E[11]                                                                                         ; Deleted          ; Timing optimization ;
; rv32i_cpu:icpu|datapath:i_datapath|Instr_E[11]_OTERM181                                                                                ; Retimed Register ; Timing optimization ;
; rv32i_cpu:icpu|datapath:i_datapath|Instr_E[11]_OTERM183                                                                                ; Retimed Register ; Timing optimization ;
; rv32i_cpu:icpu|datapath:i_datapath|Instr_E[12]                                                                                         ; Deleted          ; Timing optimization ;
; rv32i_cpu:icpu|datapath:i_datapath|Instr_E[12]_OTERM201                                                                                ; Retimed Register ; Timing optimization ;
; rv32i_cpu:icpu|datapath:i_datapath|Instr_E[13]                                                                                         ; Deleted          ; Timing optimization ;
; rv32i_cpu:icpu|datapath:i_datapath|Instr_E[13]_OTERM203                                                                                ; Retimed Register ; Timing optimization ;
; rv32i_cpu:icpu|datapath:i_datapath|Instr_E[14]                                                                                         ; Deleted          ; Timing optimization ;
; rv32i_cpu:icpu|datapath:i_datapath|Instr_E[14]_OTERM195                                                                                ; Retimed Register ; Timing optimization ;
; rv32i_cpu:icpu|datapath:i_datapath|Instr_E[14]_OTERM197                                                                                ; Retimed Register ; Timing optimization ;
; rv32i_cpu:icpu|datapath:i_datapath|Instr_E[14]_OTERM199                                                                                ; Retimed Register ; Timing optimization ;
; rv32i_cpu:icpu|datapath:i_datapath|MemWrite_E                                                                                          ; Deleted          ; Timing optimization ;
; rv32i_cpu:icpu|datapath:i_datapath|MemWrite_E_OTERM465                                                                                 ; Retimed Register ; Timing optimization ;
; rv32i_cpu:icpu|datapath:i_datapath|MemWrite_E_OTERM689                                                                                 ; Retimed Register ; Timing optimization ;
; rv32i_cpu:icpu|datapath:i_datapath|PCPlus4_D[2]                                                                                        ; Deleted          ; Timing optimization ;
; rv32i_cpu:icpu|datapath:i_datapath|PCPlus4_D[2]_NEW_REG82_OTERM775                                                                     ; Retimed Register ; Timing optimization ;
; rv32i_cpu:icpu|datapath:i_datapath|PCPlus4_D[2]_OTERM83_OTERM1363                                                                      ; Retimed Register ; Timing optimization ;
; rv32i_cpu:icpu|datapath:i_datapath|PCPlus4_D[3]                                                                                        ; Deleted          ; Timing optimization ;
; rv32i_cpu:icpu|datapath:i_datapath|PCPlus4_D[3]_NEW_REG80_OTERM777                                                                     ; Retimed Register ; Timing optimization ;
; rv32i_cpu:icpu|datapath:i_datapath|PCPlus4_D[3]_OTERM81_OTERM1365                                                                      ; Retimed Register ; Timing optimization ;
; rv32i_cpu:icpu|datapath:i_datapath|PCPlus4_D[3]_OTERM81_OTERM1367                                                                      ; Retimed Register ; Timing optimization ;
; rv32i_cpu:icpu|datapath:i_datapath|PCPlus4_D[4]                                                                                        ; Deleted          ; Timing optimization ;
; rv32i_cpu:icpu|datapath:i_datapath|PCPlus4_D[4]_NEW_REG78_OTERM779                                                                     ; Retimed Register ; Timing optimization ;
; rv32i_cpu:icpu|datapath:i_datapath|PCPlus4_D[4]_OTERM79_OTERM1369                                                                      ; Retimed Register ; Timing optimization ;
; rv32i_cpu:icpu|datapath:i_datapath|PCPlus4_D[4]_OTERM79_OTERM1371                                                                      ; Retimed Register ; Timing optimization ;
; rv32i_cpu:icpu|datapath:i_datapath|PCPlus4_D[5]                                                                                        ; Deleted          ; Timing optimization ;
; rv32i_cpu:icpu|datapath:i_datapath|PCPlus4_D[5]_NEW_REG72_OTERM785                                                                     ; Retimed Register ; Timing optimization ;
; rv32i_cpu:icpu|datapath:i_datapath|PCPlus4_D[5]_OTERM73_OTERM1381                                                                      ; Retimed Register ; Timing optimization ;
; rv32i_cpu:icpu|datapath:i_datapath|PCPlus4_D[5]_OTERM73_OTERM1383                                                                      ; Retimed Register ; Timing optimization ;
; rv32i_cpu:icpu|datapath:i_datapath|PCPlus4_D[6]                                                                                        ; Deleted          ; Timing optimization ;
; rv32i_cpu:icpu|datapath:i_datapath|PCPlus4_D[6]_NEW_REG74_OTERM783                                                                     ; Retimed Register ; Timing optimization ;
; rv32i_cpu:icpu|datapath:i_datapath|PCPlus4_D[6]_OTERM75_OTERM1377                                                                      ; Retimed Register ; Timing optimization ;
; rv32i_cpu:icpu|datapath:i_datapath|PCPlus4_D[6]_OTERM75_OTERM1379                                                                      ; Retimed Register ; Timing optimization ;
; rv32i_cpu:icpu|datapath:i_datapath|PCPlus4_D[7]                                                                                        ; Deleted          ; Timing optimization ;
; rv32i_cpu:icpu|datapath:i_datapath|PCPlus4_D[7]_NEW_REG76_OTERM781                                                                     ; Retimed Register ; Timing optimization ;
; rv32i_cpu:icpu|datapath:i_datapath|PCPlus4_D[7]_OTERM77_OTERM1373                                                                      ; Retimed Register ; Timing optimization ;
; rv32i_cpu:icpu|datapath:i_datapath|PCPlus4_D[7]_OTERM77_OTERM1375                                                                      ; Retimed Register ; Timing optimization ;
; rv32i_cpu:icpu|datapath:i_datapath|PCPlus4_D[8]                                                                                        ; Deleted          ; Timing optimization ;
; rv32i_cpu:icpu|datapath:i_datapath|PCPlus4_D[8]_NEW_REG84_OTERM773                                                                     ; Retimed Register ; Timing optimization ;
; rv32i_cpu:icpu|datapath:i_datapath|PCPlus4_D[8]_OTERM85_OTERM1359                                                                      ; Retimed Register ; Timing optimization ;
; rv32i_cpu:icpu|datapath:i_datapath|PCPlus4_D[8]_OTERM85_OTERM1361                                                                      ; Retimed Register ; Timing optimization ;
; rv32i_cpu:icpu|datapath:i_datapath|PCPlus4_D[9]                                                                                        ; Deleted          ; Timing optimization ;
; rv32i_cpu:icpu|datapath:i_datapath|PCPlus4_D[9]_NEW_REG86_OTERM771                                                                     ; Retimed Register ; Timing optimization ;
; rv32i_cpu:icpu|datapath:i_datapath|PCPlus4_D[9]_OTERM87_OTERM1355                                                                      ; Retimed Register ; Timing optimization ;
; rv32i_cpu:icpu|datapath:i_datapath|PCPlus4_D[9]_OTERM87_OTERM1357                                                                      ; Retimed Register ; Timing optimization ;
; rv32i_cpu:icpu|datapath:i_datapath|PCPlus4_D[10]                                                                                       ; Deleted          ; Timing optimization ;
; rv32i_cpu:icpu|datapath:i_datapath|PCPlus4_D[10]_NEW_REG88_OTERM769                                                                    ; Retimed Register ; Timing optimization ;
; rv32i_cpu:icpu|datapath:i_datapath|PCPlus4_D[10]_OTERM89_OTERM1351                                                                     ; Retimed Register ; Timing optimization ;
; rv32i_cpu:icpu|datapath:i_datapath|PCPlus4_D[10]_OTERM89_OTERM1353                                                                     ; Retimed Register ; Timing optimization ;
; rv32i_cpu:icpu|datapath:i_datapath|PCPlus4_D[11]                                                                                       ; Deleted          ; Timing optimization ;
; rv32i_cpu:icpu|datapath:i_datapath|PCPlus4_D[11]_NEW_REG90_OTERM767                                                                    ; Retimed Register ; Timing optimization ;
; rv32i_cpu:icpu|datapath:i_datapath|PCPlus4_D[11]_OTERM91_OTERM1347                                                                     ; Retimed Register ; Timing optimization ;
; rv32i_cpu:icpu|datapath:i_datapath|PCPlus4_D[11]_OTERM91_OTERM1349                                                                     ; Retimed Register ; Timing optimization ;
; rv32i_cpu:icpu|datapath:i_datapath|PCPlus4_D[12]                                                                                       ; Deleted          ; Timing optimization ;
; rv32i_cpu:icpu|datapath:i_datapath|PCPlus4_D[12]_NEW_REG94_OTERM763                                                                    ; Retimed Register ; Timing optimization ;
; rv32i_cpu:icpu|datapath:i_datapath|PCPlus4_D[12]_OTERM95_OTERM1339                                                                     ; Retimed Register ; Timing optimization ;
; rv32i_cpu:icpu|datapath:i_datapath|PCPlus4_D[12]_OTERM95_OTERM1341                                                                     ; Retimed Register ; Timing optimization ;
; rv32i_cpu:icpu|datapath:i_datapath|PCPlus4_D[13]                                                                                       ; Deleted          ; Timing optimization ;
; rv32i_cpu:icpu|datapath:i_datapath|PCPlus4_D[13]_NEW_REG92_OTERM765                                                                    ; Retimed Register ; Timing optimization ;
; rv32i_cpu:icpu|datapath:i_datapath|PCPlus4_D[13]_OTERM93_OTERM1343                                                                     ; Retimed Register ; Timing optimization ;
; rv32i_cpu:icpu|datapath:i_datapath|PCPlus4_D[13]_OTERM93_OTERM1345                                                                     ; Retimed Register ; Timing optimization ;
; rv32i_cpu:icpu|datapath:i_datapath|PCPlus4_D[14]                                                                                       ; Deleted          ; Timing optimization ;
; rv32i_cpu:icpu|datapath:i_datapath|PCPlus4_D[14]_NEW_REG96_OTERM761                                                                    ; Retimed Register ; Timing optimization ;
; rv32i_cpu:icpu|datapath:i_datapath|PCPlus4_D[14]_OTERM97_OTERM1335                                                                     ; Retimed Register ; Timing optimization ;
; rv32i_cpu:icpu|datapath:i_datapath|PCPlus4_D[14]_OTERM97_OTERM1337                                                                     ; Retimed Register ; Timing optimization ;
; rv32i_cpu:icpu|datapath:i_datapath|PCPlus4_D[15]                                                                                       ; Deleted          ; Timing optimization ;
; rv32i_cpu:icpu|datapath:i_datapath|PCPlus4_D[15]_NEW_REG98_OTERM759                                                                    ; Retimed Register ; Timing optimization ;
; rv32i_cpu:icpu|datapath:i_datapath|PCPlus4_D[15]_OTERM99_OTERM1331                                                                     ; Retimed Register ; Timing optimization ;
; rv32i_cpu:icpu|datapath:i_datapath|PCPlus4_D[15]_OTERM99_OTERM1333                                                                     ; Retimed Register ; Timing optimization ;
; rv32i_cpu:icpu|datapath:i_datapath|PCPlus4_D[16]                                                                                       ; Deleted          ; Timing optimization ;
; rv32i_cpu:icpu|datapath:i_datapath|PCPlus4_D[16]_NEW_REG100_OTERM757                                                                   ; Retimed Register ; Timing optimization ;
; rv32i_cpu:icpu|datapath:i_datapath|PCPlus4_D[16]_OTERM101_OTERM1327                                                                    ; Retimed Register ; Timing optimization ;
; rv32i_cpu:icpu|datapath:i_datapath|PCPlus4_D[16]_OTERM101_OTERM1329                                                                    ; Retimed Register ; Timing optimization ;
; rv32i_cpu:icpu|datapath:i_datapath|PCPlus4_D[17]                                                                                       ; Deleted          ; Timing optimization ;
; rv32i_cpu:icpu|datapath:i_datapath|PCPlus4_D[17]_NEW_REG102_OTERM755                                                                   ; Retimed Register ; Timing optimization ;
; rv32i_cpu:icpu|datapath:i_datapath|PCPlus4_D[17]_OTERM103_OTERM1323                                                                    ; Retimed Register ; Timing optimization ;
; rv32i_cpu:icpu|datapath:i_datapath|PCPlus4_D[17]_OTERM103_OTERM1325                                                                    ; Retimed Register ; Timing optimization ;
; rv32i_cpu:icpu|datapath:i_datapath|PCPlus4_D[18]                                                                                       ; Deleted          ; Timing optimization ;
; rv32i_cpu:icpu|datapath:i_datapath|PCPlus4_D[18]_NEW_REG104_OTERM753                                                                   ; Retimed Register ; Timing optimization ;
; rv32i_cpu:icpu|datapath:i_datapath|PCPlus4_D[18]_OTERM105_OTERM1319                                                                    ; Retimed Register ; Timing optimization ;
; rv32i_cpu:icpu|datapath:i_datapath|PCPlus4_D[18]_OTERM105_OTERM1321                                                                    ; Retimed Register ; Timing optimization ;
; rv32i_cpu:icpu|datapath:i_datapath|PCPlus4_D[19]                                                                                       ; Deleted          ; Timing optimization ;
; rv32i_cpu:icpu|datapath:i_datapath|PCPlus4_D[19]_NEW_REG106_OTERM751                                                                   ; Retimed Register ; Timing optimization ;
; rv32i_cpu:icpu|datapath:i_datapath|PCPlus4_D[19]_OTERM107_OTERM1315                                                                    ; Retimed Register ; Timing optimization ;
; rv32i_cpu:icpu|datapath:i_datapath|PCPlus4_D[19]_OTERM107_OTERM1317                                                                    ; Retimed Register ; Timing optimization ;
; rv32i_cpu:icpu|datapath:i_datapath|PCPlus4_D[20]                                                                                       ; Deleted          ; Timing optimization ;
; rv32i_cpu:icpu|datapath:i_datapath|PCPlus4_D[20]_NEW_REG108_OTERM749                                                                   ; Retimed Register ; Timing optimization ;
; rv32i_cpu:icpu|datapath:i_datapath|PCPlus4_D[20]_OTERM109_OTERM1311                                                                    ; Retimed Register ; Timing optimization ;
; rv32i_cpu:icpu|datapath:i_datapath|PCPlus4_D[20]_OTERM109_OTERM1313                                                                    ; Retimed Register ; Timing optimization ;
; rv32i_cpu:icpu|datapath:i_datapath|PCPlus4_D[21]                                                                                       ; Deleted          ; Timing optimization ;
; rv32i_cpu:icpu|datapath:i_datapath|PCPlus4_D[21]_NEW_REG110_OTERM747                                                                   ; Retimed Register ; Timing optimization ;
; rv32i_cpu:icpu|datapath:i_datapath|PCPlus4_D[21]_OTERM111_OTERM1307                                                                    ; Retimed Register ; Timing optimization ;
; rv32i_cpu:icpu|datapath:i_datapath|PCPlus4_D[21]_OTERM111_OTERM1309                                                                    ; Retimed Register ; Timing optimization ;
; rv32i_cpu:icpu|datapath:i_datapath|PCPlus4_D[22]                                                                                       ; Deleted          ; Timing optimization ;
; rv32i_cpu:icpu|datapath:i_datapath|PCPlus4_D[22]_NEW_REG112_OTERM745                                                                   ; Retimed Register ; Timing optimization ;
; rv32i_cpu:icpu|datapath:i_datapath|PCPlus4_D[22]_OTERM113_OTERM1303                                                                    ; Retimed Register ; Timing optimization ;
; rv32i_cpu:icpu|datapath:i_datapath|PCPlus4_D[22]_OTERM113_OTERM1305                                                                    ; Retimed Register ; Timing optimization ;
; rv32i_cpu:icpu|datapath:i_datapath|PCPlus4_D[23]                                                                                       ; Deleted          ; Timing optimization ;
; rv32i_cpu:icpu|datapath:i_datapath|PCPlus4_D[23]_NEW_REG114_OTERM743                                                                   ; Retimed Register ; Timing optimization ;
; rv32i_cpu:icpu|datapath:i_datapath|PCPlus4_D[23]_OTERM115_OTERM1299                                                                    ; Retimed Register ; Timing optimization ;
; rv32i_cpu:icpu|datapath:i_datapath|PCPlus4_D[23]_OTERM115_OTERM1301                                                                    ; Retimed Register ; Timing optimization ;
; rv32i_cpu:icpu|datapath:i_datapath|PCPlus4_D[24]                                                                                       ; Deleted          ; Timing optimization ;
; rv32i_cpu:icpu|datapath:i_datapath|PCPlus4_D[24]_NEW_REG116_OTERM741                                                                   ; Retimed Register ; Timing optimization ;
; rv32i_cpu:icpu|datapath:i_datapath|PCPlus4_D[24]_OTERM117_OTERM1295                                                                    ; Retimed Register ; Timing optimization ;
; rv32i_cpu:icpu|datapath:i_datapath|PCPlus4_D[24]_OTERM117_OTERM1297                                                                    ; Retimed Register ; Timing optimization ;
; rv32i_cpu:icpu|datapath:i_datapath|PCPlus4_D[25]                                                                                       ; Deleted          ; Timing optimization ;
; rv32i_cpu:icpu|datapath:i_datapath|PCPlus4_D[25]_NEW_REG118_OTERM739                                                                   ; Retimed Register ; Timing optimization ;
; rv32i_cpu:icpu|datapath:i_datapath|PCPlus4_D[25]_OTERM119_OTERM1291                                                                    ; Retimed Register ; Timing optimization ;
; rv32i_cpu:icpu|datapath:i_datapath|PCPlus4_D[25]_OTERM119_OTERM1293                                                                    ; Retimed Register ; Timing optimization ;
; rv32i_cpu:icpu|datapath:i_datapath|PCPlus4_D[26]                                                                                       ; Deleted          ; Timing optimization ;
; rv32i_cpu:icpu|datapath:i_datapath|PCPlus4_D[26]_NEW_REG120_OTERM737                                                                   ; Retimed Register ; Timing optimization ;
; rv32i_cpu:icpu|datapath:i_datapath|PCPlus4_D[26]_OTERM121_OTERM1287                                                                    ; Retimed Register ; Timing optimization ;
; rv32i_cpu:icpu|datapath:i_datapath|PCPlus4_D[26]_OTERM121_OTERM1289                                                                    ; Retimed Register ; Timing optimization ;
; rv32i_cpu:icpu|datapath:i_datapath|PCPlus4_D[27]                                                                                       ; Deleted          ; Timing optimization ;
; rv32i_cpu:icpu|datapath:i_datapath|PCPlus4_D[27]_NEW_REG122_OTERM735                                                                   ; Retimed Register ; Timing optimization ;
; rv32i_cpu:icpu|datapath:i_datapath|PCPlus4_D[27]_OTERM123_OTERM1283                                                                    ; Retimed Register ; Timing optimization ;
; rv32i_cpu:icpu|datapath:i_datapath|PCPlus4_D[27]_OTERM123_OTERM1285                                                                    ; Retimed Register ; Timing optimization ;
; rv32i_cpu:icpu|datapath:i_datapath|PCPlus4_D[28]                                                                                       ; Deleted          ; Timing optimization ;
; rv32i_cpu:icpu|datapath:i_datapath|PCPlus4_D[28]_NEW_REG124_OTERM733                                                                   ; Retimed Register ; Timing optimization ;
; rv32i_cpu:icpu|datapath:i_datapath|PCPlus4_D[28]_OTERM125_OTERM1279                                                                    ; Retimed Register ; Timing optimization ;
; rv32i_cpu:icpu|datapath:i_datapath|PCPlus4_D[28]_OTERM125_OTERM1281                                                                    ; Retimed Register ; Timing optimization ;
; rv32i_cpu:icpu|datapath:i_datapath|PCPlus4_D[29]                                                                                       ; Deleted          ; Timing optimization ;
; rv32i_cpu:icpu|datapath:i_datapath|PCPlus4_D[29]_NEW_REG126_OTERM731                                                                   ; Retimed Register ; Timing optimization ;
; rv32i_cpu:icpu|datapath:i_datapath|PCPlus4_D[29]_OTERM127_OTERM1275                                                                    ; Retimed Register ; Timing optimization ;
; rv32i_cpu:icpu|datapath:i_datapath|PCPlus4_D[29]_OTERM127_OTERM1277                                                                    ; Retimed Register ; Timing optimization ;
; rv32i_cpu:icpu|datapath:i_datapath|PCPlus4_D[30]                                                                                       ; Deleted          ; Timing optimization ;
; rv32i_cpu:icpu|datapath:i_datapath|PCPlus4_D[30]_NEW_REG128_OTERM729                                                                   ; Retimed Register ; Timing optimization ;
; rv32i_cpu:icpu|datapath:i_datapath|PCPlus4_D[30]_OTERM129_OTERM1271                                                                    ; Retimed Register ; Timing optimization ;
; rv32i_cpu:icpu|datapath:i_datapath|PCPlus4_D[30]_OTERM129_OTERM1273                                                                    ; Retimed Register ; Timing optimization ;
; rv32i_cpu:icpu|datapath:i_datapath|PCPlus4_D[31]                                                                                       ; Deleted          ; Timing optimization ;
; rv32i_cpu:icpu|datapath:i_datapath|PCPlus4_D[31]_NEW_REG130_OTERM727                                                                   ; Retimed Register ; Timing optimization ;
; rv32i_cpu:icpu|datapath:i_datapath|PCPlus4_D[31]_OTERM131_OTERM1267                                                                    ; Retimed Register ; Timing optimization ;
; rv32i_cpu:icpu|datapath:i_datapath|PCPlus4_D[31]_OTERM131_OTERM1269                                                                    ; Retimed Register ; Timing optimization ;
; rv32i_cpu:icpu|datapath:i_datapath|PCPlus4_D[31]~0                                                                                     ; Modified         ; Timing optimization ;
; rv32i_cpu:icpu|datapath:i_datapath|PCPlus4_D[31]~0_Duplicate_32                                                                        ; Retimed Register ; Timing optimization ;
; rv32i_cpu:icpu|datapath:i_datapath|PCPlus4_D[31]~0_RTM01441                                                                            ; Modified         ; Timing optimization ;
; rv32i_cpu:icpu|datapath:i_datapath|PCPlus4_E[0]                                                                                        ; Deleted          ; Timing optimization ;
; rv32i_cpu:icpu|datapath:i_datapath|PCPlus4_E[0]_OTERM283                                                                               ; Retimed Register ; Timing optimization ;
; rv32i_cpu:icpu|datapath:i_datapath|PCPlus4_E[1]                                                                                        ; Deleted          ; Timing optimization ;
; rv32i_cpu:icpu|datapath:i_datapath|PCPlus4_E[1]_OTERM289                                                                               ; Retimed Register ; Timing optimization ;
; rv32i_cpu:icpu|datapath:i_datapath|PCSrc[0]~2_Duplicate_16                                                                             ; Retimed Register ; Timing optimization ;
; rv32i_cpu:icpu|datapath:i_datapath|PCSrc[0]~2_Duplicate_18                                                                             ; Retimed Register ; Timing optimization ;
; rv32i_cpu:icpu|datapath:i_datapath|PCSrc[0]~4_Duplicate_13                                                                             ; Retimed Register ; Timing optimization ;
; rv32i_cpu:icpu|datapath:i_datapath|PCSrc[0]~4_Duplicate_15                                                                             ; Retimed Register ; Timing optimization ;
; rv32i_cpu:icpu|datapath:i_datapath|PCSrc[0]~5_Duplicate_8                                                                              ; Retimed Register ; Timing optimization ;
; rv32i_cpu:icpu|datapath:i_datapath|PCSrc[0]~5_Duplicate_8_Duplicate                                                                    ; Retimed Register ; Timing optimization ;
; rv32i_cpu:icpu|datapath:i_datapath|PCSrc[0]~5_Duplicate_8_Duplicate_20                                                                 ; Retimed Register ; Timing optimization ;
; rv32i_cpu:icpu|datapath:i_datapath|PCSrc[0]~5_Duplicate_8_Duplicate_22                                                                 ; Retimed Register ; Timing optimization ;
; rv32i_cpu:icpu|datapath:i_datapath|PCSrc[0]~5_Duplicate_10                                                                             ; Retimed Register ; Timing optimization ;
; rv32i_cpu:icpu|datapath:i_datapath|PCSrc[0]~5_Duplicate_12                                                                             ; Retimed Register ; Timing optimization ;
; rv32i_cpu:icpu|datapath:i_datapath|PC_D[0]                                                                                             ; Deleted          ; Timing optimization ;
; rv32i_cpu:icpu|datapath:i_datapath|PC_D[0]_NEW_REG64_OTERM793                                                                          ; Retimed Register ; Timing optimization ;
; rv32i_cpu:icpu|datapath:i_datapath|PC_D[0]_OTERM65_OTERM1153                                                                           ; Retimed Register ; Timing optimization ;
; rv32i_cpu:icpu|datapath:i_datapath|PC_D[0]_OTERM65_OTERM1155                                                                           ; Retimed Register ; Timing optimization ;
; rv32i_cpu:icpu|datapath:i_datapath|PC_D[1]                                                                                             ; Deleted          ; Timing optimization ;
; rv32i_cpu:icpu|datapath:i_datapath|PC_D[1]_NEW_REG40_OTERM817                                                                          ; Retimed Register ; Timing optimization ;
; rv32i_cpu:icpu|datapath:i_datapath|PC_D[1]_OTERM41_OTERM1201                                                                           ; Retimed Register ; Timing optimization ;
; rv32i_cpu:icpu|datapath:i_datapath|PC_D[2]                                                                                             ; Deleted          ; Timing optimization ;
; rv32i_cpu:icpu|datapath:i_datapath|PC_D[2]_NEW_REG44_OTERM813                                                                          ; Retimed Register ; Timing optimization ;
; rv32i_cpu:icpu|datapath:i_datapath|PC_D[2]_OTERM45_OTERM1193                                                                           ; Retimed Register ; Timing optimization ;
; rv32i_cpu:icpu|datapath:i_datapath|PC_D[2]_OTERM45_OTERM1195                                                                           ; Retimed Register ; Timing optimization ;
; rv32i_cpu:icpu|datapath:i_datapath|PC_D[3]                                                                                             ; Deleted          ; Timing optimization ;
; rv32i_cpu:icpu|datapath:i_datapath|PC_D[3]_NEW_REG42_OTERM815                                                                          ; Retimed Register ; Timing optimization ;
; rv32i_cpu:icpu|datapath:i_datapath|PC_D[3]_OTERM43_OTERM1197                                                                           ; Retimed Register ; Timing optimization ;
; rv32i_cpu:icpu|datapath:i_datapath|PC_D[3]_OTERM43_OTERM1199                                                                           ; Retimed Register ; Timing optimization ;
; rv32i_cpu:icpu|datapath:i_datapath|PC_D[4]                                                                                             ; Deleted          ; Timing optimization ;
; rv32i_cpu:icpu|datapath:i_datapath|PC_D[4]_NEW_REG38_OTERM819                                                                          ; Retimed Register ; Timing optimization ;
; rv32i_cpu:icpu|datapath:i_datapath|PC_D[4]_OTERM39_OTERM1203                                                                           ; Retimed Register ; Timing optimization ;
; rv32i_cpu:icpu|datapath:i_datapath|PC_D[4]_OTERM39_OTERM1205                                                                           ; Retimed Register ; Timing optimization ;
; rv32i_cpu:icpu|datapath:i_datapath|PC_D[5]                                                                                             ; Deleted          ; Timing optimization ;
; rv32i_cpu:icpu|datapath:i_datapath|PC_D[5]_NEW_REG66_OTERM791                                                                          ; Retimed Register ; Timing optimization ;
; rv32i_cpu:icpu|datapath:i_datapath|PC_D[5]_OTERM67_OTERM1149                                                                           ; Retimed Register ; Timing optimization ;
; rv32i_cpu:icpu|datapath:i_datapath|PC_D[5]_OTERM67_OTERM1151                                                                           ; Retimed Register ; Timing optimization ;
; rv32i_cpu:icpu|datapath:i_datapath|PC_D[6]                                                                                             ; Deleted          ; Timing optimization ;
; rv32i_cpu:icpu|datapath:i_datapath|PC_D[6]_NEW_REG68_OTERM789                                                                          ; Retimed Register ; Timing optimization ;
; rv32i_cpu:icpu|datapath:i_datapath|PC_D[6]_OTERM69_OTERM1145                                                                           ; Retimed Register ; Timing optimization ;
; rv32i_cpu:icpu|datapath:i_datapath|PC_D[6]_OTERM69_OTERM1147                                                                           ; Retimed Register ; Timing optimization ;
; rv32i_cpu:icpu|datapath:i_datapath|PC_D[7]                                                                                             ; Deleted          ; Timing optimization ;
; rv32i_cpu:icpu|datapath:i_datapath|PC_D[7]_NEW_REG70_OTERM787                                                                          ; Retimed Register ; Timing optimization ;
; rv32i_cpu:icpu|datapath:i_datapath|PC_D[7]_OTERM71_OTERM1141                                                                           ; Retimed Register ; Timing optimization ;
; rv32i_cpu:icpu|datapath:i_datapath|PC_D[7]_OTERM71_OTERM1143                                                                           ; Retimed Register ; Timing optimization ;
; rv32i_cpu:icpu|datapath:i_datapath|PC_D[8]                                                                                             ; Deleted          ; Timing optimization ;
; rv32i_cpu:icpu|datapath:i_datapath|PC_D[8]_NEW_REG46_OTERM811                                                                          ; Retimed Register ; Timing optimization ;
; rv32i_cpu:icpu|datapath:i_datapath|PC_D[8]_OTERM47_OTERM1189                                                                           ; Retimed Register ; Timing optimization ;
; rv32i_cpu:icpu|datapath:i_datapath|PC_D[8]_OTERM47_OTERM1191                                                                           ; Retimed Register ; Timing optimization ;
; rv32i_cpu:icpu|datapath:i_datapath|PC_D[9]                                                                                             ; Deleted          ; Timing optimization ;
; rv32i_cpu:icpu|datapath:i_datapath|PC_D[9]_NEW_REG48_OTERM809                                                                          ; Retimed Register ; Timing optimization ;
; rv32i_cpu:icpu|datapath:i_datapath|PC_D[9]_OTERM49_OTERM1185                                                                           ; Retimed Register ; Timing optimization ;
; rv32i_cpu:icpu|datapath:i_datapath|PC_D[9]_OTERM49_OTERM1187                                                                           ; Retimed Register ; Timing optimization ;
; rv32i_cpu:icpu|datapath:i_datapath|PC_D[10]                                                                                            ; Deleted          ; Timing optimization ;
; rv32i_cpu:icpu|datapath:i_datapath|PC_D[10]_NEW_REG50_OTERM807                                                                         ; Retimed Register ; Timing optimization ;
; rv32i_cpu:icpu|datapath:i_datapath|PC_D[10]_OTERM51_OTERM1181                                                                          ; Retimed Register ; Timing optimization ;
; rv32i_cpu:icpu|datapath:i_datapath|PC_D[10]_OTERM51_OTERM1183                                                                          ; Retimed Register ; Timing optimization ;
; rv32i_cpu:icpu|datapath:i_datapath|PC_D[11]                                                                                            ; Deleted          ; Timing optimization ;
; rv32i_cpu:icpu|datapath:i_datapath|PC_D[11]_NEW_REG52_OTERM805                                                                         ; Retimed Register ; Timing optimization ;
; rv32i_cpu:icpu|datapath:i_datapath|PC_D[11]_OTERM53_OTERM1177                                                                          ; Retimed Register ; Timing optimization ;
; rv32i_cpu:icpu|datapath:i_datapath|PC_D[11]_OTERM53_OTERM1179                                                                          ; Retimed Register ; Timing optimization ;
; rv32i_cpu:icpu|datapath:i_datapath|PC_D[12]                                                                                            ; Deleted          ; Timing optimization ;
; rv32i_cpu:icpu|datapath:i_datapath|PC_D[12]_NEW_REG56_OTERM801                                                                         ; Retimed Register ; Timing optimization ;
; rv32i_cpu:icpu|datapath:i_datapath|PC_D[12]_OTERM57_OTERM1169                                                                          ; Retimed Register ; Timing optimization ;
; rv32i_cpu:icpu|datapath:i_datapath|PC_D[12]_OTERM57_OTERM1171                                                                          ; Retimed Register ; Timing optimization ;
; rv32i_cpu:icpu|datapath:i_datapath|PC_D[13]                                                                                            ; Deleted          ; Timing optimization ;
; rv32i_cpu:icpu|datapath:i_datapath|PC_D[13]_NEW_REG54_OTERM803                                                                         ; Retimed Register ; Timing optimization ;
; rv32i_cpu:icpu|datapath:i_datapath|PC_D[13]_OTERM55_OTERM1173                                                                          ; Retimed Register ; Timing optimization ;
; rv32i_cpu:icpu|datapath:i_datapath|PC_D[13]_OTERM55_OTERM1175                                                                          ; Retimed Register ; Timing optimization ;
; rv32i_cpu:icpu|datapath:i_datapath|PC_D[14]                                                                                            ; Deleted          ; Timing optimization ;
; rv32i_cpu:icpu|datapath:i_datapath|PC_D[14]_NEW_REG58_OTERM799                                                                         ; Retimed Register ; Timing optimization ;
; rv32i_cpu:icpu|datapath:i_datapath|PC_D[14]_OTERM59_OTERM1165                                                                          ; Retimed Register ; Timing optimization ;
; rv32i_cpu:icpu|datapath:i_datapath|PC_D[14]_OTERM59_OTERM1167                                                                          ; Retimed Register ; Timing optimization ;
; rv32i_cpu:icpu|datapath:i_datapath|PC_D[15]                                                                                            ; Deleted          ; Timing optimization ;
; rv32i_cpu:icpu|datapath:i_datapath|PC_D[15]_NEW_REG60_OTERM797                                                                         ; Retimed Register ; Timing optimization ;
; rv32i_cpu:icpu|datapath:i_datapath|PC_D[15]_OTERM61_OTERM1161                                                                          ; Retimed Register ; Timing optimization ;
; rv32i_cpu:icpu|datapath:i_datapath|PC_D[15]_OTERM61_OTERM1163                                                                          ; Retimed Register ; Timing optimization ;
; rv32i_cpu:icpu|datapath:i_datapath|PC_D[16]                                                                                            ; Deleted          ; Timing optimization ;
; rv32i_cpu:icpu|datapath:i_datapath|PC_D[16]_NEW_REG28_OTERM829                                                                         ; Retimed Register ; Timing optimization ;
; rv32i_cpu:icpu|datapath:i_datapath|PC_D[16]_OTERM29_OTERM1223                                                                          ; Retimed Register ; Timing optimization ;
; rv32i_cpu:icpu|datapath:i_datapath|PC_D[16]_OTERM29_OTERM1225                                                                          ; Retimed Register ; Timing optimization ;
; rv32i_cpu:icpu|datapath:i_datapath|PC_D[17]                                                                                            ; Deleted          ; Timing optimization ;
; rv32i_cpu:icpu|datapath:i_datapath|PC_D[17]_NEW_REG16_OTERM841                                                                         ; Retimed Register ; Timing optimization ;
; rv32i_cpu:icpu|datapath:i_datapath|PC_D[17]_OTERM17_OTERM1247                                                                          ; Retimed Register ; Timing optimization ;
; rv32i_cpu:icpu|datapath:i_datapath|PC_D[17]_OTERM17_OTERM1249                                                                          ; Retimed Register ; Timing optimization ;
; rv32i_cpu:icpu|datapath:i_datapath|PC_D[18]                                                                                            ; Deleted          ; Timing optimization ;
; rv32i_cpu:icpu|datapath:i_datapath|PC_D[18]_NEW_REG20_OTERM837                                                                         ; Retimed Register ; Timing optimization ;
; rv32i_cpu:icpu|datapath:i_datapath|PC_D[18]_OTERM21_OTERM1239                                                                          ; Retimed Register ; Timing optimization ;
; rv32i_cpu:icpu|datapath:i_datapath|PC_D[18]_OTERM21_OTERM1241                                                                          ; Retimed Register ; Timing optimization ;
; rv32i_cpu:icpu|datapath:i_datapath|PC_D[19]                                                                                            ; Deleted          ; Timing optimization ;
; rv32i_cpu:icpu|datapath:i_datapath|PC_D[19]_NEW_REG30_OTERM827                                                                         ; Retimed Register ; Timing optimization ;
; rv32i_cpu:icpu|datapath:i_datapath|PC_D[19]_OTERM31_OTERM1219                                                                          ; Retimed Register ; Timing optimization ;
; rv32i_cpu:icpu|datapath:i_datapath|PC_D[19]_OTERM31_OTERM1221                                                                          ; Retimed Register ; Timing optimization ;
; rv32i_cpu:icpu|datapath:i_datapath|PC_D[20]                                                                                            ; Deleted          ; Timing optimization ;
; rv32i_cpu:icpu|datapath:i_datapath|PC_D[20]_NEW_REG22_OTERM835                                                                         ; Retimed Register ; Timing optimization ;
; rv32i_cpu:icpu|datapath:i_datapath|PC_D[20]_OTERM23_OTERM1235                                                                          ; Retimed Register ; Timing optimization ;
; rv32i_cpu:icpu|datapath:i_datapath|PC_D[20]_OTERM23_OTERM1237                                                                          ; Retimed Register ; Timing optimization ;
; rv32i_cpu:icpu|datapath:i_datapath|PC_D[21]                                                                                            ; Deleted          ; Timing optimization ;
; rv32i_cpu:icpu|datapath:i_datapath|PC_D[21]_NEW_REG18_OTERM839                                                                         ; Retimed Register ; Timing optimization ;
; rv32i_cpu:icpu|datapath:i_datapath|PC_D[21]_OTERM19_OTERM1243                                                                          ; Retimed Register ; Timing optimization ;
; rv32i_cpu:icpu|datapath:i_datapath|PC_D[21]_OTERM19_OTERM1245                                                                          ; Retimed Register ; Timing optimization ;
; rv32i_cpu:icpu|datapath:i_datapath|PC_D[22]                                                                                            ; Deleted          ; Timing optimization ;
; rv32i_cpu:icpu|datapath:i_datapath|PC_D[22]_NEW_REG32_OTERM825                                                                         ; Retimed Register ; Timing optimization ;
; rv32i_cpu:icpu|datapath:i_datapath|PC_D[22]_OTERM33_OTERM1215                                                                          ; Retimed Register ; Timing optimization ;
; rv32i_cpu:icpu|datapath:i_datapath|PC_D[22]_OTERM33_OTERM1217                                                                          ; Retimed Register ; Timing optimization ;
; rv32i_cpu:icpu|datapath:i_datapath|PC_D[23]                                                                                            ; Deleted          ; Timing optimization ;
; rv32i_cpu:icpu|datapath:i_datapath|PC_D[23]_NEW_REG62_OTERM795                                                                         ; Retimed Register ; Timing optimization ;
; rv32i_cpu:icpu|datapath:i_datapath|PC_D[23]_OTERM63_OTERM1157                                                                          ; Retimed Register ; Timing optimization ;
; rv32i_cpu:icpu|datapath:i_datapath|PC_D[23]_OTERM63_OTERM1159                                                                          ; Retimed Register ; Timing optimization ;
; rv32i_cpu:icpu|datapath:i_datapath|PC_D[24]                                                                                            ; Deleted          ; Timing optimization ;
; rv32i_cpu:icpu|datapath:i_datapath|PC_D[24]_NEW_REG34_OTERM823                                                                         ; Retimed Register ; Timing optimization ;
; rv32i_cpu:icpu|datapath:i_datapath|PC_D[24]_OTERM35_OTERM1211                                                                          ; Retimed Register ; Timing optimization ;
; rv32i_cpu:icpu|datapath:i_datapath|PC_D[24]_OTERM35_OTERM1213                                                                          ; Retimed Register ; Timing optimization ;
; rv32i_cpu:icpu|datapath:i_datapath|PC_D[25]                                                                                            ; Deleted          ; Timing optimization ;
; rv32i_cpu:icpu|datapath:i_datapath|PC_D[25]_NEW_REG24_OTERM833                                                                         ; Retimed Register ; Timing optimization ;
; rv32i_cpu:icpu|datapath:i_datapath|PC_D[25]_OTERM25_OTERM1231                                                                          ; Retimed Register ; Timing optimization ;
; rv32i_cpu:icpu|datapath:i_datapath|PC_D[25]_OTERM25_OTERM1233                                                                          ; Retimed Register ; Timing optimization ;
; rv32i_cpu:icpu|datapath:i_datapath|PC_D[26]                                                                                            ; Deleted          ; Timing optimization ;
; rv32i_cpu:icpu|datapath:i_datapath|PC_D[26]_NEW_REG26_OTERM831                                                                         ; Retimed Register ; Timing optimization ;
; rv32i_cpu:icpu|datapath:i_datapath|PC_D[26]_OTERM27_OTERM1227                                                                          ; Retimed Register ; Timing optimization ;
; rv32i_cpu:icpu|datapath:i_datapath|PC_D[26]_OTERM27_OTERM1229                                                                          ; Retimed Register ; Timing optimization ;
; rv32i_cpu:icpu|datapath:i_datapath|PC_D[27]                                                                                            ; Deleted          ; Timing optimization ;
; rv32i_cpu:icpu|datapath:i_datapath|PC_D[27]_NEW_REG36_OTERM821                                                                         ; Retimed Register ; Timing optimization ;
; rv32i_cpu:icpu|datapath:i_datapath|PC_D[27]_OTERM37_OTERM1207                                                                          ; Retimed Register ; Timing optimization ;
; rv32i_cpu:icpu|datapath:i_datapath|PC_D[27]_OTERM37_OTERM1209                                                                          ; Retimed Register ; Timing optimization ;
; rv32i_cpu:icpu|datapath:i_datapath|PC_D[28]                                                                                            ; Deleted          ; Timing optimization ;
; rv32i_cpu:icpu|datapath:i_datapath|PC_D[28]_NEW_REG10_OTERM845                                                                         ; Retimed Register ; Timing optimization ;
; rv32i_cpu:icpu|datapath:i_datapath|PC_D[28]_NEW_REG12_OTERM843                                                                         ; Retimed Register ; Timing optimization ;
; rv32i_cpu:icpu|datapath:i_datapath|PC_D[28]_OTERM11_OTERM1135_OTERM1437                                                                ; Retimed Register ; Timing optimization ;
; rv32i_cpu:icpu|datapath:i_datapath|PC_D[28]_OTERM11_OTERM1135_OTERM1439                                                                ; Retimed Register ; Timing optimization ;
; rv32i_cpu:icpu|datapath:i_datapath|PC_D[28]_OTERM11_OTERM1137                                                                          ; Retimed Register ; Timing optimization ;
; rv32i_cpu:icpu|datapath:i_datapath|PC_D[28]_OTERM11_OTERM1139                                                                          ; Retimed Register ; Timing optimization ;
; rv32i_cpu:icpu|datapath:i_datapath|PC_D[28]_OTERM13_OTERM1251                                                                          ; Retimed Register ; Timing optimization ;
; rv32i_cpu:icpu|datapath:i_datapath|PC_D[29]                                                                                            ; Deleted          ; Timing optimization ;
; rv32i_cpu:icpu|datapath:i_datapath|PC_D[29]_NEW_REG0_OTERM853                                                                          ; Retimed Register ; Timing optimization ;
; rv32i_cpu:icpu|datapath:i_datapath|PC_D[29]_NEW_REG2_OTERM851                                                                          ; Retimed Register ; Timing optimization ;
; rv32i_cpu:icpu|datapath:i_datapath|PC_D[29]_OTERM1_OTERM1265                                                                           ; Retimed Register ; Timing optimization ;
; rv32i_cpu:icpu|datapath:i_datapath|PC_D[29]_OTERM3_OTERM1261                                                                           ; Retimed Register ; Timing optimization ;
; rv32i_cpu:icpu|datapath:i_datapath|PC_D[29]_OTERM3_OTERM1263                                                                           ; Retimed Register ; Timing optimization ;
; rv32i_cpu:icpu|datapath:i_datapath|PC_D[29]_OTERM5_NEW_REG1126_OTERM1415                                                               ; Retimed Register ; Timing optimization ;
; rv32i_cpu:icpu|datapath:i_datapath|PC_D[29]_OTERM5_NEW_REG1130_OTERM1413                                                               ; Retimed Register ; Timing optimization ;
; rv32i_cpu:icpu|datapath:i_datapath|PC_D[29]_OTERM5_NEW_REG1132_OTERM1411                                                               ; Retimed Register ; Timing optimization ;
; rv32i_cpu:icpu|datapath:i_datapath|PC_D[29]_OTERM5_OTERM1127_OTERM1433                                                                 ; Retimed Register ; Timing optimization ;
; rv32i_cpu:icpu|datapath:i_datapath|PC_D[29]_OTERM5_OTERM1127_OTERM1435                                                                 ; Retimed Register ; Timing optimization ;
; rv32i_cpu:icpu|datapath:i_datapath|PC_D[29]_OTERM5_OTERM1129_OTERM1417                                                                 ; Retimed Register ; Timing optimization ;
; rv32i_cpu:icpu|datapath:i_datapath|PC_D[29]_OTERM5_OTERM1129_OTERM1419                                                                 ; Retimed Register ; Timing optimization ;
; rv32i_cpu:icpu|datapath:i_datapath|PC_D[29]_OTERM5_OTERM1129_OTERM1421                                                                 ; Retimed Register ; Timing optimization ;
; rv32i_cpu:icpu|datapath:i_datapath|PC_D[29]_OTERM5_OTERM1129_OTERM1423                                                                 ; Retimed Register ; Timing optimization ;
; rv32i_cpu:icpu|datapath:i_datapath|PC_D[29]_OTERM5_OTERM1131_OTERM1429                                                                 ; Retimed Register ; Timing optimization ;
; rv32i_cpu:icpu|datapath:i_datapath|PC_D[29]_OTERM5_OTERM1131_OTERM1431                                                                 ; Retimed Register ; Timing optimization ;
; rv32i_cpu:icpu|datapath:i_datapath|PC_D[29]_OTERM5_OTERM1133_OTERM1425                                                                 ; Retimed Register ; Timing optimization ;
; rv32i_cpu:icpu|datapath:i_datapath|PC_D[29]_OTERM5_OTERM1133_OTERM1427                                                                 ; Retimed Register ; Timing optimization ;
; rv32i_cpu:icpu|datapath:i_datapath|PC_D[30]                                                                                            ; Deleted          ; Timing optimization ;
; rv32i_cpu:icpu|datapath:i_datapath|PC_D[30]_NEW_REG6_OTERM849                                                                          ; Retimed Register ; Timing optimization ;
; rv32i_cpu:icpu|datapath:i_datapath|PC_D[30]_OTERM7_OTERM1257                                                                           ; Retimed Register ; Timing optimization ;
; rv32i_cpu:icpu|datapath:i_datapath|PC_D[30]_OTERM7_OTERM1259                                                                           ; Retimed Register ; Timing optimization ;
; rv32i_cpu:icpu|datapath:i_datapath|PC_D[31]                                                                                            ; Deleted          ; Timing optimization ;
; rv32i_cpu:icpu|datapath:i_datapath|PC_D[31]_NEW_REG8_OTERM847                                                                          ; Retimed Register ; Timing optimization ;
; rv32i_cpu:icpu|datapath:i_datapath|PC_D[31]_OTERM9_OTERM1253                                                                           ; Retimed Register ; Timing optimization ;
; rv32i_cpu:icpu|datapath:i_datapath|PC_D[31]_OTERM9_OTERM1255                                                                           ; Retimed Register ; Timing optimization ;
; rv32i_cpu:icpu|datapath:i_datapath|PC_D~3                                                                                              ; Modified         ; Timing optimization ;
; rv32i_cpu:icpu|datapath:i_datapath|PC_D~3_RTM015                                                                                       ; Modified         ; Timing optimization ;
; rv32i_cpu:icpu|datapath:i_datapath|PC_E[2]                                                                                             ; Deleted          ; Timing optimization ;
; rv32i_cpu:icpu|datapath:i_datapath|PC_E[2]_OTERM293                                                                                    ; Retimed Register ; Timing optimization ;
; rv32i_cpu:icpu|datapath:i_datapath|PC_E[3]                                                                                             ; Deleted          ; Timing optimization ;
; rv32i_cpu:icpu|datapath:i_datapath|PC_E[3]_OTERM287                                                                                    ; Retimed Register ; Timing optimization ;
; rv32i_cpu:icpu|datapath:i_datapath|PC_E[4]                                                                                             ; Deleted          ; Timing optimization ;
; rv32i_cpu:icpu|datapath:i_datapath|PC_E[4]_OTERM275                                                                                    ; Retimed Register ; Timing optimization ;
; rv32i_cpu:icpu|datapath:i_datapath|PC_E[5]                                                                                             ; Deleted          ; Timing optimization ;
; rv32i_cpu:icpu|datapath:i_datapath|PC_E[5]_OTERM299                                                                                    ; Retimed Register ; Timing optimization ;
; rv32i_cpu:icpu|datapath:i_datapath|PC_E[6]                                                                                             ; Deleted          ; Timing optimization ;
; rv32i_cpu:icpu|datapath:i_datapath|PC_E[6]_OTERM295                                                                                    ; Retimed Register ; Timing optimization ;
; rv32i_cpu:icpu|datapath:i_datapath|PC_E[7]                                                                                             ; Deleted          ; Timing optimization ;
; rv32i_cpu:icpu|datapath:i_datapath|PC_E[7]_OTERM297                                                                                    ; Retimed Register ; Timing optimization ;
; rv32i_cpu:icpu|datapath:i_datapath|PC_E[8]                                                                                             ; Deleted          ; Timing optimization ;
; rv32i_cpu:icpu|datapath:i_datapath|PC_E[8]_OTERM269                                                                                    ; Retimed Register ; Timing optimization ;
; rv32i_cpu:icpu|datapath:i_datapath|PC_E[9]                                                                                             ; Deleted          ; Timing optimization ;
; rv32i_cpu:icpu|datapath:i_datapath|PC_E[9]_OTERM285                                                                                    ; Retimed Register ; Timing optimization ;
; rv32i_cpu:icpu|datapath:i_datapath|PC_E[10]                                                                                            ; Deleted          ; Timing optimization ;
; rv32i_cpu:icpu|datapath:i_datapath|PC_E[10]_OTERM267                                                                                   ; Retimed Register ; Timing optimization ;
; rv32i_cpu:icpu|datapath:i_datapath|PC_E[11]                                                                                            ; Deleted          ; Timing optimization ;
; rv32i_cpu:icpu|datapath:i_datapath|PC_E[11]_OTERM281                                                                                   ; Retimed Register ; Timing optimization ;
; rv32i_cpu:icpu|datapath:i_datapath|PC_E[12]                                                                                            ; Deleted          ; Timing optimization ;
; rv32i_cpu:icpu|datapath:i_datapath|PC_E[12]_OTERM263                                                                                   ; Retimed Register ; Timing optimization ;
; rv32i_cpu:icpu|datapath:i_datapath|PC_E[13]                                                                                            ; Deleted          ; Timing optimization ;
; rv32i_cpu:icpu|datapath:i_datapath|PC_E[13]_OTERM273                                                                                   ; Retimed Register ; Timing optimization ;
; rv32i_cpu:icpu|datapath:i_datapath|PC_E[14]                                                                                            ; Deleted          ; Timing optimization ;
; rv32i_cpu:icpu|datapath:i_datapath|PC_E[14]_OTERM271                                                                                   ; Retimed Register ; Timing optimization ;
; rv32i_cpu:icpu|datapath:i_datapath|PC_E[15]                                                                                            ; Deleted          ; Timing optimization ;
; rv32i_cpu:icpu|datapath:i_datapath|PC_E[15]_OTERM291                                                                                   ; Retimed Register ; Timing optimization ;
; rv32i_cpu:icpu|datapath:i_datapath|PC_E[16]                                                                                            ; Deleted          ; Timing optimization ;
; rv32i_cpu:icpu|datapath:i_datapath|PC_E[16]_OTERM245                                                                                   ; Retimed Register ; Timing optimization ;
; rv32i_cpu:icpu|datapath:i_datapath|PC_E[17]                                                                                            ; Deleted          ; Timing optimization ;
; rv32i_cpu:icpu|datapath:i_datapath|PC_E[17]_OTERM233                                                                                   ; Retimed Register ; Timing optimization ;
; rv32i_cpu:icpu|datapath:i_datapath|PC_E[18]                                                                                            ; Deleted          ; Timing optimization ;
; rv32i_cpu:icpu|datapath:i_datapath|PC_E[18]_OTERM237                                                                                   ; Retimed Register ; Timing optimization ;
; rv32i_cpu:icpu|datapath:i_datapath|PC_E[19]                                                                                            ; Deleted          ; Timing optimization ;
; rv32i_cpu:icpu|datapath:i_datapath|PC_E[19]_OTERM247                                                                                   ; Retimed Register ; Timing optimization ;
; rv32i_cpu:icpu|datapath:i_datapath|PC_E[20]                                                                                            ; Deleted          ; Timing optimization ;
; rv32i_cpu:icpu|datapath:i_datapath|PC_E[20]_OTERM241                                                                                   ; Retimed Register ; Timing optimization ;
; rv32i_cpu:icpu|datapath:i_datapath|PC_E[21]                                                                                            ; Deleted          ; Timing optimization ;
; rv32i_cpu:icpu|datapath:i_datapath|PC_E[21]_OTERM235                                                                                   ; Retimed Register ; Timing optimization ;
; rv32i_cpu:icpu|datapath:i_datapath|PC_E[22]                                                                                            ; Deleted          ; Timing optimization ;
; rv32i_cpu:icpu|datapath:i_datapath|PC_E[22]_OTERM259                                                                                   ; Retimed Register ; Timing optimization ;
; rv32i_cpu:icpu|datapath:i_datapath|PC_E[23]                                                                                            ; Deleted          ; Timing optimization ;
; rv32i_cpu:icpu|datapath:i_datapath|PC_E[23]_OTERM265                                                                                   ; Retimed Register ; Timing optimization ;
; rv32i_cpu:icpu|datapath:i_datapath|PC_E[24]                                                                                            ; Deleted          ; Timing optimization ;
; rv32i_cpu:icpu|datapath:i_datapath|PC_E[24]_OTERM253                                                                                   ; Retimed Register ; Timing optimization ;
; rv32i_cpu:icpu|datapath:i_datapath|PC_E[25]                                                                                            ; Deleted          ; Timing optimization ;
; rv32i_cpu:icpu|datapath:i_datapath|PC_E[25]_OTERM239                                                                                   ; Retimed Register ; Timing optimization ;
; rv32i_cpu:icpu|datapath:i_datapath|PC_E[26]                                                                                            ; Deleted          ; Timing optimization ;
; rv32i_cpu:icpu|datapath:i_datapath|PC_E[26]_OTERM243                                                                                   ; Retimed Register ; Timing optimization ;
; rv32i_cpu:icpu|datapath:i_datapath|PC_E[27]                                                                                            ; Deleted          ; Timing optimization ;
; rv32i_cpu:icpu|datapath:i_datapath|PC_E[27]_OTERM261                                                                                   ; Retimed Register ; Timing optimization ;
; rv32i_cpu:icpu|datapath:i_datapath|PC_E[28]                                                                                            ; Deleted          ; Timing optimization ;
; rv32i_cpu:icpu|datapath:i_datapath|PC_E[28]_OTERM213                                                                                   ; Retimed Register ; Timing optimization ;
; rv32i_cpu:icpu|datapath:i_datapath|PC_E[29]                                                                                            ; Deleted          ; Timing optimization ;
; rv32i_cpu:icpu|datapath:i_datapath|PC_E[29]_OTERM207                                                                                   ; Retimed Register ; Timing optimization ;
; rv32i_cpu:icpu|datapath:i_datapath|PC_E[30]                                                                                            ; Deleted          ; Timing optimization ;
; rv32i_cpu:icpu|datapath:i_datapath|PC_E[30]_OTERM211                                                                                   ; Retimed Register ; Timing optimization ;
; rv32i_cpu:icpu|datapath:i_datapath|PC_E[31]                                                                                            ; Deleted          ; Timing optimization ;
; rv32i_cpu:icpu|datapath:i_datapath|PC_E[31]_OTERM209                                                                                   ; Retimed Register ; Timing optimization ;
; rv32i_cpu:icpu|datapath:i_datapath|RegWrite_E                                                                                          ; Deleted          ; Timing optimization ;
; rv32i_cpu:icpu|datapath:i_datapath|RegWrite_E_OTERM463                                                                                 ; Retimed Register ; Timing optimization ;
; rv32i_cpu:icpu|datapath:i_datapath|RegWrite_E_OTERM687                                                                                 ; Retimed Register ; Timing optimization ;
; rv32i_cpu:icpu|datapath:i_datapath|ResultSrc_E[0]                                                                                      ; Deleted          ; Timing optimization ;
; rv32i_cpu:icpu|datapath:i_datapath|ResultSrc_E[0]_OTERM455                                                                             ; Retimed Register ; Timing optimization ;
; rv32i_cpu:icpu|datapath:i_datapath|ResultSrc_E[0]_OTERM711                                                                             ; Retimed Register ; Timing optimization ;
; rv32i_cpu:icpu|datapath:i_datapath|ResultSrc_E~0_Duplicate_3                                                                           ; Retimed Register ; Timing optimization ;
; rv32i_cpu:icpu|datapath:i_datapath|Stall_IF~6_RTM01440                                                                                 ; Modified         ; Timing optimization ;
; rv32i_cpu:icpu|datapath:i_datapath|Stall_IF~6_RTM01440                                                                                 ; Retimed Register ; Timing optimization ;
; rv32i_cpu:icpu|datapath:i_datapath|adder:pcadd4|y[2]~0                                                                                 ; Modified         ; Timing optimization ;
; rv32i_cpu:icpu|datapath:i_datapath|adder:pcadd4|y[2]~1                                                                                 ; Modified         ; Timing optimization ;
; rv32i_cpu:icpu|datapath:i_datapath|altshift_taps:PCPlus4_E_rtl_0|shift_taps_bkm:auto_generated|cntr_6pf:cntr1|add_sub8_result_int[0]~1 ; Modified         ; Timing optimization ;
; rv32i_cpu:icpu|datapath:i_datapath|altshift_taps:PCPlus4_E_rtl_0|shift_taps_bkm:auto_generated|cntr_6pf:cntr1|trigger_mux_w[0]~0       ; Modified         ; Timing optimization ;
; rv32i_cpu:icpu|datapath:i_datapath|alu:alu|Equal0~3                                                                                    ; Deleted          ; Timing optimization ;
; rv32i_cpu:icpu|datapath:i_datapath|alu:alu|Equal0~6                                                                                    ; Deleted          ; Timing optimization ;
; rv32i_cpu:icpu|datapath:i_datapath|alu:alu|Equal0~10                                                                                   ; Deleted          ; Timing optimization ;
; rv32i_cpu:icpu|datapath:i_datapath|alu:alu|Equal0~11                                                                                   ; Modified         ; Timing optimization ;
; rv32i_cpu:icpu|datapath:i_datapath|alu:alu|Equal0~11_RESYN1450_BDD1451                                                                 ; Created          ; Timing optimization ;
; rv32i_cpu:icpu|datapath:i_datapath|alu:alu|Equal0~11_RESYN1452_BDD1453                                                                 ; Created          ; Timing optimization ;
; rv32i_cpu:icpu|datapath:i_datapath|alu:alu|Equal0~11_RESYN1454_BDD1455                                                                 ; Created          ; Timing optimization ;
; rv32i_cpu:icpu|datapath:i_datapath|alu:alu|Equal0~12_Duplicate_15                                                                      ; Retimed Register ; Timing optimization ;
; rv32i_cpu:icpu|datapath:i_datapath|alu:alu|Equal0~12_Duplicate_17                                                                      ; Retimed Register ; Timing optimization ;
; rv32i_cpu:icpu|datapath:i_datapath|alu:alu|Mux3~13_RTM0574                                                                             ; Modified         ; Timing optimization ;
; rv32i_cpu:icpu|datapath:i_datapath|alu:alu|Mux3~13_RTM0574                                                                             ; Retimed Register ; Timing optimization ;
; rv32i_cpu:icpu|datapath:i_datapath|alu:alu|Mux8~6_Duplicate_8                                                                          ; Retimed Register ; Timing optimization ;
; rv32i_cpu:icpu|datapath:i_datapath|alu:alu|Mux9~6_Duplicate_8                                                                          ; Retimed Register ; Timing optimization ;
; rv32i_cpu:icpu|datapath:i_datapath|alu:alu|Mux12~6_Duplicate_8                                                                         ; Retimed Register ; Timing optimization ;
; rv32i_cpu:icpu|datapath:i_datapath|always17~0_Duplicate_2                                                                              ; Retimed Register ; Timing optimization ;
; rv32i_cpu:icpu|datapath:i_datapath|extend:ext|Mux24~1                                                                                  ; Deleted          ; Timing optimization ;
; rv32i_cpu:icpu|datapath:i_datapath|jal_E                                                                                               ; Deleted          ; Timing optimization ;
; rv32i_cpu:icpu|datapath:i_datapath|jal_E_OTERM459                                                                                      ; Retimed Register ; Timing optimization ;
; rv32i_cpu:icpu|datapath:i_datapath|jal_E_OTERM713                                                                                      ; Retimed Register ; Timing optimization ;
; rv32i_cpu:icpu|datapath:i_datapath|jalr_E                                                                                              ; Deleted          ; Timing optimization ;
; rv32i_cpu:icpu|datapath:i_datapath|jalr_E_OTERM461                                                                                     ; Retimed Register ; Timing optimization ;
; rv32i_cpu:icpu|datapath:i_datapath|jalr_E_OTERM709                                                                                     ; Retimed Register ; Timing optimization ;
; rv32i_cpu:icpu|datapath:i_datapath|jalr_E_RTM014                                                                                       ; Modified         ; Timing optimization ;
; rv32i_cpu:icpu|datapath:i_datapath|jalr_E_RTM0570                                                                                      ; Modified         ; Timing optimization ;
; rv32i_cpu:icpu|datapath:i_datapath|jalr_E_RTM0570                                                                                      ; Retimed Register ; Timing optimization ;
; rv32i_cpu:icpu|datapath:i_datapath|mux3:pcmux|y[28]~4                                                                                  ; Deleted          ; Timing optimization ;
; rv32i_cpu:icpu|datapath:i_datapath|mux3:pcmux|y[28]~4_RTM0156                                                                          ; Modified         ; Timing optimization ;
; rv32i_cpu:icpu|datapath:i_datapath|mux3:pcmux|y[28]~4_RTM0156                                                                          ; Retimed Register ; Timing optimization ;
; rv32i_cpu:icpu|datapath:i_datapath|mux3:pcmux|y[28]~4_RTM0156_RTM0571                                                                  ; Modified         ; Timing optimization ;
; rv32i_cpu:icpu|datapath:i_datapath|mux3:pcmux|y[28]~4_RTM0156_RTM0575                                                                  ; Modified         ; Timing optimization ;
; rv32i_cpu:icpu|datapath:i_datapath|mux3:pcmux|y[28]~5                                                                                  ; Modified         ; Timing optimization ;
; rv32i_cpu:icpu|datapath:i_datapath|mux3:pcmux|y[28]~5_RTM0157                                                                          ; Modified         ; Timing optimization ;
; rv32i_cpu:icpu|datapath:i_datapath|pc_flopr:pcreg|q[0]                                                                                 ; Deleted          ; Timing optimization ;
; rv32i_cpu:icpu|datapath:i_datapath|pc_flopr:pcreg|q[0]_OTERM159                                                                        ; Retimed Register ; Timing optimization ;
; rv32i_cpu:icpu|datapath:i_datapath|pc_flopr:pcreg|q[0]_OTERM161                                                                        ; Retimed Register ; Timing optimization ;
; rv32i_cpu:icpu|datapath:i_datapath|pc_flopr:pcreg|q[1]                                                                                 ; Deleted          ; Timing optimization ;
; rv32i_cpu:icpu|datapath:i_datapath|pc_flopr:pcreg|q[1]_OTERM133                                                                        ; Retimed Register ; Timing optimization ;
; rv32i_cpu:icpu|datapath:i_datapath|pc_flopr:pcreg|q[1]_OTERM135_OTERM1385_OTERM1443                                                    ; Retimed Register ; Timing optimization ;
; rv32i_cpu:icpu|datapath:i_datapath|pc_flopr:pcreg|q[1]_OTERM135_OTERM1385_OTERM1445                                                    ; Retimed Register ; Timing optimization ;
; rv32i_cpu:icpu|datapath:i_datapath|pc_flopr:pcreg|q[1]_OTERM135_OTERM1385_OTERM1447                                                    ; Retimed Register ; Timing optimization ;
; rv32i_cpu:icpu|datapath:i_datapath|pc_flopr:pcreg|q[1]_OTERM137                                                                        ; Retimed Register ; Timing optimization ;
; rv32i_cpu:icpu|datapath:i_datapath|pc_flopr:pcreg|q[1]_OTERM139_OTERM565                                                               ; Retimed Register ; Timing optimization ;
; rv32i_cpu:icpu|datapath:i_datapath|pc_flopr:pcreg|q[2]                                                                                 ; Deleted          ; Timing optimization ;
; rv32i_cpu:icpu|datapath:i_datapath|pc_flopr:pcreg|q[2]_NEW364_RTM0706                                                                  ; Modified         ; Timing optimization ;
; rv32i_cpu:icpu|datapath:i_datapath|pc_flopr:pcreg|q[2]_NEW364_RTM0706                                                                  ; Retimed Register ; Timing optimization ;
; rv32i_cpu:icpu|datapath:i_datapath|pc_flopr:pcreg|q[2]_NEW364_RTM0707                                                                  ; Modified         ; Timing optimization ;
; rv32i_cpu:icpu|datapath:i_datapath|pc_flopr:pcreg|q[2]_OTERM365                                                                        ; Retimed Register ; Timing optimization ;
; rv32i_cpu:icpu|datapath:i_datapath|pc_flopr:pcreg|q[2]_OTERM703_OTERM1109                                                              ; Retimed Register ; Timing optimization ;
; rv32i_cpu:icpu|datapath:i_datapath|pc_flopr:pcreg|q[2]_OTERM703_OTERM1111                                                              ; Retimed Register ; Timing optimization ;
; rv32i_cpu:icpu|datapath:i_datapath|pc_flopr:pcreg|q[2]_OTERM705                                                                        ; Retimed Register ; Timing optimization ;
; rv32i_cpu:icpu|datapath:i_datapath|pc_flopr:pcreg|q[3]                                                                                 ; Deleted          ; Timing optimization ;
; rv32i_cpu:icpu|datapath:i_datapath|pc_flopr:pcreg|q[3]_OTERM363                                                                        ; Retimed Register ; Timing optimization ;
; rv32i_cpu:icpu|datapath:i_datapath|pc_flopr:pcreg|q[3]_OTERM699_OTERM1121                                                              ; Retimed Register ; Timing optimization ;
; rv32i_cpu:icpu|datapath:i_datapath|pc_flopr:pcreg|q[3]_OTERM699_OTERM1123                                                              ; Retimed Register ; Timing optimization ;
; rv32i_cpu:icpu|datapath:i_datapath|pc_flopr:pcreg|q[3]_OTERM701                                                                        ; Retimed Register ; Timing optimization ;
; rv32i_cpu:icpu|datapath:i_datapath|pc_flopr:pcreg|q[4]                                                                                 ; Deleted          ; Timing optimization ;
; rv32i_cpu:icpu|datapath:i_datapath|pc_flopr:pcreg|q[4]_OTERM361                                                                        ; Retimed Register ; Timing optimization ;
; rv32i_cpu:icpu|datapath:i_datapath|pc_flopr:pcreg|q[4]_OTERM695_OTERM1117                                                              ; Retimed Register ; Timing optimization ;
; rv32i_cpu:icpu|datapath:i_datapath|pc_flopr:pcreg|q[4]_OTERM695_OTERM1119                                                              ; Retimed Register ; Timing optimization ;
; rv32i_cpu:icpu|datapath:i_datapath|pc_flopr:pcreg|q[4]_OTERM697                                                                        ; Retimed Register ; Timing optimization ;
; rv32i_cpu:icpu|datapath:i_datapath|pc_flopr:pcreg|q[5]                                                                                 ; Deleted          ; Timing optimization ;
; rv32i_cpu:icpu|datapath:i_datapath|pc_flopr:pcreg|q[5]_OTERM359                                                                        ; Retimed Register ; Timing optimization ;
; rv32i_cpu:icpu|datapath:i_datapath|pc_flopr:pcreg|q[5]_OTERM691_OTERM1113                                                              ; Retimed Register ; Timing optimization ;
; rv32i_cpu:icpu|datapath:i_datapath|pc_flopr:pcreg|q[5]_OTERM691_OTERM1115                                                              ; Retimed Register ; Timing optimization ;
; rv32i_cpu:icpu|datapath:i_datapath|pc_flopr:pcreg|q[5]_OTERM693                                                                        ; Retimed Register ; Timing optimization ;
; rv32i_cpu:icpu|datapath:i_datapath|pc_flopr:pcreg|q[6]                                                                                 ; Deleted          ; Timing optimization ;
; rv32i_cpu:icpu|datapath:i_datapath|pc_flopr:pcreg|q[6]_OTERM357                                                                        ; Retimed Register ; Timing optimization ;
; rv32i_cpu:icpu|datapath:i_datapath|pc_flopr:pcreg|q[6]_OTERM683_OTERM1105                                                              ; Retimed Register ; Timing optimization ;
; rv32i_cpu:icpu|datapath:i_datapath|pc_flopr:pcreg|q[6]_OTERM683_OTERM1107                                                              ; Retimed Register ; Timing optimization ;
; rv32i_cpu:icpu|datapath:i_datapath|pc_flopr:pcreg|q[6]_OTERM685                                                                        ; Retimed Register ; Timing optimization ;
; rv32i_cpu:icpu|datapath:i_datapath|pc_flopr:pcreg|q[7]                                                                                 ; Deleted          ; Timing optimization ;
; rv32i_cpu:icpu|datapath:i_datapath|pc_flopr:pcreg|q[7]_OTERM355                                                                        ; Retimed Register ; Timing optimization ;
; rv32i_cpu:icpu|datapath:i_datapath|pc_flopr:pcreg|q[7]_OTERM679_OTERM1101                                                              ; Retimed Register ; Timing optimization ;
; rv32i_cpu:icpu|datapath:i_datapath|pc_flopr:pcreg|q[7]_OTERM679_OTERM1103                                                              ; Retimed Register ; Timing optimization ;
; rv32i_cpu:icpu|datapath:i_datapath|pc_flopr:pcreg|q[7]_OTERM681                                                                        ; Retimed Register ; Timing optimization ;
; rv32i_cpu:icpu|datapath:i_datapath|pc_flopr:pcreg|q[8]                                                                                 ; Deleted          ; Timing optimization ;
; rv32i_cpu:icpu|datapath:i_datapath|pc_flopr:pcreg|q[8]_OTERM353                                                                        ; Retimed Register ; Timing optimization ;
; rv32i_cpu:icpu|datapath:i_datapath|pc_flopr:pcreg|q[8]_OTERM675_OTERM1097                                                              ; Retimed Register ; Timing optimization ;
; rv32i_cpu:icpu|datapath:i_datapath|pc_flopr:pcreg|q[8]_OTERM675_OTERM1099                                                              ; Retimed Register ; Timing optimization ;
; rv32i_cpu:icpu|datapath:i_datapath|pc_flopr:pcreg|q[8]_OTERM677                                                                        ; Retimed Register ; Timing optimization ;
; rv32i_cpu:icpu|datapath:i_datapath|pc_flopr:pcreg|q[9]                                                                                 ; Deleted          ; Timing optimization ;
; rv32i_cpu:icpu|datapath:i_datapath|pc_flopr:pcreg|q[9]_OTERM351                                                                        ; Retimed Register ; Timing optimization ;
; rv32i_cpu:icpu|datapath:i_datapath|pc_flopr:pcreg|q[9]_OTERM671_OTERM1093                                                              ; Retimed Register ; Timing optimization ;
; rv32i_cpu:icpu|datapath:i_datapath|pc_flopr:pcreg|q[9]_OTERM671_OTERM1095                                                              ; Retimed Register ; Timing optimization ;
; rv32i_cpu:icpu|datapath:i_datapath|pc_flopr:pcreg|q[9]_OTERM673                                                                        ; Retimed Register ; Timing optimization ;
; rv32i_cpu:icpu|datapath:i_datapath|pc_flopr:pcreg|q[10]                                                                                ; Deleted          ; Timing optimization ;
; rv32i_cpu:icpu|datapath:i_datapath|pc_flopr:pcreg|q[10]_OTERM349                                                                       ; Retimed Register ; Timing optimization ;
; rv32i_cpu:icpu|datapath:i_datapath|pc_flopr:pcreg|q[10]_OTERM667_OTERM1089                                                             ; Retimed Register ; Timing optimization ;
; rv32i_cpu:icpu|datapath:i_datapath|pc_flopr:pcreg|q[10]_OTERM667_OTERM1091                                                             ; Retimed Register ; Timing optimization ;
; rv32i_cpu:icpu|datapath:i_datapath|pc_flopr:pcreg|q[10]_OTERM669                                                                       ; Retimed Register ; Timing optimization ;
; rv32i_cpu:icpu|datapath:i_datapath|pc_flopr:pcreg|q[11]                                                                                ; Deleted          ; Timing optimization ;
; rv32i_cpu:icpu|datapath:i_datapath|pc_flopr:pcreg|q[11]_OTERM347                                                                       ; Retimed Register ; Timing optimization ;
; rv32i_cpu:icpu|datapath:i_datapath|pc_flopr:pcreg|q[11]_OTERM663_OTERM1085                                                             ; Retimed Register ; Timing optimization ;
; rv32i_cpu:icpu|datapath:i_datapath|pc_flopr:pcreg|q[11]_OTERM663_OTERM1087                                                             ; Retimed Register ; Timing optimization ;
; rv32i_cpu:icpu|datapath:i_datapath|pc_flopr:pcreg|q[11]_OTERM665                                                                       ; Retimed Register ; Timing optimization ;
; rv32i_cpu:icpu|datapath:i_datapath|pc_flopr:pcreg|q[12]                                                                                ; Deleted          ; Timing optimization ;
; rv32i_cpu:icpu|datapath:i_datapath|pc_flopr:pcreg|q[12]_OTERM345                                                                       ; Retimed Register ; Timing optimization ;
; rv32i_cpu:icpu|datapath:i_datapath|pc_flopr:pcreg|q[12]_OTERM659_OTERM1081                                                             ; Retimed Register ; Timing optimization ;
; rv32i_cpu:icpu|datapath:i_datapath|pc_flopr:pcreg|q[12]_OTERM659_OTERM1083                                                             ; Retimed Register ; Timing optimization ;
; rv32i_cpu:icpu|datapath:i_datapath|pc_flopr:pcreg|q[12]_OTERM661                                                                       ; Retimed Register ; Timing optimization ;
; rv32i_cpu:icpu|datapath:i_datapath|pc_flopr:pcreg|q[13]                                                                                ; Deleted          ; Timing optimization ;
; rv32i_cpu:icpu|datapath:i_datapath|pc_flopr:pcreg|q[13]_OTERM343                                                                       ; Retimed Register ; Timing optimization ;
; rv32i_cpu:icpu|datapath:i_datapath|pc_flopr:pcreg|q[13]_OTERM655_OTERM1077                                                             ; Retimed Register ; Timing optimization ;
; rv32i_cpu:icpu|datapath:i_datapath|pc_flopr:pcreg|q[13]_OTERM655_OTERM1079                                                             ; Retimed Register ; Timing optimization ;
; rv32i_cpu:icpu|datapath:i_datapath|pc_flopr:pcreg|q[13]_OTERM657                                                                       ; Retimed Register ; Timing optimization ;
; rv32i_cpu:icpu|datapath:i_datapath|pc_flopr:pcreg|q[14]                                                                                ; Deleted          ; Timing optimization ;
; rv32i_cpu:icpu|datapath:i_datapath|pc_flopr:pcreg|q[14]_OTERM341                                                                       ; Retimed Register ; Timing optimization ;
; rv32i_cpu:icpu|datapath:i_datapath|pc_flopr:pcreg|q[14]_OTERM651                                                                       ; Retimed Register ; Timing optimization ;
; rv32i_cpu:icpu|datapath:i_datapath|pc_flopr:pcreg|q[14]_OTERM653_OTERM1073                                                             ; Retimed Register ; Timing optimization ;
; rv32i_cpu:icpu|datapath:i_datapath|pc_flopr:pcreg|q[14]_OTERM653_OTERM1075                                                             ; Retimed Register ; Timing optimization ;
; rv32i_cpu:icpu|datapath:i_datapath|pc_flopr:pcreg|q[15]                                                                                ; Deleted          ; Timing optimization ;
; rv32i_cpu:icpu|datapath:i_datapath|pc_flopr:pcreg|q[15]_OTERM337                                                                       ; Retimed Register ; Timing optimization ;
; rv32i_cpu:icpu|datapath:i_datapath|pc_flopr:pcreg|q[15]_OTERM647                                                                       ; Retimed Register ; Timing optimization ;
; rv32i_cpu:icpu|datapath:i_datapath|pc_flopr:pcreg|q[15]_OTERM649_OTERM1069                                                             ; Retimed Register ; Timing optimization ;
; rv32i_cpu:icpu|datapath:i_datapath|pc_flopr:pcreg|q[15]_OTERM649_OTERM1071                                                             ; Retimed Register ; Timing optimization ;
; rv32i_cpu:icpu|datapath:i_datapath|pc_flopr:pcreg|q[16]                                                                                ; Deleted          ; Timing optimization ;
; rv32i_cpu:icpu|datapath:i_datapath|pc_flopr:pcreg|q[16]_OTERM339                                                                       ; Retimed Register ; Timing optimization ;
; rv32i_cpu:icpu|datapath:i_datapath|pc_flopr:pcreg|q[16]_OTERM643                                                                       ; Retimed Register ; Timing optimization ;
; rv32i_cpu:icpu|datapath:i_datapath|pc_flopr:pcreg|q[16]_OTERM645_OTERM1065                                                             ; Retimed Register ; Timing optimization ;
; rv32i_cpu:icpu|datapath:i_datapath|pc_flopr:pcreg|q[16]_OTERM645_OTERM1067                                                             ; Retimed Register ; Timing optimization ;
; rv32i_cpu:icpu|datapath:i_datapath|pc_flopr:pcreg|q[17]                                                                                ; Deleted          ; Timing optimization ;
; rv32i_cpu:icpu|datapath:i_datapath|pc_flopr:pcreg|q[17]_OTERM325                                                                       ; Retimed Register ; Timing optimization ;
; rv32i_cpu:icpu|datapath:i_datapath|pc_flopr:pcreg|q[17]_OTERM639                                                                       ; Retimed Register ; Timing optimization ;
; rv32i_cpu:icpu|datapath:i_datapath|pc_flopr:pcreg|q[17]_OTERM641_OTERM1061                                                             ; Retimed Register ; Timing optimization ;
; rv32i_cpu:icpu|datapath:i_datapath|pc_flopr:pcreg|q[17]_OTERM641_OTERM1063                                                             ; Retimed Register ; Timing optimization ;
; rv32i_cpu:icpu|datapath:i_datapath|pc_flopr:pcreg|q[18]                                                                                ; Deleted          ; Timing optimization ;
; rv32i_cpu:icpu|datapath:i_datapath|pc_flopr:pcreg|q[18]_OTERM327                                                                       ; Retimed Register ; Timing optimization ;
; rv32i_cpu:icpu|datapath:i_datapath|pc_flopr:pcreg|q[18]_OTERM635                                                                       ; Retimed Register ; Timing optimization ;
; rv32i_cpu:icpu|datapath:i_datapath|pc_flopr:pcreg|q[18]_OTERM637_OTERM1057                                                             ; Retimed Register ; Timing optimization ;
; rv32i_cpu:icpu|datapath:i_datapath|pc_flopr:pcreg|q[18]_OTERM637_OTERM1059                                                             ; Retimed Register ; Timing optimization ;
; rv32i_cpu:icpu|datapath:i_datapath|pc_flopr:pcreg|q[19]                                                                                ; Deleted          ; Timing optimization ;
; rv32i_cpu:icpu|datapath:i_datapath|pc_flopr:pcreg|q[19]_OTERM329                                                                       ; Retimed Register ; Timing optimization ;
; rv32i_cpu:icpu|datapath:i_datapath|pc_flopr:pcreg|q[19]_OTERM631                                                                       ; Retimed Register ; Timing optimization ;
; rv32i_cpu:icpu|datapath:i_datapath|pc_flopr:pcreg|q[19]_OTERM633_OTERM1053                                                             ; Retimed Register ; Timing optimization ;
; rv32i_cpu:icpu|datapath:i_datapath|pc_flopr:pcreg|q[19]_OTERM633_OTERM1055_OTERM1409                                                   ; Retimed Register ; Timing optimization ;
; rv32i_cpu:icpu|datapath:i_datapath|pc_flopr:pcreg|q[20]                                                                                ; Deleted          ; Timing optimization ;
; rv32i_cpu:icpu|datapath:i_datapath|pc_flopr:pcreg|q[20]_OTERM331                                                                       ; Retimed Register ; Timing optimization ;
; rv32i_cpu:icpu|datapath:i_datapath|pc_flopr:pcreg|q[20]_OTERM623                                                                       ; Retimed Register ; Timing optimization ;
; rv32i_cpu:icpu|datapath:i_datapath|pc_flopr:pcreg|q[20]_OTERM625_OTERM1049                                                             ; Retimed Register ; Timing optimization ;
; rv32i_cpu:icpu|datapath:i_datapath|pc_flopr:pcreg|q[20]_OTERM625_OTERM1051                                                             ; Retimed Register ; Timing optimization ;
; rv32i_cpu:icpu|datapath:i_datapath|pc_flopr:pcreg|q[21]                                                                                ; Deleted          ; Timing optimization ;
; rv32i_cpu:icpu|datapath:i_datapath|pc_flopr:pcreg|q[21]_OTERM333                                                                       ; Retimed Register ; Timing optimization ;
; rv32i_cpu:icpu|datapath:i_datapath|pc_flopr:pcreg|q[21]_OTERM627                                                                       ; Retimed Register ; Timing optimization ;
; rv32i_cpu:icpu|datapath:i_datapath|pc_flopr:pcreg|q[21]_OTERM629_OTERM1045                                                             ; Retimed Register ; Timing optimization ;
; rv32i_cpu:icpu|datapath:i_datapath|pc_flopr:pcreg|q[21]_OTERM629_OTERM1047                                                             ; Retimed Register ; Timing optimization ;
; rv32i_cpu:icpu|datapath:i_datapath|pc_flopr:pcreg|q[22]                                                                                ; Deleted          ; Timing optimization ;
; rv32i_cpu:icpu|datapath:i_datapath|pc_flopr:pcreg|q[22]_OTERM335                                                                       ; Retimed Register ; Timing optimization ;
; rv32i_cpu:icpu|datapath:i_datapath|pc_flopr:pcreg|q[22]_OTERM615                                                                       ; Retimed Register ; Timing optimization ;
; rv32i_cpu:icpu|datapath:i_datapath|pc_flopr:pcreg|q[22]_OTERM617_OTERM1041                                                             ; Retimed Register ; Timing optimization ;
; rv32i_cpu:icpu|datapath:i_datapath|pc_flopr:pcreg|q[22]_OTERM617_OTERM1043_OTERM1407                                                   ; Retimed Register ; Timing optimization ;
; rv32i_cpu:icpu|datapath:i_datapath|pc_flopr:pcreg|q[23]                                                                                ; Deleted          ; Timing optimization ;
; rv32i_cpu:icpu|datapath:i_datapath|pc_flopr:pcreg|q[23]_OTERM321                                                                       ; Retimed Register ; Timing optimization ;
; rv32i_cpu:icpu|datapath:i_datapath|pc_flopr:pcreg|q[23]_OTERM619                                                                       ; Retimed Register ; Timing optimization ;
; rv32i_cpu:icpu|datapath:i_datapath|pc_flopr:pcreg|q[23]_OTERM621_OTERM1037                                                             ; Retimed Register ; Timing optimization ;
; rv32i_cpu:icpu|datapath:i_datapath|pc_flopr:pcreg|q[23]_OTERM621_OTERM1039_OTERM1399                                                   ; Retimed Register ; Timing optimization ;
; rv32i_cpu:icpu|datapath:i_datapath|pc_flopr:pcreg|q[23]_OTERM621_OTERM1039_OTERM1401                                                   ; Retimed Register ; Timing optimization ;
; rv32i_cpu:icpu|datapath:i_datapath|pc_flopr:pcreg|q[23]_OTERM621_OTERM1039_OTERM1403                                                   ; Retimed Register ; Timing optimization ;
; rv32i_cpu:icpu|datapath:i_datapath|pc_flopr:pcreg|q[23]_OTERM621_OTERM1039_OTERM1405                                                   ; Retimed Register ; Timing optimization ;
; rv32i_cpu:icpu|datapath:i_datapath|pc_flopr:pcreg|q[24]                                                                                ; Deleted          ; Timing optimization ;
; rv32i_cpu:icpu|datapath:i_datapath|pc_flopr:pcreg|q[24]_OTERM323                                                                       ; Retimed Register ; Timing optimization ;
; rv32i_cpu:icpu|datapath:i_datapath|pc_flopr:pcreg|q[24]_OTERM607                                                                       ; Retimed Register ; Timing optimization ;
; rv32i_cpu:icpu|datapath:i_datapath|pc_flopr:pcreg|q[24]_OTERM609_OTERM1033                                                             ; Retimed Register ; Timing optimization ;
; rv32i_cpu:icpu|datapath:i_datapath|pc_flopr:pcreg|q[24]_OTERM609_OTERM1035                                                             ; Retimed Register ; Timing optimization ;
; rv32i_cpu:icpu|datapath:i_datapath|pc_flopr:pcreg|q[25]                                                                                ; Deleted          ; Timing optimization ;
; rv32i_cpu:icpu|datapath:i_datapath|pc_flopr:pcreg|q[25]_OTERM309                                                                       ; Retimed Register ; Timing optimization ;
; rv32i_cpu:icpu|datapath:i_datapath|pc_flopr:pcreg|q[25]_OTERM611                                                                       ; Retimed Register ; Timing optimization ;
; rv32i_cpu:icpu|datapath:i_datapath|pc_flopr:pcreg|q[25]_OTERM613_OTERM1029                                                             ; Retimed Register ; Timing optimization ;
; rv32i_cpu:icpu|datapath:i_datapath|pc_flopr:pcreg|q[25]_OTERM613_OTERM1031                                                             ; Retimed Register ; Timing optimization ;
; rv32i_cpu:icpu|datapath:i_datapath|pc_flopr:pcreg|q[26]                                                                                ; Deleted          ; Timing optimization ;
; rv32i_cpu:icpu|datapath:i_datapath|pc_flopr:pcreg|q[26]_OTERM311                                                                       ; Retimed Register ; Timing optimization ;
; rv32i_cpu:icpu|datapath:i_datapath|pc_flopr:pcreg|q[26]_OTERM603                                                                       ; Retimed Register ; Timing optimization ;
; rv32i_cpu:icpu|datapath:i_datapath|pc_flopr:pcreg|q[26]_OTERM605_OTERM1025                                                             ; Retimed Register ; Timing optimization ;
; rv32i_cpu:icpu|datapath:i_datapath|pc_flopr:pcreg|q[26]_OTERM605_OTERM1027                                                             ; Retimed Register ; Timing optimization ;
; rv32i_cpu:icpu|datapath:i_datapath|pc_flopr:pcreg|q[27]                                                                                ; Deleted          ; Timing optimization ;
; rv32i_cpu:icpu|datapath:i_datapath|pc_flopr:pcreg|q[27]_OTERM313                                                                       ; Retimed Register ; Timing optimization ;
; rv32i_cpu:icpu|datapath:i_datapath|pc_flopr:pcreg|q[27]_OTERM599                                                                       ; Retimed Register ; Timing optimization ;
; rv32i_cpu:icpu|datapath:i_datapath|pc_flopr:pcreg|q[27]_OTERM601_OTERM1021                                                             ; Retimed Register ; Timing optimization ;
; rv32i_cpu:icpu|datapath:i_datapath|pc_flopr:pcreg|q[27]_OTERM601_OTERM1023                                                             ; Retimed Register ; Timing optimization ;
; rv32i_cpu:icpu|datapath:i_datapath|pc_flopr:pcreg|q[28]                                                                                ; Deleted          ; Timing optimization ;
; rv32i_cpu:icpu|datapath:i_datapath|pc_flopr:pcreg|q[28]_OTERM149                                                                       ; Retimed Register ; Timing optimization ;
; rv32i_cpu:icpu|datapath:i_datapath|pc_flopr:pcreg|q[28]_OTERM151                                                                       ; Retimed Register ; Timing optimization ;
; rv32i_cpu:icpu|datapath:i_datapath|pc_flopr:pcreg|q[28]_OTERM153_OTERM1387                                                             ; Retimed Register ; Timing optimization ;
; rv32i_cpu:icpu|datapath:i_datapath|pc_flopr:pcreg|q[28]_OTERM153_OTERM1389                                                             ; Retimed Register ; Timing optimization ;
; rv32i_cpu:icpu|datapath:i_datapath|pc_flopr:pcreg|q[28]_OTERM153_OTERM1391                                                             ; Retimed Register ; Timing optimization ;
; rv32i_cpu:icpu|datapath:i_datapath|pc_flopr:pcreg|q[28]_OTERM153_OTERM1393                                                             ; Retimed Register ; Timing optimization ;
; rv32i_cpu:icpu|datapath:i_datapath|pc_flopr:pcreg|q[28]_OTERM155_OTERM567                                                              ; Retimed Register ; Timing optimization ;
; rv32i_cpu:icpu|datapath:i_datapath|pc_flopr:pcreg|q[28]_OTERM155_OTERM569                                                              ; Retimed Register ; Timing optimization ;
; rv32i_cpu:icpu|datapath:i_datapath|pc_flopr:pcreg|q[28]_OTERM155_OTERM573                                                              ; Retimed Register ; Timing optimization ;
; rv32i_cpu:icpu|datapath:i_datapath|pc_flopr:pcreg|q[29]                                                                                ; Deleted          ; Timing optimization ;
; rv32i_cpu:icpu|datapath:i_datapath|pc_flopr:pcreg|q[29]_OTERM315                                                                       ; Retimed Register ; Timing optimization ;
; rv32i_cpu:icpu|datapath:i_datapath|pc_flopr:pcreg|q[29]_OTERM595                                                                       ; Retimed Register ; Timing optimization ;
; rv32i_cpu:icpu|datapath:i_datapath|pc_flopr:pcreg|q[29]_OTERM597_OTERM1017                                                             ; Retimed Register ; Timing optimization ;
; rv32i_cpu:icpu|datapath:i_datapath|pc_flopr:pcreg|q[29]_OTERM597_OTERM1019                                                             ; Retimed Register ; Timing optimization ;
; rv32i_cpu:icpu|datapath:i_datapath|pc_flopr:pcreg|q[30]                                                                                ; Deleted          ; Timing optimization ;
; rv32i_cpu:icpu|datapath:i_datapath|pc_flopr:pcreg|q[30]_OTERM317                                                                       ; Retimed Register ; Timing optimization ;
; rv32i_cpu:icpu|datapath:i_datapath|pc_flopr:pcreg|q[30]_OTERM591                                                                       ; Retimed Register ; Timing optimization ;
; rv32i_cpu:icpu|datapath:i_datapath|pc_flopr:pcreg|q[30]_OTERM593_OTERM1013                                                             ; Retimed Register ; Timing optimization ;
; rv32i_cpu:icpu|datapath:i_datapath|pc_flopr:pcreg|q[30]_OTERM593_OTERM1015                                                             ; Retimed Register ; Timing optimization ;
; rv32i_cpu:icpu|datapath:i_datapath|pc_flopr:pcreg|q[31]                                                                                ; Deleted          ; Timing optimization ;
; rv32i_cpu:icpu|datapath:i_datapath|pc_flopr:pcreg|q[31]_OTERM319                                                                       ; Retimed Register ; Timing optimization ;
; rv32i_cpu:icpu|datapath:i_datapath|pc_flopr:pcreg|q[31]_OTERM585                                                                       ; Retimed Register ; Timing optimization ;
; rv32i_cpu:icpu|datapath:i_datapath|pc_flopr:pcreg|q[31]_OTERM587_OTERM1007                                                             ; Retimed Register ; Timing optimization ;
; rv32i_cpu:icpu|datapath:i_datapath|pc_flopr:pcreg|q[31]_OTERM587_OTERM1009                                                             ; Retimed Register ; Timing optimization ;
; rv32i_cpu:icpu|datapath:i_datapath|pc_flopr:pcreg|q[31]_OTERM589_OTERM1125                                                             ; Retimed Register ; Timing optimization ;
; rv32i_cpu:icpu|datapath:i_datapath|rs1_data_E[0]_OTERM939                                                                              ; Retimed Register ; Timing optimization ;
; rv32i_cpu:icpu|datapath:i_datapath|rs1_data_E[1]_OTERM941                                                                              ; Retimed Register ; Timing optimization ;
; rv32i_cpu:icpu|datapath:i_datapath|rs1_data_E[2]_OTERM929                                                                              ; Retimed Register ; Timing optimization ;
; rv32i_cpu:icpu|datapath:i_datapath|rs1_data_E[3]_OTERM925                                                                              ; Retimed Register ; Timing optimization ;
; rv32i_cpu:icpu|datapath:i_datapath|rs1_data_E[4]_OTERM927                                                                              ; Retimed Register ; Timing optimization ;
; rv32i_cpu:icpu|datapath:i_datapath|rs1_data_E[5]_OTERM935                                                                              ; Retimed Register ; Timing optimization ;
; rv32i_cpu:icpu|datapath:i_datapath|rs1_data_E[6]_OTERM937                                                                              ; Retimed Register ; Timing optimization ;
; rv32i_cpu:icpu|datapath:i_datapath|rs1_data_E[7]_OTERM931                                                                              ; Retimed Register ; Timing optimization ;
; rv32i_cpu:icpu|datapath:i_datapath|rs1_data_E[8]_OTERM933                                                                              ; Retimed Register ; Timing optimization ;
; rv32i_cpu:icpu|datapath:i_datapath|rs1_data_E[9]_OTERM913                                                                              ; Retimed Register ; Timing optimization ;
; rv32i_cpu:icpu|datapath:i_datapath|rs1_data_E[10]_OTERM915                                                                             ; Retimed Register ; Timing optimization ;
; rv32i_cpu:icpu|datapath:i_datapath|rs1_data_E[11]_OTERM909                                                                             ; Retimed Register ; Timing optimization ;
; rv32i_cpu:icpu|datapath:i_datapath|rs1_data_E[12]_OTERM911                                                                             ; Retimed Register ; Timing optimization ;
; rv32i_cpu:icpu|datapath:i_datapath|rs1_data_E[13]_OTERM921                                                                             ; Retimed Register ; Timing optimization ;
; rv32i_cpu:icpu|datapath:i_datapath|rs1_data_E[14]_OTERM923                                                                             ; Retimed Register ; Timing optimization ;
; rv32i_cpu:icpu|datapath:i_datapath|rs1_data_E[15]_OTERM917                                                                             ; Retimed Register ; Timing optimization ;
; rv32i_cpu:icpu|datapath:i_datapath|rs1_data_E[16]_OTERM919                                                                             ; Retimed Register ; Timing optimization ;
; rv32i_cpu:icpu|datapath:i_datapath|rs1_data_E[17]_OTERM897                                                                             ; Retimed Register ; Timing optimization ;
; rv32i_cpu:icpu|datapath:i_datapath|rs1_data_E[18]_OTERM899                                                                             ; Retimed Register ; Timing optimization ;
; rv32i_cpu:icpu|datapath:i_datapath|rs1_data_E[19]_OTERM893                                                                             ; Retimed Register ; Timing optimization ;
; rv32i_cpu:icpu|datapath:i_datapath|rs1_data_E[20]_OTERM895                                                                             ; Retimed Register ; Timing optimization ;
; rv32i_cpu:icpu|datapath:i_datapath|rs1_data_E[21]_OTERM905                                                                             ; Retimed Register ; Timing optimization ;
; rv32i_cpu:icpu|datapath:i_datapath|rs1_data_E[22]_OTERM907                                                                             ; Retimed Register ; Timing optimization ;
; rv32i_cpu:icpu|datapath:i_datapath|rs1_data_E[23]_OTERM901                                                                             ; Retimed Register ; Timing optimization ;
; rv32i_cpu:icpu|datapath:i_datapath|rs1_data_E[24]_OTERM903                                                                             ; Retimed Register ; Timing optimization ;
; rv32i_cpu:icpu|datapath:i_datapath|rs1_data_E[25]_OTERM883                                                                             ; Retimed Register ; Timing optimization ;
; rv32i_cpu:icpu|datapath:i_datapath|rs1_data_E[26]_OTERM885                                                                             ; Retimed Register ; Timing optimization ;
; rv32i_cpu:icpu|datapath:i_datapath|rs1_data_E[27]_OTERM879                                                                             ; Retimed Register ; Timing optimization ;
; rv32i_cpu:icpu|datapath:i_datapath|rs1_data_E[28]_OTERM881                                                                             ; Retimed Register ; Timing optimization ;
; rv32i_cpu:icpu|datapath:i_datapath|rs1_data_E[29]_OTERM887                                                                             ; Retimed Register ; Timing optimization ;
; rv32i_cpu:icpu|datapath:i_datapath|rs1_data_E[30]_OTERM889                                                                             ; Retimed Register ; Timing optimization ;
; rv32i_cpu:icpu|datapath:i_datapath|rs1_data_E[31]_OTERM891                                                                             ; Retimed Register ; Timing optimization ;
; rv32i_cpu:icpu|datapath:i_datapath|rs2_data_E[0]_OTERM1005                                                                             ; Retimed Register ; Timing optimization ;
; rv32i_cpu:icpu|datapath:i_datapath|rs2_data_E[1]_OTERM1003                                                                             ; Retimed Register ; Timing optimization ;
; rv32i_cpu:icpu|datapath:i_datapath|rs2_data_E[2]_OTERM997                                                                              ; Retimed Register ; Timing optimization ;
; rv32i_cpu:icpu|datapath:i_datapath|rs2_data_E[3]_OTERM999                                                                              ; Retimed Register ; Timing optimization ;
; rv32i_cpu:icpu|datapath:i_datapath|rs2_data_E[4]_OTERM1001                                                                             ; Retimed Register ; Timing optimization ;
; rv32i_cpu:icpu|datapath:i_datapath|rs2_data_E[5]_OTERM965                                                                              ; Retimed Register ; Timing optimization ;
; rv32i_cpu:icpu|datapath:i_datapath|rs2_data_E[6]_OTERM963                                                                              ; Retimed Register ; Timing optimization ;
; rv32i_cpu:icpu|datapath:i_datapath|rs2_data_E[7]_OTERM961                                                                              ; Retimed Register ; Timing optimization ;
; rv32i_cpu:icpu|datapath:i_datapath|rs2_data_E[8]_OTERM971                                                                              ; Retimed Register ; Timing optimization ;
; rv32i_cpu:icpu|datapath:i_datapath|rs2_data_E[9]_OTERM973                                                                              ; Retimed Register ; Timing optimization ;
; rv32i_cpu:icpu|datapath:i_datapath|rs2_data_E[10]_OTERM975                                                                             ; Retimed Register ; Timing optimization ;
; rv32i_cpu:icpu|datapath:i_datapath|rs2_data_E[11]_OTERM977                                                                             ; Retimed Register ; Timing optimization ;
; rv32i_cpu:icpu|datapath:i_datapath|rs2_data_E[12]_OTERM967                                                                             ; Retimed Register ; Timing optimization ;
; rv32i_cpu:icpu|datapath:i_datapath|rs2_data_E[13]_OTERM969                                                                             ; Retimed Register ; Timing optimization ;
; rv32i_cpu:icpu|datapath:i_datapath|rs2_data_E[14]_OTERM979                                                                             ; Retimed Register ; Timing optimization ;
; rv32i_cpu:icpu|datapath:i_datapath|rs2_data_E[15]_OTERM981                                                                             ; Retimed Register ; Timing optimization ;
; rv32i_cpu:icpu|datapath:i_datapath|rs2_data_E[16]_OTERM983                                                                             ; Retimed Register ; Timing optimization ;
; rv32i_cpu:icpu|datapath:i_datapath|rs2_data_E[17]_OTERM985                                                                             ; Retimed Register ; Timing optimization ;
; rv32i_cpu:icpu|datapath:i_datapath|rs2_data_E[18]_OTERM987                                                                             ; Retimed Register ; Timing optimization ;
; rv32i_cpu:icpu|datapath:i_datapath|rs2_data_E[19]_OTERM989                                                                             ; Retimed Register ; Timing optimization ;
; rv32i_cpu:icpu|datapath:i_datapath|rs2_data_E[20]_OTERM959                                                                             ; Retimed Register ; Timing optimization ;
; rv32i_cpu:icpu|datapath:i_datapath|rs2_data_E[21]_OTERM957                                                                             ; Retimed Register ; Timing optimization ;
; rv32i_cpu:icpu|datapath:i_datapath|rs2_data_E[22]_OTERM953                                                                             ; Retimed Register ; Timing optimization ;
; rv32i_cpu:icpu|datapath:i_datapath|rs2_data_E[23]_OTERM955                                                                             ; Retimed Register ; Timing optimization ;
; rv32i_cpu:icpu|datapath:i_datapath|rs2_data_E[24]_OTERM951                                                                             ; Retimed Register ; Timing optimization ;
; rv32i_cpu:icpu|datapath:i_datapath|rs2_data_E[25]_OTERM949                                                                             ; Retimed Register ; Timing optimization ;
; rv32i_cpu:icpu|datapath:i_datapath|rs2_data_E[26]_OTERM945                                                                             ; Retimed Register ; Timing optimization ;
; rv32i_cpu:icpu|datapath:i_datapath|rs2_data_E[27]_OTERM947                                                                             ; Retimed Register ; Timing optimization ;
; rv32i_cpu:icpu|datapath:i_datapath|rs2_data_E[28]_OTERM991                                                                             ; Retimed Register ; Timing optimization ;
; rv32i_cpu:icpu|datapath:i_datapath|rs2_data_E[29]_OTERM993                                                                             ; Retimed Register ; Timing optimization ;
; rv32i_cpu:icpu|datapath:i_datapath|rs2_data_E[30]_OTERM995                                                                             ; Retimed Register ; Timing optimization ;
; rv32i_cpu:icpu|datapath:i_datapath|rs2_data_E[31]_OTERM943                                                                             ; Retimed Register ; Timing optimization ;
+----------------------------------------------------------------------------------------------------------------------------------------+------------------+---------------------+


+-----------------------------------------------------------------------------------------------------------------------+
; Registers Packed Into Inferred Megafunctions                                                                          ;
+-----------------------------------------------------+----------------------------------------------------+------------+
; Register Name                                       ; Megafunction                                       ; Type       ;
+-----------------------------------------------------+----------------------------------------------------+------------+
; dualport_mem_synch_rw_dualclk:imem|data_reg1[0..31] ; dualport_mem_synch_rw_dualclk:imem|mem_rtl_0       ; RAM        ;
; dualport_mem_synch_rw_dualclk:imem|data_reg2[0..31] ; dualport_mem_synch_rw_dualclk:imem|mem_rtl_0       ; RAM        ;
; rv32i_cpu:icpu|datapath:i_datapath|PCPlus4_W[2..31] ; rv32i_cpu:icpu|datapath:i_datapath|PCPlus4_E_rtl_0 ; SHIFT_TAPS ;
; rv32i_cpu:icpu|datapath:i_datapath|PCPlus4_M[2..31] ; rv32i_cpu:icpu|datapath:i_datapath|PCPlus4_E_rtl_0 ; SHIFT_TAPS ;
; rv32i_cpu:icpu|datapath:i_datapath|PCPlus4_E[2..31] ; rv32i_cpu:icpu|datapath:i_datapath|PCPlus4_E_rtl_0 ; SHIFT_TAPS ;
; rv32i_cpu:icpu|datapath:i_datapath|ResultSrc_W[1]   ; rv32i_cpu:icpu|datapath:i_datapath|PCPlus4_E_rtl_0 ; SHIFT_TAPS ;
; rv32i_cpu:icpu|datapath:i_datapath|ResultSrc_M[1]   ; rv32i_cpu:icpu|datapath:i_datapath|PCPlus4_E_rtl_0 ; SHIFT_TAPS ;
; rv32i_cpu:icpu|datapath:i_datapath|ResultSrc_E[1]   ; rv32i_cpu:icpu|datapath:i_datapath|PCPlus4_E_rtl_0 ; SHIFT_TAPS ;
+-----------------------------------------------------+----------------------------------------------------+------------+


+----------------------------------------------------------------------------------------------------------------------------------------------------------------------------------------------------------+
; Multiplexer Restructuring Statistics (Restructuring Performed)                                                                                                                                           ;
+--------------------+-----------+---------------+----------------------+------------------------+------------+--------------------------------------------------------------------------------------------+
; Multiplexer Inputs ; Bus Width ; Baseline Area ; Area if Restructured ; Saving if Restructured ; Registered ; Example Multiplexer Output                                                                 ;
+--------------------+-----------+---------------+----------------------+------------------------+------------+--------------------------------------------------------------------------------------------+
; 3:1                ; 4 bits    ; 8 LEs         ; 4 LEs                ; 4 LEs                  ; Yes        ; |SMU_RV32I_System|GPIO:iGPIO|HEX3_R[3]                                                     ;
; 3:1                ; 4 bits    ; 8 LEs         ; 4 LEs                ; 4 LEs                  ; Yes        ; |SMU_RV32I_System|GPIO:iGPIO|HEX2_R[3]                                                     ;
; 3:1                ; 4 bits    ; 8 LEs         ; 4 LEs                ; 4 LEs                  ; Yes        ; |SMU_RV32I_System|GPIO:iGPIO|HEX1_R[0]                                                     ;
; 3:1                ; 4 bits    ; 8 LEs         ; 4 LEs                ; 4 LEs                  ; Yes        ; |SMU_RV32I_System|GPIO:iGPIO|HEX0_R[2]                                                     ;
; 3:1                ; 10 bits   ; 20 LEs        ; 10 LEs               ; 10 LEs                 ; Yes        ; |SMU_RV32I_System|GPIO:iGPIO|LEDG_R[0]                                                     ;
; 3:1                ; 6 bits    ; 12 LEs        ; 6 LEs                ; 6 LEs                  ; Yes        ; |SMU_RV32I_System|data_mux:u_data_mux|r_read_data_uart[5]                                  ;
; 3:1                ; 32 bits   ; 64 LEs        ; 32 LEs               ; 32 LEs                 ; Yes        ; |SMU_RV32I_System|TimerCounter:iTimer|CompareR[15]                                         ;
; 3:1                ; 6 bits    ; 12 LEs        ; 6 LEs                ; 6 LEs                  ; Yes        ; |SMU_RV32I_System|rv32i_cpu:icpu|datapath:i_datapath|ImmExt_E[9]                           ;
; 3:1                ; 62 bits   ; 124 LEs       ; 62 LEs               ; 62 LEs                 ; Yes        ; |SMU_RV32I_System|rv32i_cpu:icpu|datapath:i_datapath|PCPlus4_D[31]                         ;
; 4:1                ; 6 bits    ; 12 LEs        ; 12 LEs               ; 0 LEs                  ; Yes        ; |SMU_RV32I_System|uart_wrap:iuart_wrap|uart:u_uart|uart_transmitter:uatransmit|tx_shift[9] ;
; 4:1                ; 8 bits    ; 16 LEs        ; 16 LEs               ; 0 LEs                  ; Yes        ; |SMU_RV32I_System|uart_wrap:iuart_wrap|uart:u_uart|uart_transmitter:uatransmit|tx_shift[2] ;
; 3:1                ; 29 bits   ; 58 LEs        ; 58 LEs               ; 0 LEs                  ; Yes        ; |SMU_RV32I_System|rv32i_cpu:icpu|datapath:i_datapath|pc_flopr:pcreg|q[11]                  ;
; 4:1                ; 31 bits   ; 62 LEs        ; 62 LEs               ; 0 LEs                  ; Yes        ; |SMU_RV32I_System|data_mux:u_data_mux|r_read_data_timer[2]                                 ;
; 4:1                ; 8 bits    ; 16 LEs        ; 8 LEs                ; 8 LEs                  ; Yes        ; |SMU_RV32I_System|data_mux:u_data_mux|r_read_data_gpio[7]                                  ;
; 4:1                ; 2 bits    ; 4 LEs         ; 4 LEs                ; 0 LEs                  ; Yes        ; |SMU_RV32I_System|data_mux:u_data_mux|r_read_data_gpio[1]                                  ;
; 4:1                ; 4 bits    ; 8 LEs         ; 8 LEs                ; 0 LEs                  ; Yes        ; |SMU_RV32I_System|uart_wrap:iuart_wrap|uart:u_uart|uart_receiver:uareceive|bit_counter[1]  ;
; 5:1                ; 11 bits   ; 33 LEs        ; 22 LEs               ; 11 LEs                 ; Yes        ; |SMU_RV32I_System|rv32i_cpu:icpu|datapath:i_datapath|ImmExt_E[22]                          ;
; 5:1                ; 4 bits    ; 12 LEs        ; 8 LEs                ; 4 LEs                  ; Yes        ; |SMU_RV32I_System|rv32i_cpu:icpu|datapath:i_datapath|ImmExt_E[3]                           ;
; 7:1                ; 8 bits    ; 32 LEs        ; 16 LEs               ; 16 LEs                 ; Yes        ; |SMU_RV32I_System|rv32i_cpu:icpu|datapath:i_datapath|ImmExt_E[18]                          ;
; 129:1              ; 5 bits    ; 430 LEs       ; 35 LEs               ; 395 LEs                ; Yes        ; |SMU_RV32I_System|rv32i_cpu:icpu|datapath:i_datapath|ALUControl_E[0]                       ;
; 36:1               ; 32 bits   ; 768 LEs       ; 704 LEs              ; 64 LEs                 ; Yes        ; |SMU_RV32I_System|rv32i_cpu:icpu|datapath:i_datapath|rs1_data_E[0]                         ;
; 36:1               ; 32 bits   ; 768 LEs       ; 704 LEs              ; 64 LEs                 ; Yes        ; |SMU_RV32I_System|rv32i_cpu:icpu|datapath:i_datapath|rs2_data_E[15]                        ;
; 3:1                ; 4 bits    ; 8 LEs         ; 8 LEs                ; 0 LEs                  ; No         ; |SMU_RV32I_System|rv32i_cpu:icpu|datapath:i_datapath|Mux0                                  ;
; 3:1                ; 32 bits   ; 64 LEs        ; 64 LEs               ; 0 LEs                  ; No         ; |SMU_RV32I_System|rv32i_cpu:icpu|datapath:i_datapath|mux3:srcbEmux|y[6]                    ;
; 4:1                ; 16 bits   ; 32 LEs        ; 32 LEs               ; 0 LEs                  ; No         ; |SMU_RV32I_System|rv32i_cpu:icpu|datapath:i_datapath|mux3:resultmux|y[23]                  ;
; 4:1                ; 22 bits   ; 44 LEs        ; 44 LEs               ; 0 LEs                  ; No         ; |SMU_RV32I_System|data_mux:u_data_mux|read_data[31]                                        ;
; 4:1                ; 2 bits    ; 4 LEs         ; 4 LEs                ; 0 LEs                  ; No         ; |SMU_RV32I_System|data_mux:u_data_mux|read_data[9]                                         ;
; 10:1               ; 8 bits    ; 48 LEs        ; 24 LEs               ; 24 LEs                 ; No         ; |SMU_RV32I_System|rv32i_cpu:icpu|datapath:i_datapath|Mux4                                  ;
; 10:1               ; 8 bits    ; 48 LEs        ; 16 LEs               ; 32 LEs                 ; No         ; |SMU_RV32I_System|rv32i_cpu:icpu|datapath:i_datapath|Mux19                                 ;
; 10:1               ; 8 bits    ; 48 LEs        ; 16 LEs               ; 32 LEs                 ; No         ; |SMU_RV32I_System|rv32i_cpu:icpu|datapath:i_datapath|Mux20                                 ;
; 10:1               ; 8 bits    ; 48 LEs        ; 8 LEs                ; 40 LEs                 ; No         ; |SMU_RV32I_System|rv32i_cpu:icpu|datapath:i_datapath|Mux35                                 ;
; 6:1                ; 7 bits    ; 28 LEs        ; 21 LEs               ; 7 LEs                  ; No         ; |SMU_RV32I_System|rv32i_cpu:icpu|datapath:i_datapath|mux3:resultmux|y[8]                   ;
; 5:1                ; 32 bits   ; 96 LEs        ; 96 LEs               ; 0 LEs                  ; No         ; |SMU_RV32I_System|rv32i_cpu:icpu|datapath:i_datapath|mux3:srcamux|y[8]                     ;
; 19:1               ; 8 bits    ; 96 LEs        ; 56 LEs               ; 40 LEs                 ; No         ; |SMU_RV32I_System|rv32i_cpu:icpu|datapath:i_datapath|alu:alu|Mux23                         ;
; 20:1               ; 7 bits    ; 91 LEs        ; 49 LEs               ; 42 LEs                 ; No         ; |SMU_RV32I_System|rv32i_cpu:icpu|datapath:i_datapath|alu:alu|Mux13                         ;
; 20:1               ; 4 bits    ; 52 LEs        ; 28 LEs               ; 24 LEs                 ; No         ; |SMU_RV32I_System|rv32i_cpu:icpu|datapath:i_datapath|alu:alu|Mux25                         ;
; 21:1               ; 4 bits    ; 56 LEs        ; 32 LEs               ; 24 LEs                 ; No         ; |SMU_RV32I_System|rv32i_cpu:icpu|datapath:i_datapath|alu:alu|Mux6                          ;
; 22:1               ; 2 bits    ; 28 LEs        ; 18 LEs               ; 10 LEs                 ; No         ; |SMU_RV32I_System|rv32i_cpu:icpu|datapath:i_datapath|alu:alu|Mux3                          ;
; 21:1               ; 2 bits    ; 28 LEs        ; 16 LEs               ; 12 LEs                 ; No         ; |SMU_RV32I_System|rv32i_cpu:icpu|datapath:i_datapath|alu:alu|Mux29                         ;
; 10:1               ; 7 bits    ; 42 LEs        ; 42 LEs               ; 0 LEs                  ; No         ; |SMU_RV32I_System|rv32i_cpu:icpu|datapath:i_datapath|mux3:resultmux|y[6]                   ;
+--------------------+-----------+---------------+----------------------+------------------------+------------+--------------------------------------------------------------------------------------------+


+---------------------------------------------------------------------------------------------------------------+
; Source assignments for dualport_mem_synch_rw_dualclk:imem|altsyncram:mem_rtl_0|altsyncram_vod2:auto_generated ;
+---------------------------------+--------------------+------+-------------------------------------------------+
; Assignment                      ; Value              ; From ; To                                              ;
+---------------------------------+--------------------+------+-------------------------------------------------+
; OPTIMIZE_POWER_DURING_SYNTHESIS ; NORMAL_COMPILATION ; -    ; -                                               ;
+---------------------------------+--------------------+------+-------------------------------------------------+


+---------------------------------------------------------------------------------------------------------------------------------------------------+
; Source assignments for rv32i_cpu:icpu|datapath:i_datapath|altshift_taps:PCPlus4_E_rtl_0|shift_taps_bkm:auto_generated|altsyncram_r861:altsyncram4 ;
+---------------------------------+--------------------+------+-------------------------------------------------------------------------------------+
; Assignment                      ; Value              ; From ; To                                                                                  ;
+---------------------------------+--------------------+------+-------------------------------------------------------------------------------------+
; OPTIMIZE_POWER_DURING_SYNTHESIS ; NORMAL_COMPILATION ; -    ; -                                                                                   ;
+---------------------------------+--------------------+------+-------------------------------------------------------------------------------------+


+----------------------------------------------------------------------------------+
; Parameter Settings for User Entity Instance: Top-level Entity: |SMU_RV32I_System ;
+----------------+----------------------------------+------------------------------+
; Parameter Name ; Value                            ; Type                         ;
+----------------+----------------------------------+------------------------------+
; RESET_PC       ; 00010000000000000000000000000000 ; Unsigned Binary              ;
; CLOCK_FREQ     ; 50000000                         ; Signed Integer               ;
; BAUD_RATE      ; 19200                            ; Signed Integer               ;
; MIF_HEX        ; code.hex                         ; String                       ;
; MIF_BIOS_HEX   ;                                  ; String                       ;
; DWIDTH         ; 32                               ; Signed Integer               ;
; AWIDTH         ; 12                               ; Signed Integer               ;
+----------------+----------------------------------+------------------------------+
Note: In order to hide this table in the UI and the text report file, please set the "Show Parameter Settings in Synthesis Report" option in "Analysis and Synthesis Settings -> More Settings" to "Off".


+---------------------------------------------------------------------+
; Parameter Settings for User Entity Instance: rv32i_cpu:icpu         ;
+----------------+----------------------------------+-----------------+
; Parameter Name ; Value                            ; Type            ;
+----------------+----------------------------------+-----------------+
; RESET_PC       ; 00010000000000000000000000000000 ; Unsigned Binary ;
+----------------+----------------------------------+-----------------+
Note: In order to hide this table in the UI and the text report file, please set the "Show Parameter Settings in Synthesis Report" option in "Analysis and Synthesis Settings -> More Settings" to "Off".


+---------------------------------------------------------------------------------+
; Parameter Settings for User Entity Instance: rv32i_cpu:icpu|datapath:i_datapath ;
+----------------+----------------------------------+-----------------------------+
; Parameter Name ; Value                            ; Type                        ;
+----------------+----------------------------------+-----------------------------+
; RESET_PC       ; 00010000000000000000000000000000 ; Unsigned Binary             ;
+----------------+----------------------------------+-----------------------------+
Note: In order to hide this table in the UI and the text report file, please set the "Show Parameter Settings in Synthesis Report" option in "Analysis and Synthesis Settings -> More Settings" to "Off".


+--------------------------------------------------------------------------------------------+
; Parameter Settings for User Entity Instance: rv32i_cpu:icpu|datapath:i_datapath|mux3:pcmux ;
+----------------+-------+-------------------------------------------------------------------+
; Parameter Name ; Value ; Type                                                              ;
+----------------+-------+-------------------------------------------------------------------+
; WIDTH          ; 32    ; Signed Integer                                                    ;
+----------------+-------+-------------------------------------------------------------------+
Note: In order to hide this table in the UI and the text report file, please set the "Show Parameter Settings in Synthesis Report" option in "Analysis and Synthesis Settings -> More Settings" to "Off".


+------------------------------------------------------------------------------------------------+
; Parameter Settings for User Entity Instance: rv32i_cpu:icpu|datapath:i_datapath|pc_flopr:pcreg ;
+----------------+----------------------------------+--------------------------------------------+
; Parameter Name ; Value                            ; Type                                       ;
+----------------+----------------------------------+--------------------------------------------+
; WIDTH          ; 32                               ; Signed Integer                             ;
; RESET_PC       ; 00010000000000000000000000000000 ; Unsigned Binary                            ;
+----------------+----------------------------------+--------------------------------------------+
Note: In order to hide this table in the UI and the text report file, please set the "Show Parameter Settings in Synthesis Report" option in "Analysis and Synthesis Settings -> More Settings" to "Off".


+------------------------------------------------------------------------------------------------+
; Parameter Settings for User Entity Instance: rv32i_cpu:icpu|datapath:i_datapath|mux2:instrdmux ;
+----------------+-------+-----------------------------------------------------------------------+
; Parameter Name ; Value ; Type                                                                  ;
+----------------+-------+-----------------------------------------------------------------------+
; WIDTH          ; 32    ; Signed Integer                                                        ;
+----------------+-------+-----------------------------------------------------------------------+
Note: In order to hide this table in the UI and the text report file, please set the "Show Parameter Settings in Synthesis Report" option in "Analysis and Synthesis Settings -> More Settings" to "Off".


+---------------------------------------------------------------------------------------------------+
; Parameter Settings for User Entity Instance: rv32i_cpu:icpu|datapath:i_datapath|mux3:rs1_data_mux ;
+----------------+-------+--------------------------------------------------------------------------+
; Parameter Name ; Value ; Type                                                                     ;
+----------------+-------+--------------------------------------------------------------------------+
; WIDTH          ; 32    ; Signed Integer                                                           ;
+----------------+-------+--------------------------------------------------------------------------+
Note: In order to hide this table in the UI and the text report file, please set the "Show Parameter Settings in Synthesis Report" option in "Analysis and Synthesis Settings -> More Settings" to "Off".


+---------------------------------------------------------------------------------------------------+
; Parameter Settings for User Entity Instance: rv32i_cpu:icpu|datapath:i_datapath|mux3:rs2_data_mux ;
+----------------+-------+--------------------------------------------------------------------------+
; Parameter Name ; Value ; Type                                                                     ;
+----------------+-------+--------------------------------------------------------------------------+
; WIDTH          ; 32    ; Signed Integer                                                           ;
+----------------+-------+--------------------------------------------------------------------------+
Note: In order to hide this table in the UI and the text report file, please set the "Show Parameter Settings in Synthesis Report" option in "Analysis and Synthesis Settings -> More Settings" to "Off".


+---------------------------------------------------------------------------------------------------+
; Parameter Settings for User Entity Instance: rv32i_cpu:icpu|datapath:i_datapath|reg_file_async:rf ;
+----------------+-------+--------------------------------------------------------------------------+
; Parameter Name ; Value ; Type                                                                     ;
+----------------+-------+--------------------------------------------------------------------------+
; DEPTH          ; 32    ; Signed Integer                                                           ;
+----------------+-------+--------------------------------------------------------------------------+
Note: In order to hide this table in the UI and the text report file, please set the "Show Parameter Settings in Synthesis Report" option in "Analysis and Synthesis Settings -> More Settings" to "Off".


+-----------------------------------------------------------------------------------------------+
; Parameter Settings for User Entity Instance: rv32i_cpu:icpu|datapath:i_datapath|mux3:srcaEmux ;
+----------------+-------+----------------------------------------------------------------------+
; Parameter Name ; Value ; Type                                                                 ;
+----------------+-------+----------------------------------------------------------------------+
; WIDTH          ; 32    ; Signed Integer                                                       ;
+----------------+-------+----------------------------------------------------------------------+
Note: In order to hide this table in the UI and the text report file, please set the "Show Parameter Settings in Synthesis Report" option in "Analysis and Synthesis Settings -> More Settings" to "Off".


+-----------------------------------------------------------------------------------------------+
; Parameter Settings for User Entity Instance: rv32i_cpu:icpu|datapath:i_datapath|mux3:srcbEmux ;
+----------------+-------+----------------------------------------------------------------------+
; Parameter Name ; Value ; Type                                                                 ;
+----------------+-------+----------------------------------------------------------------------+
; WIDTH          ; 32    ; Signed Integer                                                       ;
+----------------+-------+----------------------------------------------------------------------+
Note: In order to hide this table in the UI and the text report file, please set the "Show Parameter Settings in Synthesis Report" option in "Analysis and Synthesis Settings -> More Settings" to "Off".


+----------------------------------------------------------------------------------------------+
; Parameter Settings for User Entity Instance: rv32i_cpu:icpu|datapath:i_datapath|mux3:srcamux ;
+----------------+-------+---------------------------------------------------------------------+
; Parameter Name ; Value ; Type                                                                ;
+----------------+-------+---------------------------------------------------------------------+
; WIDTH          ; 32    ; Signed Integer                                                      ;
+----------------+-------+---------------------------------------------------------------------+
Note: In order to hide this table in the UI and the text report file, please set the "Show Parameter Settings in Synthesis Report" option in "Analysis and Synthesis Settings -> More Settings" to "Off".


+----------------------------------------------------------------------------------------------+
; Parameter Settings for User Entity Instance: rv32i_cpu:icpu|datapath:i_datapath|mux2:srcbmux ;
+----------------+-------+---------------------------------------------------------------------+
; Parameter Name ; Value ; Type                                                                ;
+----------------+-------+---------------------------------------------------------------------+
; WIDTH          ; 32    ; Signed Integer                                                      ;
+----------------+-------+---------------------------------------------------------------------+
Note: In order to hide this table in the UI and the text report file, please set the "Show Parameter Settings in Synthesis Report" option in "Analysis and Synthesis Settings -> More Settings" to "Off".


+------------------------------------------------------------------------------------------------+
; Parameter Settings for User Entity Instance: rv32i_cpu:icpu|datapath:i_datapath|mux3:resultmux ;
+----------------+-------+-----------------------------------------------------------------------+
; Parameter Name ; Value ; Type                                                                  ;
+----------------+-------+-----------------------------------------------------------------------+
; WIDTH          ; 32    ; Signed Integer                                                        ;
+----------------+-------+-----------------------------------------------------------------------+
Note: In order to hide this table in the UI and the text report file, please set the "Show Parameter Settings in Synthesis Report" option in "Analysis and Synthesis Settings -> More Settings" to "Off".


+---------------------------------------------------------------------------------+
; Parameter Settings for User Entity Instance: dualport_mem_synch_rw_dualclk:imem ;
+----------------+----------+-----------------------------------------------------+
; Parameter Name ; Value    ; Type                                                ;
+----------------+----------+-----------------------------------------------------+
; BYTE_WIDTH     ; 8        ; Signed Integer                                      ;
; ADDRESS_WIDTH  ; 12       ; Signed Integer                                      ;
; BYTES          ; 4        ; Signed Integer                                      ;
; DATA_WIDTH     ; 32       ; Signed Integer                                      ;
; MIF_HEX        ; code.hex ; String                                              ;
; MIF_BIN        ;          ; String                                              ;
+----------------+----------+-----------------------------------------------------+
Note: In order to hide this table in the UI and the text report file, please set the "Show Parameter Settings in Synthesis Report" option in "Analysis and Synthesis Settings -> More Settings" to "Off".


+---------------------------------------------------------------------------+
; Parameter Settings for User Entity Instance: GPIO:iGPIO|pulse_gen:button1 ;
+----------------+-------+--------------------------------------------------+
; Parameter Name ; Value ; Type                                             ;
+----------------+-------+--------------------------------------------------+
; S0             ; 0000  ; Unsigned Binary                                  ;
; S1             ; 0001  ; Unsigned Binary                                  ;
; S2             ; 0010  ; Unsigned Binary                                  ;
; S3             ; 0011  ; Unsigned Binary                                  ;
; S4             ; 0100  ; Unsigned Binary                                  ;
; S5             ; 0101  ; Unsigned Binary                                  ;
; S6             ; 0110  ; Unsigned Binary                                  ;
; S7             ; 0111  ; Unsigned Binary                                  ;
; S8             ; 1000  ; Unsigned Binary                                  ;
; S9             ; 1001  ; Unsigned Binary                                  ;
; S10            ; 1010  ; Unsigned Binary                                  ;
; S11            ; 1011  ; Unsigned Binary                                  ;
; S12            ; 1100  ; Unsigned Binary                                  ;
; S13            ; 1101  ; Unsigned Binary                                  ;
; S14            ; 1110  ; Unsigned Binary                                  ;
; S15            ; 1111  ; Unsigned Binary                                  ;
+----------------+-------+--------------------------------------------------+
Note: In order to hide this table in the UI and the text report file, please set the "Show Parameter Settings in Synthesis Report" option in "Analysis and Synthesis Settings -> More Settings" to "Off".


+---------------------------------------------------------------------------+
; Parameter Settings for User Entity Instance: GPIO:iGPIO|pulse_gen:button2 ;
+----------------+-------+--------------------------------------------------+
; Parameter Name ; Value ; Type                                             ;
+----------------+-------+--------------------------------------------------+
; S0             ; 0000  ; Unsigned Binary                                  ;
; S1             ; 0001  ; Unsigned Binary                                  ;
; S2             ; 0010  ; Unsigned Binary                                  ;
; S3             ; 0011  ; Unsigned Binary                                  ;
; S4             ; 0100  ; Unsigned Binary                                  ;
; S5             ; 0101  ; Unsigned Binary                                  ;
; S6             ; 0110  ; Unsigned Binary                                  ;
; S7             ; 0111  ; Unsigned Binary                                  ;
; S8             ; 1000  ; Unsigned Binary                                  ;
; S9             ; 1001  ; Unsigned Binary                                  ;
; S10            ; 1010  ; Unsigned Binary                                  ;
; S11            ; 1011  ; Unsigned Binary                                  ;
; S12            ; 1100  ; Unsigned Binary                                  ;
; S13            ; 1101  ; Unsigned Binary                                  ;
; S14            ; 1110  ; Unsigned Binary                                  ;
; S15            ; 1111  ; Unsigned Binary                                  ;
+----------------+-------+--------------------------------------------------+
Note: In order to hide this table in the UI and the text report file, please set the "Show Parameter Settings in Synthesis Report" option in "Analysis and Synthesis Settings -> More Settings" to "Off".


+-----------------------------------------------------------------------+
; Parameter Settings for User Entity Instance: GPIO:iGPIO|pulse_gen:sw0 ;
+----------------+-------+----------------------------------------------+
; Parameter Name ; Value ; Type                                         ;
+----------------+-------+----------------------------------------------+
; S0             ; 0000  ; Unsigned Binary                              ;
; S1             ; 0001  ; Unsigned Binary                              ;
; S2             ; 0010  ; Unsigned Binary                              ;
; S3             ; 0011  ; Unsigned Binary                              ;
; S4             ; 0100  ; Unsigned Binary                              ;
; S5             ; 0101  ; Unsigned Binary                              ;
; S6             ; 0110  ; Unsigned Binary                              ;
; S7             ; 0111  ; Unsigned Binary                              ;
; S8             ; 1000  ; Unsigned Binary                              ;
; S9             ; 1001  ; Unsigned Binary                              ;
; S10            ; 1010  ; Unsigned Binary                              ;
; S11            ; 1011  ; Unsigned Binary                              ;
; S12            ; 1100  ; Unsigned Binary                              ;
; S13            ; 1101  ; Unsigned Binary                              ;
; S14            ; 1110  ; Unsigned Binary                              ;
; S15            ; 1111  ; Unsigned Binary                              ;
+----------------+-------+----------------------------------------------+
Note: In order to hide this table in the UI and the text report file, please set the "Show Parameter Settings in Synthesis Report" option in "Analysis and Synthesis Settings -> More Settings" to "Off".


+-----------------------------------------------------------------------+
; Parameter Settings for User Entity Instance: GPIO:iGPIO|pulse_gen:sw1 ;
+----------------+-------+----------------------------------------------+
; Parameter Name ; Value ; Type                                         ;
+----------------+-------+----------------------------------------------+
; S0             ; 0000  ; Unsigned Binary                              ;
; S1             ; 0001  ; Unsigned Binary                              ;
; S2             ; 0010  ; Unsigned Binary                              ;
; S3             ; 0011  ; Unsigned Binary                              ;
; S4             ; 0100  ; Unsigned Binary                              ;
; S5             ; 0101  ; Unsigned Binary                              ;
; S6             ; 0110  ; Unsigned Binary                              ;
; S7             ; 0111  ; Unsigned Binary                              ;
; S8             ; 1000  ; Unsigned Binary                              ;
; S9             ; 1001  ; Unsigned Binary                              ;
; S10            ; 1010  ; Unsigned Binary                              ;
; S11            ; 1011  ; Unsigned Binary                              ;
; S12            ; 1100  ; Unsigned Binary                              ;
; S13            ; 1101  ; Unsigned Binary                              ;
; S14            ; 1110  ; Unsigned Binary                              ;
; S15            ; 1111  ; Unsigned Binary                              ;
+----------------+-------+----------------------------------------------+
Note: In order to hide this table in the UI and the text report file, please set the "Show Parameter Settings in Synthesis Report" option in "Analysis and Synthesis Settings -> More Settings" to "Off".


+-----------------------------------------------------------------------+
; Parameter Settings for User Entity Instance: GPIO:iGPIO|pulse_gen:sw2 ;
+----------------+-------+----------------------------------------------+
; Parameter Name ; Value ; Type                                         ;
+----------------+-------+----------------------------------------------+
; S0             ; 0000  ; Unsigned Binary                              ;
; S1             ; 0001  ; Unsigned Binary                              ;
; S2             ; 0010  ; Unsigned Binary                              ;
; S3             ; 0011  ; Unsigned Binary                              ;
; S4             ; 0100  ; Unsigned Binary                              ;
; S5             ; 0101  ; Unsigned Binary                              ;
; S6             ; 0110  ; Unsigned Binary                              ;
; S7             ; 0111  ; Unsigned Binary                              ;
; S8             ; 1000  ; Unsigned Binary                              ;
; S9             ; 1001  ; Unsigned Binary                              ;
; S10            ; 1010  ; Unsigned Binary                              ;
; S11            ; 1011  ; Unsigned Binary                              ;
; S12            ; 1100  ; Unsigned Binary                              ;
; S13            ; 1101  ; Unsigned Binary                              ;
; S14            ; 1110  ; Unsigned Binary                              ;
; S15            ; 1111  ; Unsigned Binary                              ;
+----------------+-------+----------------------------------------------+
Note: In order to hide this table in the UI and the text report file, please set the "Show Parameter Settings in Synthesis Report" option in "Analysis and Synthesis Settings -> More Settings" to "Off".


+-----------------------------------------------------------------------+
; Parameter Settings for User Entity Instance: GPIO:iGPIO|pulse_gen:sw3 ;
+----------------+-------+----------------------------------------------+
; Parameter Name ; Value ; Type                                         ;
+----------------+-------+----------------------------------------------+
; S0             ; 0000  ; Unsigned Binary                              ;
; S1             ; 0001  ; Unsigned Binary                              ;
; S2             ; 0010  ; Unsigned Binary                              ;
; S3             ; 0011  ; Unsigned Binary                              ;
; S4             ; 0100  ; Unsigned Binary                              ;
; S5             ; 0101  ; Unsigned Binary                              ;
; S6             ; 0110  ; Unsigned Binary                              ;
; S7             ; 0111  ; Unsigned Binary                              ;
; S8             ; 1000  ; Unsigned Binary                              ;
; S9             ; 1001  ; Unsigned Binary                              ;
; S10            ; 1010  ; Unsigned Binary                              ;
; S11            ; 1011  ; Unsigned Binary                              ;
; S12            ; 1100  ; Unsigned Binary                              ;
; S13            ; 1101  ; Unsigned Binary                              ;
; S14            ; 1110  ; Unsigned Binary                              ;
; S15            ; 1111  ; Unsigned Binary                              ;
+----------------+-------+----------------------------------------------+
Note: In order to hide this table in the UI and the text report file, please set the "Show Parameter Settings in Synthesis Report" option in "Analysis and Synthesis Settings -> More Settings" to "Off".


+-----------------------------------------------------------------------+
; Parameter Settings for User Entity Instance: GPIO:iGPIO|pulse_gen:sw4 ;
+----------------+-------+----------------------------------------------+
; Parameter Name ; Value ; Type                                         ;
+----------------+-------+----------------------------------------------+
; S0             ; 0000  ; Unsigned Binary                              ;
; S1             ; 0001  ; Unsigned Binary                              ;
; S2             ; 0010  ; Unsigned Binary                              ;
; S3             ; 0011  ; Unsigned Binary                              ;
; S4             ; 0100  ; Unsigned Binary                              ;
; S5             ; 0101  ; Unsigned Binary                              ;
; S6             ; 0110  ; Unsigned Binary                              ;
; S7             ; 0111  ; Unsigned Binary                              ;
; S8             ; 1000  ; Unsigned Binary                              ;
; S9             ; 1001  ; Unsigned Binary                              ;
; S10            ; 1010  ; Unsigned Binary                              ;
; S11            ; 1011  ; Unsigned Binary                              ;
; S12            ; 1100  ; Unsigned Binary                              ;
; S13            ; 1101  ; Unsigned Binary                              ;
; S14            ; 1110  ; Unsigned Binary                              ;
; S15            ; 1111  ; Unsigned Binary                              ;
+----------------+-------+----------------------------------------------+
Note: In order to hide this table in the UI and the text report file, please set the "Show Parameter Settings in Synthesis Report" option in "Analysis and Synthesis Settings -> More Settings" to "Off".


+-----------------------------------------------------------------------+
; Parameter Settings for User Entity Instance: GPIO:iGPIO|pulse_gen:sw5 ;
+----------------+-------+----------------------------------------------+
; Parameter Name ; Value ; Type                                         ;
+----------------+-------+----------------------------------------------+
; S0             ; 0000  ; Unsigned Binary                              ;
; S1             ; 0001  ; Unsigned Binary                              ;
; S2             ; 0010  ; Unsigned Binary                              ;
; S3             ; 0011  ; Unsigned Binary                              ;
; S4             ; 0100  ; Unsigned Binary                              ;
; S5             ; 0101  ; Unsigned Binary                              ;
; S6             ; 0110  ; Unsigned Binary                              ;
; S7             ; 0111  ; Unsigned Binary                              ;
; S8             ; 1000  ; Unsigned Binary                              ;
; S9             ; 1001  ; Unsigned Binary                              ;
; S10            ; 1010  ; Unsigned Binary                              ;
; S11            ; 1011  ; Unsigned Binary                              ;
; S12            ; 1100  ; Unsigned Binary                              ;
; S13            ; 1101  ; Unsigned Binary                              ;
; S14            ; 1110  ; Unsigned Binary                              ;
; S15            ; 1111  ; Unsigned Binary                              ;
+----------------+-------+----------------------------------------------+
Note: In order to hide this table in the UI and the text report file, please set the "Show Parameter Settings in Synthesis Report" option in "Analysis and Synthesis Settings -> More Settings" to "Off".


+-----------------------------------------------------------------------+
; Parameter Settings for User Entity Instance: GPIO:iGPIO|pulse_gen:sw6 ;
+----------------+-------+----------------------------------------------+
; Parameter Name ; Value ; Type                                         ;
+----------------+-------+----------------------------------------------+
; S0             ; 0000  ; Unsigned Binary                              ;
; S1             ; 0001  ; Unsigned Binary                              ;
; S2             ; 0010  ; Unsigned Binary                              ;
; S3             ; 0011  ; Unsigned Binary                              ;
; S4             ; 0100  ; Unsigned Binary                              ;
; S5             ; 0101  ; Unsigned Binary                              ;
; S6             ; 0110  ; Unsigned Binary                              ;
; S7             ; 0111  ; Unsigned Binary                              ;
; S8             ; 1000  ; Unsigned Binary                              ;
; S9             ; 1001  ; Unsigned Binary                              ;
; S10            ; 1010  ; Unsigned Binary                              ;
; S11            ; 1011  ; Unsigned Binary                              ;
; S12            ; 1100  ; Unsigned Binary                              ;
; S13            ; 1101  ; Unsigned Binary                              ;
; S14            ; 1110  ; Unsigned Binary                              ;
; S15            ; 1111  ; Unsigned Binary                              ;
+----------------+-------+----------------------------------------------+
Note: In order to hide this table in the UI and the text report file, please set the "Show Parameter Settings in Synthesis Report" option in "Analysis and Synthesis Settings -> More Settings" to "Off".


+-----------------------------------------------------------------------+
; Parameter Settings for User Entity Instance: GPIO:iGPIO|pulse_gen:sw7 ;
+----------------+-------+----------------------------------------------+
; Parameter Name ; Value ; Type                                         ;
+----------------+-------+----------------------------------------------+
; S0             ; 0000  ; Unsigned Binary                              ;
; S1             ; 0001  ; Unsigned Binary                              ;
; S2             ; 0010  ; Unsigned Binary                              ;
; S3             ; 0011  ; Unsigned Binary                              ;
; S4             ; 0100  ; Unsigned Binary                              ;
; S5             ; 0101  ; Unsigned Binary                              ;
; S6             ; 0110  ; Unsigned Binary                              ;
; S7             ; 0111  ; Unsigned Binary                              ;
; S8             ; 1000  ; Unsigned Binary                              ;
; S9             ; 1001  ; Unsigned Binary                              ;
; S10            ; 1010  ; Unsigned Binary                              ;
; S11            ; 1011  ; Unsigned Binary                              ;
; S12            ; 1100  ; Unsigned Binary                              ;
; S13            ; 1101  ; Unsigned Binary                              ;
; S14            ; 1110  ; Unsigned Binary                              ;
; S15            ; 1111  ; Unsigned Binary                              ;
+----------------+-------+----------------------------------------------+
Note: In order to hide this table in the UI and the text report file, please set the "Show Parameter Settings in Synthesis Report" option in "Analysis and Synthesis Settings -> More Settings" to "Off".


+-----------------------------------------------------------------------+
; Parameter Settings for User Entity Instance: GPIO:iGPIO|pulse_gen:sw8 ;
+----------------+-------+----------------------------------------------+
; Parameter Name ; Value ; Type                                         ;
+----------------+-------+----------------------------------------------+
; S0             ; 0000  ; Unsigned Binary                              ;
; S1             ; 0001  ; Unsigned Binary                              ;
; S2             ; 0010  ; Unsigned Binary                              ;
; S3             ; 0011  ; Unsigned Binary                              ;
; S4             ; 0100  ; Unsigned Binary                              ;
; S5             ; 0101  ; Unsigned Binary                              ;
; S6             ; 0110  ; Unsigned Binary                              ;
; S7             ; 0111  ; Unsigned Binary                              ;
; S8             ; 1000  ; Unsigned Binary                              ;
; S9             ; 1001  ; Unsigned Binary                              ;
; S10            ; 1010  ; Unsigned Binary                              ;
; S11            ; 1011  ; Unsigned Binary                              ;
; S12            ; 1100  ; Unsigned Binary                              ;
; S13            ; 1101  ; Unsigned Binary                              ;
; S14            ; 1110  ; Unsigned Binary                              ;
; S15            ; 1111  ; Unsigned Binary                              ;
+----------------+-------+----------------------------------------------+
Note: In order to hide this table in the UI and the text report file, please set the "Show Parameter Settings in Synthesis Report" option in "Analysis and Synthesis Settings -> More Settings" to "Off".


+-----------------------------------------------------------------------+
; Parameter Settings for User Entity Instance: GPIO:iGPIO|pulse_gen:sw9 ;
+----------------+-------+----------------------------------------------+
; Parameter Name ; Value ; Type                                         ;
+----------------+-------+----------------------------------------------+
; S0             ; 0000  ; Unsigned Binary                              ;
; S1             ; 0001  ; Unsigned Binary                              ;
; S2             ; 0010  ; Unsigned Binary                              ;
; S3             ; 0011  ; Unsigned Binary                              ;
; S4             ; 0100  ; Unsigned Binary                              ;
; S5             ; 0101  ; Unsigned Binary                              ;
; S6             ; 0110  ; Unsigned Binary                              ;
; S7             ; 0111  ; Unsigned Binary                              ;
; S8             ; 1000  ; Unsigned Binary                              ;
; S9             ; 1001  ; Unsigned Binary                              ;
; S10            ; 1010  ; Unsigned Binary                              ;
; S11            ; 1011  ; Unsigned Binary                              ;
; S12            ; 1100  ; Unsigned Binary                              ;
; S13            ; 1101  ; Unsigned Binary                              ;
; S14            ; 1110  ; Unsigned Binary                              ;
; S15            ; 1111  ; Unsigned Binary                              ;
+----------------+-------+----------------------------------------------+
Note: In order to hide this table in the UI and the text report file, please set the "Show Parameter Settings in Synthesis Report" option in "Analysis and Synthesis Settings -> More Settings" to "Off".


+-------------------------------------------------------------------+
; Parameter Settings for User Entity Instance: uart_wrap:iuart_wrap ;
+----------------+----------+---------------------------------------+
; Parameter Name ; Value    ; Type                                  ;
+----------------+----------+---------------------------------------+
; CLOCK_FREQ     ; 50000000 ; Signed Integer                        ;
; BAUD_RATE      ; 19200    ; Signed Integer                        ;
+----------------+----------+---------------------------------------+
Note: In order to hide this table in the UI and the text report file, please set the "Show Parameter Settings in Synthesis Report" option in "Analysis and Synthesis Settings -> More Settings" to "Off".


+-------------------------------------------------------------------------------+
; Parameter Settings for User Entity Instance: uart_wrap:iuart_wrap|uart:u_uart ;
+----------------+----------+---------------------------------------------------+
; Parameter Name ; Value    ; Type                                              ;
+----------------+----------+---------------------------------------------------+
; CLOCK_FREQ     ; 50000000 ; Signed Integer                                    ;
; BAUD_RATE      ; 19200    ; Signed Integer                                    ;
+----------------+----------+---------------------------------------------------+
Note: In order to hide this table in the UI and the text report file, please set the "Show Parameter Settings in Synthesis Report" option in "Analysis and Synthesis Settings -> More Settings" to "Off".


+-----------------------------------------------------------------------------------------------------------+
; Parameter Settings for User Entity Instance: uart_wrap:iuart_wrap|uart:u_uart|uart_transmitter:uatransmit ;
+----------------+----------+-------------------------------------------------------------------------------+
; Parameter Name ; Value    ; Type                                                                          ;
+----------------+----------+-------------------------------------------------------------------------------+
; CLOCK_FREQ     ; 50000000 ; Signed Integer                                                                ;
; BAUD_RATE      ; 19200    ; Signed Integer                                                                ;
+----------------+----------+-------------------------------------------------------------------------------+
Note: In order to hide this table in the UI and the text report file, please set the "Show Parameter Settings in Synthesis Report" option in "Analysis and Synthesis Settings -> More Settings" to "Off".


+-------------------------------------------------------------------------------------------------------+
; Parameter Settings for User Entity Instance: uart_wrap:iuart_wrap|uart:u_uart|uart_receiver:uareceive ;
+----------------+----------+---------------------------------------------------------------------------+
; Parameter Name ; Value    ; Type                                                                      ;
+----------------+----------+---------------------------------------------------------------------------+
; CLOCK_FREQ     ; 50000000 ; Signed Integer                                                            ;
; BAUD_RATE      ; 19200    ; Signed Integer                                                            ;
+----------------+----------+---------------------------------------------------------------------------+
Note: In order to hide this table in the UI and the text report file, please set the "Show Parameter Settings in Synthesis Report" option in "Analysis and Synthesis Settings -> More Settings" to "Off".


+-------------------------------------------------------------------------------------------------------------------------------+
; Parameter Settings for Inferred Entity Instance: dualport_mem_synch_rw_dualclk:imem|altsyncram:mem_rtl_0                      ;
+------------------------------------+-------------------------------------------------------------------------+----------------+
; Parameter Name                     ; Value                                                                   ; Type           ;
+------------------------------------+-------------------------------------------------------------------------+----------------+
; BYTE_SIZE_BLOCK                    ; 8                                                                       ; Untyped        ;
; AUTO_CARRY_CHAINS                  ; ON                                                                      ; AUTO_CARRY     ;
; IGNORE_CARRY_BUFFERS               ; OFF                                                                     ; IGNORE_CARRY   ;
; AUTO_CASCADE_CHAINS                ; ON                                                                      ; AUTO_CASCADE   ;
; IGNORE_CASCADE_BUFFERS             ; OFF                                                                     ; IGNORE_CASCADE ;
; WIDTH_BYTEENA                      ; 1                                                                       ; Untyped        ;
; OPERATION_MODE                     ; BIDIR_DUAL_PORT                                                         ; Untyped        ;
; WIDTH_A                            ; 32                                                                      ; Untyped        ;
; WIDTHAD_A                          ; 12                                                                      ; Untyped        ;
; NUMWORDS_A                         ; 4096                                                                    ; Untyped        ;
; OUTDATA_REG_A                      ; UNREGISTERED                                                            ; Untyped        ;
; ADDRESS_ACLR_A                     ; NONE                                                                    ; Untyped        ;
; OUTDATA_ACLR_A                     ; NONE                                                                    ; Untyped        ;
; WRCONTROL_ACLR_A                   ; NONE                                                                    ; Untyped        ;
; INDATA_ACLR_A                      ; NONE                                                                    ; Untyped        ;
; BYTEENA_ACLR_A                     ; NONE                                                                    ; Untyped        ;
; WIDTH_B                            ; 32                                                                      ; Untyped        ;
; WIDTHAD_B                          ; 12                                                                      ; Untyped        ;
; NUMWORDS_B                         ; 4096                                                                    ; Untyped        ;
; INDATA_REG_B                       ; CLOCK0                                                                  ; Untyped        ;
; WRCONTROL_WRADDRESS_REG_B          ; CLOCK0                                                                  ; Untyped        ;
; RDCONTROL_REG_B                    ; CLOCK1                                                                  ; Untyped        ;
; ADDRESS_REG_B                      ; CLOCK0                                                                  ; Untyped        ;
; OUTDATA_REG_B                      ; UNREGISTERED                                                            ; Untyped        ;
; BYTEENA_REG_B                      ; CLOCK0                                                                  ; Untyped        ;
; INDATA_ACLR_B                      ; NONE                                                                    ; Untyped        ;
; WRCONTROL_ACLR_B                   ; NONE                                                                    ; Untyped        ;
; ADDRESS_ACLR_B                     ; NONE                                                                    ; Untyped        ;
; OUTDATA_ACLR_B                     ; NONE                                                                    ; Untyped        ;
; RDCONTROL_ACLR_B                   ; NONE                                                                    ; Untyped        ;
; BYTEENA_ACLR_B                     ; NONE                                                                    ; Untyped        ;
; WIDTH_BYTEENA_A                    ; 4                                                                       ; Untyped        ;
; WIDTH_BYTEENA_B                    ; 4                                                                       ; Untyped        ;
; RAM_BLOCK_TYPE                     ; AUTO                                                                    ; Untyped        ;
; BYTE_SIZE                          ; 8                                                                       ; Untyped        ;
; READ_DURING_WRITE_MODE_MIXED_PORTS ; OLD_DATA                                                                ; Untyped        ;
; READ_DURING_WRITE_MODE_PORT_A      ; NEW_DATA_NO_NBE_READ                                                    ; Untyped        ;
; READ_DURING_WRITE_MODE_PORT_B      ; OLD_DATA                                                                ; Untyped        ;
; INIT_FILE                          ; db/SMU_RV32I_System.ram0_dualport_mem_synch_rw_dualclk_b1989a5d.hdl.mif ; Untyped        ;
; INIT_FILE_LAYOUT                   ; PORT_A                                                                  ; Untyped        ;
; MAXIMUM_DEPTH                      ; 0                                                                       ; Untyped        ;
; CLOCK_ENABLE_INPUT_A               ; NORMAL                                                                  ; Untyped        ;
; CLOCK_ENABLE_INPUT_B               ; NORMAL                                                                  ; Untyped        ;
; CLOCK_ENABLE_OUTPUT_A              ; NORMAL                                                                  ; Untyped        ;
; CLOCK_ENABLE_OUTPUT_B              ; NORMAL                                                                  ; Untyped        ;
; CLOCK_ENABLE_CORE_A                ; USE_INPUT_CLKEN                                                         ; Untyped        ;
; CLOCK_ENABLE_CORE_B                ; USE_INPUT_CLKEN                                                         ; Untyped        ;
; ENABLE_ECC                         ; FALSE                                                                   ; Untyped        ;
; ECC_PIPELINE_STAGE_ENABLED         ; FALSE                                                                   ; Untyped        ;
; WIDTH_ECCSTATUS                    ; 3                                                                       ; Untyped        ;
; DEVICE_FAMILY                      ; Cyclone IV E                                                            ; Untyped        ;
; CBXI_PARAMETER                     ; altsyncram_vod2                                                         ; Untyped        ;
+------------------------------------+-------------------------------------------------------------------------+----------------+
Note: In order to hide this table in the UI and the text report file, please set the "Show Parameter Settings in Synthesis Report" option in "Analysis and Synthesis Settings -> More Settings" to "Off".


+-------------------------------------------------------------------------------------------------------------------+
; Parameter Settings for Inferred Entity Instance: rv32i_cpu:icpu|datapath:i_datapath|altshift_taps:PCPlus4_E_rtl_0 ;
+----------------+----------------+---------------------------------------------------------------------------------+
; Parameter Name ; Value          ; Type                                                                            ;
+----------------+----------------+---------------------------------------------------------------------------------+
; WIDTH_BYTEENA  ; 1              ; Untyped                                                                         ;
; NUMBER_OF_TAPS ; 1              ; Untyped                                                                         ;
; TAP_DISTANCE   ; 3              ; Untyped                                                                         ;
; WIDTH          ; 31             ; Untyped                                                                         ;
; POWER_UP_STATE ; CLEARED        ; Untyped                                                                         ;
; CBXI_PARAMETER ; shift_taps_bkm ; Untyped                                                                         ;
+----------------+----------------+---------------------------------------------------------------------------------+
Note: In order to hide this table in the UI and the text report file, please set the "Show Parameter Settings in Synthesis Report" option in "Analysis and Synthesis Settings -> More Settings" to "Off".


+-----------------------------------------------------------------------------------------------------+
; altsyncram Parameter Settings by Entity Instance                                                    ;
+-------------------------------------------+---------------------------------------------------------+
; Name                                      ; Value                                                   ;
+-------------------------------------------+---------------------------------------------------------+
; Number of entity instances                ; 1                                                       ;
; Entity Instance                           ; dualport_mem_synch_rw_dualclk:imem|altsyncram:mem_rtl_0 ;
;     -- OPERATION_MODE                     ; BIDIR_DUAL_PORT                                         ;
;     -- WIDTH_A                            ; 32                                                      ;
;     -- NUMWORDS_A                         ; 4096                                                    ;
;     -- OUTDATA_REG_A                      ; UNREGISTERED                                            ;
;     -- WIDTH_B                            ; 32                                                      ;
;     -- NUMWORDS_B                         ; 4096                                                    ;
;     -- ADDRESS_REG_B                      ; CLOCK0                                                  ;
;     -- OUTDATA_REG_B                      ; UNREGISTERED                                            ;
;     -- RAM_BLOCK_TYPE                     ; AUTO                                                    ;
;     -- READ_DURING_WRITE_MODE_MIXED_PORTS ; OLD_DATA                                                ;
+-------------------------------------------+---------------------------------------------------------+


+-----------------------------------------------------------------------------------------------+
; altshift_taps Parameter Settings by Entity Instance                                           ;
+----------------------------+------------------------------------------------------------------+
; Name                       ; Value                                                            ;
+----------------------------+------------------------------------------------------------------+
; Number of entity instances ; 1                                                                ;
; Entity Instance            ; rv32i_cpu:icpu|datapath:i_datapath|altshift_taps:PCPlus4_E_rtl_0 ;
;     -- NUMBER_OF_TAPS      ; 1                                                                ;
;     -- TAP_DISTANCE        ; 3                                                                ;
;     -- WIDTH               ; 31                                                               ;
+----------------------------+------------------------------------------------------------------+


+---------------------------------------------------+
; Port Connectivity Checks: "TimerCounter:iTimer"   ;
+------+--------+----------+------------------------+
; Port ; Type   ; Severity ; Details                ;
+------+--------+----------+------------------------+
; Intr ; Output ; Info     ; Explicitly unconnected ;
+------+--------+----------+------------------------+


+----------------------------------------------------------------------------------------------------------------------+
; Port Connectivity Checks: "GPIO:iGPIO"                                                                               ;
+------------+--------+----------+-------------------------------------------------------------------------------------+
; Port       ; Type   ; Severity ; Details                                                                             ;
+------------+--------+----------+-------------------------------------------------------------------------------------+
; Intr       ; Output ; Info     ; Explicitly unconnected                                                              ;
; HEX3[6..4] ; Output ; Info     ; Connected to dangling logic. Logic that only feeds a dangling port will be removed. ;
; HEX2[6..4] ; Output ; Info     ; Connected to dangling logic. Logic that only feeds a dangling port will be removed. ;
; HEX1[6..4] ; Output ; Info     ; Connected to dangling logic. Logic that only feeds a dangling port will be removed. ;
; HEX0[6..4] ; Output ; Info     ; Connected to dangling logic. Logic that only feeds a dangling port will be removed. ;
+------------+--------+----------+-------------------------------------------------------------------------------------+


+----------------------------------------------------------------+
; Port Connectivity Checks: "dualport_mem_synch_rw_dualclk:imem" ;
+----------+-------+----------+----------------------------------+
; Port     ; Type  ; Severity ; Details                          ;
+----------+-------+----------+----------------------------------+
; be1      ; Input ; Info     ; Stuck at GND                     ;
; data_in1 ; Input ; Info     ; Stuck at GND                     ;
; we1      ; Input ; Info     ; Stuck at GND                     ;
+----------+-------+----------+----------------------------------+


+-----------------------------------------------------------------------------+
; Port Connectivity Checks: "rv32i_cpu:icpu|datapath:i_datapath|mux3:srcamux" ;
+------+-------+----------+---------------------------------------------------+
; Port ; Type  ; Severity ; Details                                           ;
+------+-------+----------+---------------------------------------------------+
; d2   ; Input ; Info     ; Stuck at GND                                      ;
+------+-------+----------+---------------------------------------------------+


+-----------------------------------------------------------------------------+
; Port Connectivity Checks: "rv32i_cpu:icpu|datapath:i_datapath|adder:pcadd4" ;
+----------+-------+----------+-----------------------------------------------+
; Port     ; Type  ; Severity ; Details                                       ;
+----------+-------+----------+-----------------------------------------------+
; b[31..3] ; Input ; Info     ; Stuck at GND                                  ;
; b[1..0]  ; Input ; Info     ; Stuck at GND                                  ;
; b[2]     ; Input ; Info     ; Stuck at VCC                                  ;
+----------+-------+----------+-----------------------------------------------+


+---------------------------------------------------------------------------+
; Port Connectivity Checks: "rv32i_cpu:icpu|datapath:i_datapath|mux3:pcmux" ;
+-------+-------+----------+------------------------------------------------+
; Port  ; Type  ; Severity ; Details                                        ;
+-------+-------+----------+------------------------------------------------+
; d2[0] ; Input ; Info     ; Stuck at GND                                   ;
+-------+-------+----------+------------------------------------------------+


+---------------------------------------------------------------------------------------------------------------------------+
; Port Connectivity Checks: "rv32i_cpu:icpu|datapath:i_datapath"                                                            ;
+-----------------+--------+----------+-------------------------------------------------------------------------------------+
; Port            ; Type   ; Severity ; Details                                                                             ;
+-----------------+--------+----------+-------------------------------------------------------------------------------------+
; Instr_D[24..15] ; Output ; Info     ; Connected to dangling logic. Logic that only feeds a dangling port will be removed. ;
; Instr_D[11..7]  ; Output ; Info     ; Connected to dangling logic. Logic that only feeds a dangling port will be removed. ;
+-----------------+--------+----------+-------------------------------------------------------------------------------------+


+----------------------------------------------------------------------------------------------------------------------+
; Port Connectivity Checks: "rv32i_cpu:icpu"                                                                           ;
+------------+--------+----------+-------------------------------------------------------------------------------------+
; Port       ; Type   ; Severity ; Details                                                                             ;
+------------+--------+----------+-------------------------------------------------------------------------------------+
; pc[31..14] ; Output ; Info     ; Connected to dangling logic. Logic that only feeds a dangling port will be removed. ;
; pc[1..0]   ; Output ; Info     ; Connected to dangling logic. Logic that only feeds a dangling port will be removed. ;
+------------+--------+----------+-------------------------------------------------------------------------------------+


+-----------------------------------------------------+
; Post-Synthesis Netlist Statistics for Top Partition ;
+-----------------------+-----------------------------+
; Type                  ; Count                       ;
+-----------------------+-----------------------------+
; boundary_port         ; 54                          ;
; cycloneiii_ff         ; 1978                        ;
;     CLR               ; 448                         ;
;     ENA               ; 1061                        ;
;     ENA CLR           ; 107                         ;
;     ENA SCLR          ; 8                           ;
;     SCLR              ; 75                          ;
;     SLD               ; 1                           ;
;     plain             ; 278                         ;
; cycloneiii_lcell_comb ; 3711                        ;
;     arith             ; 116                         ;
;         2 data inputs ; 85                          ;
;         3 data inputs ; 31                          ;
;     normal            ; 3595                        ;
;         0 data inputs ; 3                           ;
;         1 data inputs ; 11                          ;
;         2 data inputs ; 163                         ;
;         3 data inputs ; 804                         ;
;         4 data inputs ; 2614                        ;
; cycloneiii_ram_block  ; 63                          ;
;                       ;                             ;
; Max LUT depth         ; 26.00                       ;
; Average LUT depth     ; 9.83                        ;
+-----------------------+-----------------------------+


+-------------------------------+
; Elapsed Time Per Partition    ;
+----------------+--------------+
; Partition Name ; Elapsed Time ;
+----------------+--------------+
; Top            ; 00:00:10     ;
+----------------+--------------+


+-------------------------------+
; Analysis & Synthesis Messages ;
+-------------------------------+
Info: *******************************************************************
Info: Running Quartus Prime Analysis & Synthesis
    Info: Version 20.1.1 Build 720 11/11/2020 SJ Lite Edition
    Info: Processing started: Sat Feb  4 17:35:22 2023
Info: Command: quartus_map --read_settings_files=on --write_settings_files=off SMU_RV32I_System -c SMU_RV32I_System
Info (16303): High Performance Effort optimization mode selected -- timing performance will be prioritized at the potential cost of increased compilation time
Warning (18236): Number of processors has not been specified which may cause overloading on shared machines.  Set the global assignment NUM_PARALLEL_PROCESSORS in your QSF to an appropriate value for best performance.
Info (20030): Parallel compilation is enabled and will use 16 of the 18 processors detected
Info (12021): Found 1 design units, including 1 entities, in source file /home/user/projects/2022_winter/idec_riscv_feb_2023/.solution/day3/02.PM/16.quartus_ii_optimized/hardware/src/rtl/peripheral/UART/uart_wrap.v
    Info (12023): Found entity 1: uart_wrap File: /home/user/projects/2022_winter/idec_riscv_feb_2023/.solution/day3/02.PM/16.quartus_ii_optimized/hardware/src/rtl/peripheral/UART/uart_wrap.v Line: 1
Info (12021): Found 1 design units, including 1 entities, in source file /home/user/projects/2022_winter/idec_riscv_feb_2023/.solution/day3/02.PM/16.quartus_ii_optimized/hardware/src/rtl/peripheral/UART/uart_transmitter.v
    Info (12023): Found entity 1: uart_transmitter File: /home/user/projects/2022_winter/idec_riscv_feb_2023/.solution/day3/02.PM/16.quartus_ii_optimized/hardware/src/rtl/peripheral/UART/uart_transmitter.v Line: 1
Info (12021): Found 1 design units, including 1 entities, in source file /home/user/projects/2022_winter/idec_riscv_feb_2023/.solution/day3/02.PM/16.quartus_ii_optimized/hardware/src/rtl/peripheral/UART/uart_receiver.v
    Info (12023): Found entity 1: uart_receiver File: /home/user/projects/2022_winter/idec_riscv_feb_2023/.solution/day3/02.PM/16.quartus_ii_optimized/hardware/src/rtl/peripheral/UART/uart_receiver.v Line: 1
Info (12021): Found 1 design units, including 1 entities, in source file /home/user/projects/2022_winter/idec_riscv_feb_2023/.solution/day3/02.PM/16.quartus_ii_optimized/hardware/src/rtl/peripheral/UART/uart.v
    Info (12023): Found entity 1: uart File: /home/user/projects/2022_winter/idec_riscv_feb_2023/.solution/day3/02.PM/16.quartus_ii_optimized/hardware/src/rtl/peripheral/UART/uart.v Line: 1
Info (12021): Found 1 design units, including 1 entities, in source file /home/user/projects/2022_winter/idec_riscv_feb_2023/.solution/day3/02.PM/16.quartus_ii_optimized/hardware/src/rtl/peripheral/TimerCounter.v
    Info (12023): Found entity 1: TimerCounter File: /home/user/projects/2022_winter/idec_riscv_feb_2023/.solution/day3/02.PM/16.quartus_ii_optimized/hardware/src/rtl/peripheral/TimerCounter.v Line: 11
Info (12021): Found 1 design units, including 1 entities, in source file /home/user/projects/2022_winter/idec_riscv_feb_2023/.solution/day3/02.PM/16.quartus_ii_optimized/hardware/src/rtl/peripheral/SEG7_LUT.v
    Info (12023): Found entity 1: SEG7_LUT File: /home/user/projects/2022_winter/idec_riscv_feb_2023/.solution/day3/02.PM/16.quartus_ii_optimized/hardware/src/rtl/peripheral/SEG7_LUT.v Line: 1
Info (12021): Found 2 design units, including 2 entities, in source file /home/user/projects/2022_winter/idec_riscv_feb_2023/.solution/day3/02.PM/16.quartus_ii_optimized/hardware/src/rtl/peripheral/GPIO.v
    Info (12023): Found entity 1: GPIO File: /home/user/projects/2022_winter/idec_riscv_feb_2023/.solution/day3/02.PM/16.quartus_ii_optimized/hardware/src/rtl/peripheral/GPIO.v Line: 30
    Info (12023): Found entity 2: pulse_gen File: /home/user/projects/2022_winter/idec_riscv_feb_2023/.solution/day3/02.PM/16.quartus_ii_optimized/hardware/src/rtl/peripheral/GPIO.v Line: 199
Info (12021): Found 1 design units, including 1 entities, in source file /home/user/projects/2022_winter/idec_riscv_feb_2023/.solution/day3/02.PM/16.quartus_ii_optimized/hardware/src/rtl/peripheral/data_mux.v
    Info (12023): Found entity 1: data_mux File: /home/user/projects/2022_winter/idec_riscv_feb_2023/.solution/day3/02.PM/16.quartus_ii_optimized/hardware/src/rtl/peripheral/data_mux.v Line: 3
Info (12021): Found 1 design units, including 1 entities, in source file /home/user/projects/2022_winter/idec_riscv_feb_2023/.solution/day3/02.PM/16.quartus_ii_optimized/hardware/src/rtl/peripheral/Addr_Decoder.v
    Info (12023): Found entity 1: Addr_Decoder File: /home/user/projects/2022_winter/idec_riscv_feb_2023/.solution/day3/02.PM/16.quartus_ii_optimized/hardware/src/rtl/peripheral/Addr_Decoder.v Line: 4
Info (12021): Found 1 design units, including 1 entities, in source file /home/user/projects/2022_winter/idec_riscv_feb_2023/.solution/day3/02.PM/16.quartus_ii_optimized/hardware/src/rtl/memory/dualport_mem_synch_rw_dualclk.sv
    Info (12023): Found entity 1: dualport_mem_synch_rw_dualclk File: /home/user/projects/2022_winter/idec_riscv_feb_2023/.solution/day3/02.PM/16.quartus_ii_optimized/hardware/src/rtl/memory/dualport_mem_synch_rw_dualclk.sv Line: 9
Info (12021): Found 1 design units, including 1 entities, in source file /home/user/projects/2022_winter/idec_riscv_feb_2023/.solution/day3/02.PM/16.quartus_ii_optimized/hardware/src/rtl/SMU_RV32I_System.v
    Info (12023): Found entity 1: SMU_RV32I_System File: /home/user/projects/2022_winter/idec_riscv_feb_2023/.solution/day3/02.PM/16.quartus_ii_optimized/hardware/src/rtl/SMU_RV32I_System.v Line: 11
Info (12021): Found 1 design units, including 1 entities, in source file /home/user/projects/2022_winter/idec_riscv_feb_2023/.solution/day3/source/pipelined_cpu/rv32i_cpu.v
    Info (12023): Found entity 1: rv32i_cpu File: /home/user/projects/2022_winter/idec_riscv_feb_2023/.solution/day3/source/pipelined_cpu/rv32i_cpu.v Line: 13
Info (12021): Found 1 design units, including 1 entities, in source file /home/user/projects/2022_winter/idec_riscv_feb_2023/.solution/day3/source/pipelined_cpu/reg_file_async.v
    Info (12023): Found entity 1: reg_file_async File: /home/user/projects/2022_winter/idec_riscv_feb_2023/.solution/day3/source/pipelined_cpu/reg_file_async.v Line: 1
Info (12021): Found 1 design units, including 1 entities, in source file /home/user/projects/2022_winter/idec_riscv_feb_2023/.solution/day3/source/pipelined_cpu/pc_flopr.v
    Info (12023): Found entity 1: pc_flopr File: /home/user/projects/2022_winter/idec_riscv_feb_2023/.solution/day3/source/pipelined_cpu/pc_flopr.v Line: 1
Info (12021): Found 1 design units, including 1 entities, in source file /home/user/projects/2022_winter/idec_riscv_feb_2023/.solution/day3/source/pipelined_cpu/mux4.v
    Info (12023): Found entity 1: mux4 File: /home/user/projects/2022_winter/idec_riscv_feb_2023/.solution/day3/source/pipelined_cpu/mux4.v Line: 1
Info (12021): Found 1 design units, including 1 entities, in source file /home/user/projects/2022_winter/idec_riscv_feb_2023/.solution/day3/source/pipelined_cpu/mux3.v
    Info (12023): Found entity 1: mux3 File: /home/user/projects/2022_winter/idec_riscv_feb_2023/.solution/day3/source/pipelined_cpu/mux3.v Line: 1
Info (12021): Found 1 design units, including 1 entities, in source file /home/user/projects/2022_winter/idec_riscv_feb_2023/.solution/day3/source/pipelined_cpu/mux2.v
    Info (12023): Found entity 1: mux2 File: /home/user/projects/2022_winter/idec_riscv_feb_2023/.solution/day3/source/pipelined_cpu/mux2.v Line: 1
Info (12021): Found 1 design units, including 1 entities, in source file /home/user/projects/2022_winter/idec_riscv_feb_2023/.solution/day3/source/pipelined_cpu/maindec.v
    Info (12023): Found entity 1: maindec File: /home/user/projects/2022_winter/idec_riscv_feb_2023/.solution/day3/source/pipelined_cpu/maindec.v Line: 1
Info (12021): Found 1 design units, including 1 entities, in source file /home/user/projects/2022_winter/idec_riscv_feb_2023/.solution/day3/source/pipelined_cpu/flopr.v
    Info (12023): Found entity 1: flopr File: /home/user/projects/2022_winter/idec_riscv_feb_2023/.solution/day3/source/pipelined_cpu/flopr.v Line: 1
Info (12021): Found 1 design units, including 1 entities, in source file /home/user/projects/2022_winter/idec_riscv_feb_2023/.solution/day3/source/pipelined_cpu/extend.v
    Info (12023): Found entity 1: extend File: /home/user/projects/2022_winter/idec_riscv_feb_2023/.solution/day3/source/pipelined_cpu/extend.v Line: 1
Info (12021): Found 1 design units, including 1 entities, in source file /home/user/projects/2022_winter/idec_riscv_feb_2023/.solution/day3/source/pipelined_cpu/datapath.v
    Info (12023): Found entity 1: datapath File: /home/user/projects/2022_winter/idec_riscv_feb_2023/.solution/day3/source/pipelined_cpu/datapath.v Line: 1
Info (12021): Found 1 design units, including 1 entities, in source file /home/user/projects/2022_winter/idec_riscv_feb_2023/.solution/day3/source/pipelined_cpu/controller.v
    Info (12023): Found entity 1: controller File: /home/user/projects/2022_winter/idec_riscv_feb_2023/.solution/day3/source/pipelined_cpu/controller.v Line: 1
Info (12021): Found 1 design units, including 1 entities, in source file /home/user/projects/2022_winter/idec_riscv_feb_2023/.solution/day3/source/pipelined_cpu/aludec.v
    Info (12023): Found entity 1: aludec File: /home/user/projects/2022_winter/idec_riscv_feb_2023/.solution/day3/source/pipelined_cpu/aludec.v Line: 11
Info (12021): Found 1 design units, including 1 entities, in source file /home/user/projects/2022_winter/idec_riscv_feb_2023/.solution/day3/source/pipelined_cpu/alu_with_cla.v
    Info (12023): Found entity 1: alu File: /home/user/projects/2022_winter/idec_riscv_feb_2023/.solution/day3/source/pipelined_cpu/alu_with_cla.v Line: 1
Info (12021): Found 7 design units, including 7 entities, in source file /home/user/projects/2022_winter/idec_riscv_feb_2023/.solution/day3/source/pipelined_cpu/cla.v
    Info (12023): Found entity 1: CLA_4Bits File: /home/user/projects/2022_winter/idec_riscv_feb_2023/.solution/day3/source/pipelined_cpu/cla.v Line: 61
    Info (12023): Found entity 2: CLA_Gen_2Bits File: /home/user/projects/2022_winter/idec_riscv_feb_2023/.solution/day3/source/pipelined_cpu/cla.v Line: 83
    Info (12023): Found entity 3: CLA_Gen_4Bits File: /home/user/projects/2022_winter/idec_riscv_feb_2023/.solution/day3/source/pipelined_cpu/cla.v Line: 96
    Info (12023): Found entity 4: CLA_16Bits File: /home/user/projects/2022_winter/idec_riscv_feb_2023/.solution/day3/source/pipelined_cpu/cla.v Line: 111
    Info (12023): Found entity 5: CLA_16Bit_Adder File: /home/user/projects/2022_winter/idec_riscv_feb_2023/.solution/day3/source/pipelined_cpu/cla.v Line: 132
    Info (12023): Found entity 6: CLA_32Bit_Adder File: /home/user/projects/2022_winter/idec_riscv_feb_2023/.solution/day3/source/pipelined_cpu/cla.v Line: 148
    Info (12023): Found entity 7: CLA_64Bit_Adder File: /home/user/projects/2022_winter/idec_riscv_feb_2023/.solution/day3/source/pipelined_cpu/cla.v Line: 169
Info (12021): Found 1 design units, including 1 entities, in source file /home/user/projects/2022_winter/idec_riscv_feb_2023/.solution/day3/source/pipelined_cpu/adder_32bit.v
    Info (12023): Found entity 1: adder_32bit File: /home/user/projects/2022_winter/idec_riscv_feb_2023/.solution/day3/source/pipelined_cpu/adder_32bit.v Line: 1
Info (12021): Found 1 design units, including 1 entities, in source file /home/user/projects/2022_winter/idec_riscv_feb_2023/.solution/day3/source/pipelined_cpu/adder_1bit.v
    Info (12023): Found entity 1: adder_1bit File: /home/user/projects/2022_winter/idec_riscv_feb_2023/.solution/day3/source/pipelined_cpu/adder_1bit.v Line: 1
Info (12021): Found 1 design units, including 1 entities, in source file /home/user/projects/2022_winter/idec_riscv_feb_2023/.solution/day3/source/pipelined_cpu/adder.v
    Info (12023): Found entity 1: adder File: /home/user/projects/2022_winter/idec_riscv_feb_2023/.solution/day3/source/pipelined_cpu/adder.v Line: 1
Info (12127): Elaborating entity "SMU_RV32I_System" for the top level hierarchy
Warning (10036): Verilog HDL or VHDL warning at SMU_RV32I_System.v(56): object "clkb" assigned a value but never read File: /home/user/projects/2022_winter/idec_riscv_feb_2023/.solution/day3/02.PM/16.quartus_ii_optimized/hardware/src/rtl/SMU_RV32I_System.v Line: 56
Info (12128): Elaborating entity "rv32i_cpu" for hierarchy "rv32i_cpu:icpu" File: /home/user/projects/2022_winter/idec_riscv_feb_2023/.solution/day3/02.PM/16.quartus_ii_optimized/hardware/src/rtl/SMU_RV32I_System.v Line: 87
Info (12128): Elaborating entity "controller" for hierarchy "rv32i_cpu:icpu|controller:c" File: /home/user/projects/2022_winter/idec_riscv_feb_2023/.solution/day3/source/pipelined_cpu/rv32i_cpu.v Line: 48
Info (12128): Elaborating entity "maindec" for hierarchy "rv32i_cpu:icpu|controller:c|maindec:md" File: /home/user/projects/2022_winter/idec_riscv_feb_2023/.solution/day3/source/pipelined_cpu/controller.v Line: 33
Info (12128): Elaborating entity "aludec" for hierarchy "rv32i_cpu:icpu|controller:c|aludec:ad" File: /home/user/projects/2022_winter/idec_riscv_feb_2023/.solution/day3/source/pipelined_cpu/controller.v Line: 40
Info (12128): Elaborating entity "datapath" for hierarchy "rv32i_cpu:icpu|datapath:i_datapath" File: /home/user/projects/2022_winter/idec_riscv_feb_2023/.solution/day3/source/pipelined_cpu/rv32i_cpu.v Line: 76
Warning (10036): Verilog HDL or VHDL warning at datapath.v(64): object "tohost_csr" assigned a value but never read File: /home/user/projects/2022_winter/idec_riscv_feb_2023/.solution/day3/source/pipelined_cpu/datapath.v Line: 64
Warning (10036): Verilog HDL or VHDL warning at datapath.v(114): object "Forward_PC" assigned a value but never read File: /home/user/projects/2022_winter/idec_riscv_feb_2023/.solution/day3/source/pipelined_cpu/datapath.v Line: 114
Info (12128): Elaborating entity "mux3" for hierarchy "rv32i_cpu:icpu|datapath:i_datapath|mux3:pcmux" File: /home/user/projects/2022_winter/idec_riscv_feb_2023/.solution/day3/source/pipelined_cpu/datapath.v Line: 124
Info (12128): Elaborating entity "pc_flopr" for hierarchy "rv32i_cpu:icpu|datapath:i_datapath|pc_flopr:pcreg" File: /home/user/projects/2022_winter/idec_riscv_feb_2023/.solution/day3/source/pipelined_cpu/datapath.v Line: 137
Info (12128): Elaborating entity "adder" for hierarchy "rv32i_cpu:icpu|datapath:i_datapath|adder:pcadd4" File: /home/user/projects/2022_winter/idec_riscv_feb_2023/.solution/day3/source/pipelined_cpu/datapath.v Line: 143
Info (12128): Elaborating entity "mux2" for hierarchy "rv32i_cpu:icpu|datapath:i_datapath|mux2:instrdmux" File: /home/user/projects/2022_winter/idec_riscv_feb_2023/.solution/day3/source/pipelined_cpu/datapath.v Line: 164
Info (12128): Elaborating entity "reg_file_async" for hierarchy "rv32i_cpu:icpu|datapath:i_datapath|reg_file_async:rf" File: /home/user/projects/2022_winter/idec_riscv_feb_2023/.solution/day3/source/pipelined_cpu/datapath.v Line: 220
Warning (10030): Net "mem[0]" at reg_file_async.v(11) has no driver or initial value, using a default initial value '0' File: /home/user/projects/2022_winter/idec_riscv_feb_2023/.solution/day3/source/pipelined_cpu/reg_file_async.v Line: 11
Info (12128): Elaborating entity "extend" for hierarchy "rv32i_cpu:icpu|datapath:i_datapath|extend:ext" File: /home/user/projects/2022_winter/idec_riscv_feb_2023/.solution/day3/source/pipelined_cpu/datapath.v Line: 226
Info (12128): Elaborating entity "alu" for hierarchy "rv32i_cpu:icpu|datapath:i_datapath|alu:alu" File: /home/user/projects/2022_winter/idec_riscv_feb_2023/.solution/day3/source/pipelined_cpu/datapath.v Line: 363
Info (12128): Elaborating entity "CLA_32Bit_Adder" for hierarchy "rv32i_cpu:icpu|datapath:i_datapath|alu:alu|CLA_32Bit_Adder:adder32" File: /home/user/projects/2022_winter/idec_riscv_feb_2023/.solution/day3/source/pipelined_cpu/alu_with_cla.v Line: 36
Info (12128): Elaborating entity "CLA_16Bits" for hierarchy "rv32i_cpu:icpu|datapath:i_datapath|alu:alu|CLA_32Bit_Adder:adder32|CLA_16Bits:BITS15_0" File: /home/user/projects/2022_winter/idec_riscv_feb_2023/.solution/day3/source/pipelined_cpu/cla.v Line: 157
Info (12128): Elaborating entity "CLA_4Bits" for hierarchy "rv32i_cpu:icpu|datapath:i_datapath|alu:alu|CLA_32Bit_Adder:adder32|CLA_16Bits:BITS15_0|CLA_4Bits:BITS30" File: /home/user/projects/2022_winter/idec_riscv_feb_2023/.solution/day3/source/pipelined_cpu/cla.v Line: 119
Info (12128): Elaborating entity "CLA_Gen_4Bits" for hierarchy "rv32i_cpu:icpu|datapath:i_datapath|alu:alu|CLA_32Bit_Adder:adder32|CLA_16Bits:BITS15_0|CLA_Gen_4Bits:GEN150" File: /home/user/projects/2022_winter/idec_riscv_feb_2023/.solution/day3/source/pipelined_cpu/cla.v Line: 124
Info (12128): Elaborating entity "CLA_Gen_2Bits" for hierarchy "rv32i_cpu:icpu|datapath:i_datapath|alu:alu|CLA_32Bit_Adder:adder32|CLA_Gen_2Bits:GEN31_0" File: /home/user/projects/2022_winter/idec_riscv_feb_2023/.solution/day3/source/pipelined_cpu/cla.v Line: 160
Info (12128): Elaborating entity "dualport_mem_synch_rw_dualclk" for hierarchy "dualport_mem_synch_rw_dualclk:imem" File: /home/user/projects/2022_winter/idec_riscv_feb_2023/.solution/day3/02.PM/16.quartus_ii_optimized/hardware/src/rtl/SMU_RV32I_System.v Line: 112
Info (10648): Verilog HDL Display System Task info at dualport_mem_synch_rw_dualclk.sv(42): MIF_HEX_PASS File: /home/user/projects/2022_winter/idec_riscv_feb_2023/.solution/day3/02.PM/16.quartus_ii_optimized/hardware/src/rtl/memory/dualport_mem_synch_rw_dualclk.sv Line: 42
Warning (10850): Verilog HDL warning at dualport_mem_synch_rw_dualclk.sv(43): number of words (861) in memory file does not match the number of elements in the address range [0:4095] File: /home/user/projects/2022_winter/idec_riscv_feb_2023/.solution/day3/02.PM/16.quartus_ii_optimized/hardware/src/rtl/memory/dualport_mem_synch_rw_dualclk.sv Line: 43
Info (12128): Elaborating entity "data_mux" for hierarchy "data_mux:u_data_mux" File: /home/user/projects/2022_winter/idec_riscv_feb_2023/.solution/day3/02.PM/16.quartus_ii_optimized/hardware/src/rtl/SMU_RV32I_System.v Line: 173
Info (12128): Elaborating entity "Addr_Decoder" for hierarchy "Addr_Decoder:iDecoder" File: /home/user/projects/2022_winter/idec_riscv_feb_2023/.solution/day3/02.PM/16.quartus_ii_optimized/hardware/src/rtl/SMU_RV32I_System.v Line: 186
Info (12128): Elaborating entity "GPIO" for hierarchy "GPIO:iGPIO" File: /home/user/projects/2022_winter/idec_riscv_feb_2023/.solution/day3/02.PM/16.quartus_ii_optimized/hardware/src/rtl/SMU_RV32I_System.v Line: 210
Info (12128): Elaborating entity "pulse_gen" for hierarchy "GPIO:iGPIO|pulse_gen:button1" File: /home/user/projects/2022_winter/idec_riscv_feb_2023/.solution/day3/02.PM/16.quartus_ii_optimized/hardware/src/rtl/peripheral/GPIO.v Line: 94
Info (12128): Elaborating entity "SEG7_LUT" for hierarchy "SEG7_LUT:u0_SEG7_LUT" File: /home/user/projects/2022_winter/idec_riscv_feb_2023/.solution/day3/02.PM/16.quartus_ii_optimized/hardware/src/rtl/SMU_RV32I_System.v Line: 221
Info (12128): Elaborating entity "TimerCounter" for hierarchy "TimerCounter:iTimer" File: /home/user/projects/2022_winter/idec_riscv_feb_2023/.solution/day3/02.PM/16.quartus_ii_optimized/hardware/src/rtl/SMU_RV32I_System.v Line: 252
Info (12128): Elaborating entity "uart_wrap" for hierarchy "uart_wrap:iuart_wrap" File: /home/user/projects/2022_winter/idec_riscv_feb_2023/.solution/day3/02.PM/16.quartus_ii_optimized/hardware/src/rtl/SMU_RV32I_System.v Line: 271
Info (12128): Elaborating entity "uart" for hierarchy "uart_wrap:iuart_wrap|uart:u_uart" File: /home/user/projects/2022_winter/idec_riscv_feb_2023/.solution/day3/02.PM/16.quartus_ii_optimized/hardware/src/rtl/peripheral/UART/uart_wrap.v Line: 72
Info (12128): Elaborating entity "uart_transmitter" for hierarchy "uart_wrap:iuart_wrap|uart:u_uart|uart_transmitter:uatransmit" File: /home/user/projects/2022_winter/idec_riscv_feb_2023/.solution/day3/02.PM/16.quartus_ii_optimized/hardware/src/rtl/peripheral/UART/uart.v Line: 37
Warning (10230): Verilog HDL assignment warning at uart_transmitter.v(33): truncated value with size 32 to match size of target (12) File: /home/user/projects/2022_winter/idec_riscv_feb_2023/.solution/day3/02.PM/16.quartus_ii_optimized/hardware/src/rtl/peripheral/UART/uart_transmitter.v Line: 33
Warning (10230): Verilog HDL assignment warning at uart_transmitter.v(42): truncated value with size 32 to match size of target (4) File: /home/user/projects/2022_winter/idec_riscv_feb_2023/.solution/day3/02.PM/16.quartus_ii_optimized/hardware/src/rtl/peripheral/UART/uart_transmitter.v Line: 42
Info (12128): Elaborating entity "uart_receiver" for hierarchy "uart_wrap:iuart_wrap|uart:u_uart|uart_receiver:uareceive" File: /home/user/projects/2022_winter/idec_riscv_feb_2023/.solution/day3/02.PM/16.quartus_ii_optimized/hardware/src/rtl/peripheral/UART/uart.v Line: 49
Warning (10230): Verilog HDL assignment warning at uart_receiver.v(55): truncated value with size 32 to match size of target (12) File: /home/user/projects/2022_winter/idec_riscv_feb_2023/.solution/day3/02.PM/16.quartus_ii_optimized/hardware/src/rtl/peripheral/UART/uart_receiver.v Line: 55
Warning (10230): Verilog HDL assignment warning at uart_receiver.v(65): truncated value with size 32 to match size of target (4) File: /home/user/projects/2022_winter/idec_riscv_feb_2023/.solution/day3/02.PM/16.quartus_ii_optimized/hardware/src/rtl/peripheral/UART/uart_receiver.v Line: 65
Info (19000): Inferred 2 megafunctions from design logic
    Info (276029): Inferred altsyncram megafunction from the following design logic: "dualport_mem_synch_rw_dualclk:imem|mem_rtl_0" 
        Info (286033): Parameter OPERATION_MODE set to BIDIR_DUAL_PORT
        Info (286033): Parameter WIDTH_A set to 32
        Info (286033): Parameter WIDTH_B set to 32
        Info (286033): Parameter WIDTHAD_A set to 12
        Info (286033): Parameter WIDTHAD_B set to 12
        Info (286033): Parameter NUMWORDS_A set to 4096
        Info (286033): Parameter NUMWORDS_B set to 4096
        Info (286033): Parameter WIDTH_BYTEENA_A set to 4
        Info (286033): Parameter WIDTH_BYTEENA_B set to 4
        Info (286033): Parameter OUTDATA_REG_A set to UNREGISTERED
        Info (286033): Parameter OUTDATA_REG_B set to UNREGISTERED
        Info (286033): Parameter ADDRESS_REG_B set to CLOCK0
        Info (286033): Parameter INDATA_REG_B set to CLOCK0
        Info (286033): Parameter WRCONTROL_WRADDRESS_REG_B set to CLOCK0
        Info (286033): Parameter BYTEENA_REG_B set to CLOCK0
        Info (286033): Parameter INDATA_ACLR_A set to NONE
        Info (286033): Parameter WRCONTROL_ACLR_A set to NONE
        Info (286033): Parameter ADDRESS_ACLR_A set to NONE
        Info (286033): Parameter ADDRESS_ACLR_B set to NONE
        Info (286033): Parameter OUTDATA_ACLR_B set to NONE
        Info (286033): Parameter READ_DURING_WRITE_MODE_PORT_B set to OLD_DATA
        Info (286033): Parameter INIT_FILE set to db/SMU_RV32I_System.ram0_dualport_mem_synch_rw_dualclk_b1989a5d.hdl.mif
        Info (286033): Parameter READ_DURING_WRITE_MODE_MIXED_PORTS set to OLD_DATA
    Info (276034): Inferred altshift_taps megafunction from the following design logic: "rv32i_cpu:icpu|datapath:i_datapath|PCPlus4_E_rtl_0"
        Info (286033): Parameter NUMBER_OF_TAPS set to 1
        Info (286033): Parameter TAP_DISTANCE set to 3
        Info (286033): Parameter WIDTH set to 31
Info (12130): Elaborated megafunction instantiation "dualport_mem_synch_rw_dualclk:imem|altsyncram:mem_rtl_0"
Info (12133): Instantiated megafunction "dualport_mem_synch_rw_dualclk:imem|altsyncram:mem_rtl_0" with the following parameter:
    Info (12134): Parameter "OPERATION_MODE" = "BIDIR_DUAL_PORT"
    Info (12134): Parameter "WIDTH_A" = "32"
    Info (12134): Parameter "WIDTH_B" = "32"
    Info (12134): Parameter "WIDTHAD_A" = "12"
    Info (12134): Parameter "WIDTHAD_B" = "12"
    Info (12134): Parameter "NUMWORDS_A" = "4096"
    Info (12134): Parameter "NUMWORDS_B" = "4096"
    Info (12134): Parameter "WIDTH_BYTEENA_A" = "4"
    Info (12134): Parameter "WIDTH_BYTEENA_B" = "4"
    Info (12134): Parameter "OUTDATA_REG_A" = "UNREGISTERED"
    Info (12134): Parameter "OUTDATA_REG_B" = "UNREGISTERED"
    Info (12134): Parameter "ADDRESS_REG_B" = "CLOCK0"
    Info (12134): Parameter "INDATA_REG_B" = "CLOCK0"
    Info (12134): Parameter "WRCONTROL_WRADDRESS_REG_B" = "CLOCK0"
    Info (12134): Parameter "BYTEENA_REG_B" = "CLOCK0"
    Info (12134): Parameter "INDATA_ACLR_A" = "NONE"
    Info (12134): Parameter "WRCONTROL_ACLR_A" = "NONE"
    Info (12134): Parameter "ADDRESS_ACLR_A" = "NONE"
    Info (12134): Parameter "ADDRESS_ACLR_B" = "NONE"
    Info (12134): Parameter "OUTDATA_ACLR_B" = "NONE"
    Info (12134): Parameter "READ_DURING_WRITE_MODE_PORT_B" = "OLD_DATA"
    Info (12134): Parameter "INIT_FILE" = "db/SMU_RV32I_System.ram0_dualport_mem_synch_rw_dualclk_b1989a5d.hdl.mif"
    Info (12134): Parameter "READ_DURING_WRITE_MODE_MIXED_PORTS" = "OLD_DATA"
Info (12021): Found 1 design units, including 1 entities, in source file db/altsyncram_vod2.tdf
    Info (12023): Found entity 1: altsyncram_vod2 File: /home/user/projects/2022_winter/idec_riscv_feb_2023/.solution/day3/02.PM/16.quartus_ii_optimized/hardware/fpga/db/altsyncram_vod2.tdf Line: 28
Warning (127007): Memory Initialization File or Hexadecimal (Intel-Format) File "/home/user/projects/2022_winter/idec_riscv_feb_2023/.solution/day3/02.PM/16.quartus_ii_optimized/hardware/fpga/db/SMU_RV32I_System.ram0_dualport_mem_synch_rw_dualclk_b1989a5d.hdl.mif" contains "don't care" values -- overwriting them with 0s File: /datat/opt_tools/intelFPGA_lite/20.1.1/quartus/libraries/megafunctions/altsyncram.tdf Line: 792
Warning (127007): Memory Initialization File or Hexadecimal (Intel-Format) File "/home/user/projects/2022_winter/idec_riscv_feb_2023/.solution/day3/02.PM/16.quartus_ii_optimized/hardware/fpga/db/SMU_RV32I_System.ram0_dualport_mem_synch_rw_dualclk_b1989a5d.hdl.mif" contains "don't care" values -- overwriting them with 0s File: /datat/opt_tools/intelFPGA_lite/20.1.1/quartus/libraries/megafunctions/altsyncram.tdf Line: 792
Info (12130): Elaborated megafunction instantiation "rv32i_cpu:icpu|datapath:i_datapath|altshift_taps:PCPlus4_E_rtl_0"
Info (12133): Instantiated megafunction "rv32i_cpu:icpu|datapath:i_datapath|altshift_taps:PCPlus4_E_rtl_0" with the following parameter:
    Info (12134): Parameter "NUMBER_OF_TAPS" = "1"
    Info (12134): Parameter "TAP_DISTANCE" = "3"
    Info (12134): Parameter "WIDTH" = "31"
Info (12021): Found 1 design units, including 1 entities, in source file db/shift_taps_bkm.tdf
    Info (12023): Found entity 1: shift_taps_bkm File: /home/user/projects/2022_winter/idec_riscv_feb_2023/.solution/day3/02.PM/16.quartus_ii_optimized/hardware/fpga/db/shift_taps_bkm.tdf Line: 31
Info (12021): Found 1 design units, including 1 entities, in source file db/altsyncram_r861.tdf
    Info (12023): Found entity 1: altsyncram_r861 File: /home/user/projects/2022_winter/idec_riscv_feb_2023/.solution/day3/02.PM/16.quartus_ii_optimized/hardware/fpga/db/altsyncram_r861.tdf Line: 28
Info (12021): Found 1 design units, including 1 entities, in source file db/add_sub_24e.tdf
    Info (12023): Found entity 1: add_sub_24e File: /home/user/projects/2022_winter/idec_riscv_feb_2023/.solution/day3/02.PM/16.quartus_ii_optimized/hardware/fpga/db/add_sub_24e.tdf Line: 23
Info (12021): Found 1 design units, including 1 entities, in source file db/cntr_6pf.tdf
    Info (12023): Found entity 1: cntr_6pf File: /home/user/projects/2022_winter/idec_riscv_feb_2023/.solution/day3/02.PM/16.quartus_ii_optimized/hardware/fpga/db/cntr_6pf.tdf Line: 25
Info (12021): Found 1 design units, including 1 entities, in source file db/cmpr_ogc.tdf
    Info (12023): Found entity 1: cmpr_ogc File: /home/user/projects/2022_winter/idec_riscv_feb_2023/.solution/day3/02.PM/16.quartus_ii_optimized/hardware/fpga/db/cmpr_ogc.tdf Line: 23
Info (12021): Found 1 design units, including 1 entities, in source file db/cntr_p8h.tdf
    Info (12023): Found entity 1: cntr_p8h File: /home/user/projects/2022_winter/idec_riscv_feb_2023/.solution/day3/02.PM/16.quartus_ii_optimized/hardware/fpga/db/cntr_p8h.tdf Line: 26
Info (13000): Registers with preset signals will power-up high File: /home/user/projects/2022_winter/idec_riscv_feb_2023/.solution/day3/02.PM/16.quartus_ii_optimized/hardware/fpga/db/shift_taps_bkm.tdf Line: 42
Info (13003): DEV_CLRn pin will set, and not reset, register with preset signal due to NOT Gate Push-Back
Info (286030): Timing-Driven Synthesis is running
Info (17049): 60 registers lost all their fanouts during netlist optimizations.
Info (128000): Starting physical synthesis optimizations for speed
Info (332104): Reading SDC File: 'SMU_RV32I_System.sdc'
Info (332151): Clock uncertainty is not calculated until you update the timing netlist.
Info (332154): The derive_clock_uncertainty command did not apply clock uncertainty to any clock-to-clock transfers.
Info (332129): Detected timing requirements -- optimizing circuit to achieve only the specified requirements
Info (332111): Found 1 clocks
    Info (332111):   Period   Clock Name
    Info (332111): ======== ============
    Info (332111):   20.000          clk
Info (128002): Starting physical synthesis algorithm register retiming
Info (128003): Physical synthesis algorithm register retiming complete: estimated slack improvement of 1 ps
Info (128002): Starting physical synthesis algorithm combinational resynthesis using boolean division
Info (128003): Physical synthesis algorithm combinational resynthesis using boolean division complete: estimated slack improvement of 603 ps
Info (128001): Physical synthesis optimizations for speed complete: elapsed time is 00:00:02
Info (16010): Generating hard_block partition "hard_block:auto_generated_inst"
    Info (16011): Adding 0 node(s), including 0 DDIO, 0 PLL, 0 transceiver and 0 LCELL
Info (21057): Implemented 5258 device resources after synthesis - the final resource count might be different
    Info (21058): Implemented 15 input pins
    Info (21059): Implemented 39 output pins
    Info (21061): Implemented 5141 logic cells
    Info (21064): Implemented 63 RAM segments
Info: Quartus Prime Analysis & Synthesis was successful. 0 errors, 12 warnings
    Info: Peak virtual memory: 778 megabytes
    Info: Processing ended: Sat Feb  4 17:35:39 2023
    Info: Elapsed time: 00:00:17
    Info: Total CPU time (on all processors): 00:00:33


