Timing Analyzer report for SMU_RV32I_System
Sat Feb  4 17:37:04 2023
Quartus Prime Version 20.1.1 Build 720 11/11/2020 SJ Lite Edition


---------------------
; Table of Contents ;
---------------------
  1. Legal Notice
  2. Timing Analyzer Summary
  3. Parallel Compilation
  4. SDC File List
  5. Clocks
  6. Slow 1200mV 85C Model Fmax Summary
  7. Timing Closure Recommendations
  8. Slow 1200mV 85C Model Setup Summary
  9. Slow 1200mV 85C Model Hold Summary
 10. Slow 1200mV 85C Model Recovery Summary
 11. Slow 1200mV 85C Model Removal Summary
 12. Slow 1200mV 85C Model Minimum Pulse Width Summary
 13. Slow 1200mV 85C Model Setup: 'clk'
 14. Slow 1200mV 85C Model Hold: 'clk'
 15. Slow 1200mV 85C Model Recovery: 'clk'
 16. Slow 1200mV 85C Model Removal: 'clk'
 17. Slow 1200mV 85C Model Metastability Summary
 18. Slow 1200mV 0C Model Fmax Summary
 19. Slow 1200mV 0C Model Setup Summary
 20. Slow 1200mV 0C Model Hold Summary
 21. Slow 1200mV 0C Model Recovery Summary
 22. Slow 1200mV 0C Model Removal Summary
 23. Slow 1200mV 0C Model Minimum Pulse Width Summary
 24. Slow 1200mV 0C Model Setup: 'clk'
 25. Slow 1200mV 0C Model Hold: 'clk'
 26. Slow 1200mV 0C Model Recovery: 'clk'
 27. Slow 1200mV 0C Model Removal: 'clk'
 28. Slow 1200mV 0C Model Metastability Summary
 29. Fast 1200mV 0C Model Setup Summary
 30. Fast 1200mV 0C Model Hold Summary
 31. Fast 1200mV 0C Model Recovery Summary
 32. Fast 1200mV 0C Model Removal Summary
 33. Fast 1200mV 0C Model Minimum Pulse Width Summary
 34. Fast 1200mV 0C Model Setup: 'clk'
 35. Fast 1200mV 0C Model Hold: 'clk'
 36. Fast 1200mV 0C Model Recovery: 'clk'
 37. Fast 1200mV 0C Model Removal: 'clk'
 38. Fast 1200mV 0C Model Metastability Summary
 39. Multicorner Timing Analysis Summary
 40. Board Trace Model Assignments
 41. Input Transition Times
 42. Signal Integrity Metrics (Slow 1200mv 0c Model)
 43. Signal Integrity Metrics (Slow 1200mv 85c Model)
 44. Signal Integrity Metrics (Fast 1200mv 0c Model)
 45. Setup Transfers
 46. Hold Transfers
 47. Recovery Transfers
 48. Removal Transfers
 49. Report TCCS
 50. Report RSKM
 51. Unconstrained Paths Summary
 52. Clock Status Summary
 53. Unconstrained Input Ports
 54. Unconstrained Output Ports
 55. Unconstrained Input Ports
 56. Unconstrained Output Ports
 57. Timing Analyzer Messages



----------------
; Legal Notice ;
----------------
Copyright (C) 2020  Intel Corporation. All rights reserved.
Your use of Intel Corporation's design tools, logic functions 
and other software and tools, and any partner logic 
functions, and any output files from any of the foregoing 
(including device programming or simulation files), and any 
associated documentation or information are expressly subject 
to the terms and conditions of the Intel Program License 
Subscription Agreement, the Intel Quartus Prime License Agreement,
the Intel FPGA IP License Agreement, or other applicable license
agreement, including, without limitation, that your use is for
the sole purpose of programming logic devices manufactured by
Intel and sold by Intel or its authorized distributors.  Please
refer to the applicable agreement for further details, at
https://fpgasoftware.intel.com/eula.



+-----------------------------------------------------------------------------+
; Timing Analyzer Summary                                                     ;
+-----------------------+-----------------------------------------------------+
; Quartus Prime Version ; Version 20.1.1 Build 720 11/11/2020 SJ Lite Edition ;
; Timing Analyzer       ; Legacy Timing Analyzer                              ;
; Revision Name         ; SMU_RV32I_System                                    ;
; Device Family         ; Cyclone IV E                                        ;
; Device Name           ; EP4CE115F29C7                                       ;
; Timing Models         ; Final                                               ;
; Delay Model           ; Combined                                            ;
; Rise/Fall Delays      ; Enabled                                             ;
+-----------------------+-----------------------------------------------------+


+------------------------------------------+
; Parallel Compilation                     ;
+----------------------------+-------------+
; Processors                 ; Number      ;
+----------------------------+-------------+
; Number detected on machine ; 36          ;
; Maximum allowed            ; 16          ;
;                            ;             ;
; Average used               ; 2.11        ;
; Maximum used               ; 16          ;
;                            ;             ;
; Usage by Processor         ; % Time Used ;
;     Processor 1            ; 100.0%      ;
;     Processor 2            ;  24.6%      ;
;     Processor 3            ;  20.8%      ;
;     Processor 4            ;  20.3%      ;
;     Processors 5-16        ;   3.7%      ;
+----------------------------+-------------+


+----------------------------------------------------------+
; SDC File List                                            ;
+----------------------+--------+--------------------------+
; SDC File Path        ; Status ; Read at                  ;
+----------------------+--------+--------------------------+
; SMU_RV32I_System.sdc ; OK     ; Sat Feb  4 17:37:02 2023 ;
+----------------------+--------+--------------------------+


+--------------------------------------------------------------------------------------------------------------------------------------------------------------------------------------+
; Clocks                                                                                                                                                                               ;
+------------+------+--------+-----------+-------+--------+------------+-----------+-------------+-------+--------+-----------+------------+----------+--------+--------+--------------+
; Clock Name ; Type ; Period ; Frequency ; Rise  ; Fall   ; Duty Cycle ; Divide by ; Multiply by ; Phase ; Offset ; Edge List ; Edge Shift ; Inverted ; Master ; Source ; Targets      ;
+------------+------+--------+-----------+-------+--------+------------+-----------+-------------+-------+--------+-----------+------------+----------+--------+--------+--------------+
; clk        ; Base ; 20.000 ; 50.0 MHz  ; 0.000 ; 10.000 ;            ;           ;             ;       ;        ;           ;            ;          ;        ;        ; { CLOCK_50 } ;
+------------+------+--------+-----------+-------+--------+------------+-----------+-------------+-------+--------+-----------+------------+----------+--------+--------+--------------+


+-------------------------------------------------+
; Slow 1200mV 85C Model Fmax Summary              ;
+-----------+-----------------+------------+------+
; Fmax      ; Restricted Fmax ; Clock Name ; Note ;
+-----------+-----------------+------------+------+
; 51.36 MHz ; 51.36 MHz       ; clk        ;      ;
+-----------+-----------------+------------+------+
This panel reports FMAX for every clock in the design, regardless of the user-specified clock periods.  FMAX is only computed for paths where the source and destination registers or ports are driven by the same clock.  Paths of different clocks, including generated clocks, are ignored.  For paths between a clock and its inversion, FMAX is computed as if the rising and falling edges are scaled along with FMAX, such that the duty cycle (in terms of a percentage) is maintained. Altera recommends that you always use clock constraints and other slack reports for sign-off analysis.


----------------------------------
; Timing Closure Recommendations ;
----------------------------------
HTML report is unavailable in plain text report export.


+-------------------------------------+
; Slow 1200mV 85C Model Setup Summary ;
+-------+-------+---------------------+
; Clock ; Slack ; End Point TNS       ;
+-------+-------+---------------------+
; clk   ; 0.528 ; 0.000               ;
+-------+-------+---------------------+


+------------------------------------+
; Slow 1200mV 85C Model Hold Summary ;
+-------+-------+--------------------+
; Clock ; Slack ; End Point TNS      ;
+-------+-------+--------------------+
; clk   ; 0.384 ; 0.000              ;
+-------+-------+--------------------+


+----------------------------------------+
; Slow 1200mV 85C Model Recovery Summary ;
+-------+--------+-----------------------+
; Clock ; Slack  ; End Point TNS         ;
+-------+--------+-----------------------+
; clk   ; 16.195 ; 0.000                 ;
+-------+--------+-----------------------+


+---------------------------------------+
; Slow 1200mV 85C Model Removal Summary ;
+-------+-------+-----------------------+
; Clock ; Slack ; End Point TNS         ;
+-------+-------+-----------------------+
; clk   ; 2.024 ; 0.000                 ;
+-------+-------+-----------------------+


+---------------------------------------------------+
; Slow 1200mV 85C Model Minimum Pulse Width Summary ;
+-------+-------+-----------------------------------+
; Clock ; Slack ; End Point TNS                     ;
+-------+-------+-----------------------------------+
; clk   ; 9.624 ; 0.000                             ;
+-------+-------+-----------------------------------+


+-------------------------------------------------------------------------------------------------------------------------------------------------------------------------------------------------------------------------------------------------------------------------------------------------------------------------------------------------------------+
; Slow 1200mV 85C Model Setup: 'clk'                                                                                                                                                                                                                                                                                                                          ;
+-------+-------------------------------------------------------------------------------------------------------------------+-----------------------------------------------------------------------------------------------------------------------------------------------------------+--------------+-------------+--------------+------------+------------+
; Slack ; From Node                                                                                                         ; To Node                                                                                                                                                   ; Launch Clock ; Latch Clock ; Relationship ; Clock Skew ; Data Delay ;
+-------+-------------------------------------------------------------------------------------------------------------------+-----------------------------------------------------------------------------------------------------------------------------------------------------------+--------------+-------------+--------------+------------+------------+
; 0.528 ; dualport_mem_synch_rw_dualclk:imem|altsyncram:mem_rtl_0|altsyncram_vod2:auto_generated|ram_block1a17~portb_we_reg ; rv32i_cpu:icpu|datapath:i_datapath|altshift_taps:PCPlus4_E_rtl_0|shift_taps_bkm:auto_generated|altsyncram_r861:altsyncram4|ram_block7a0~porta_datain_reg0 ; clk          ; clk         ; 20.000       ; -0.110     ; 19.400     ;
; 0.539 ; dualport_mem_synch_rw_dualclk:imem|altsyncram:mem_rtl_0|altsyncram_vod2:auto_generated|ram_block1a2~portb_we_reg  ; rv32i_cpu:icpu|datapath:i_datapath|altshift_taps:PCPlus4_E_rtl_0|shift_taps_bkm:auto_generated|altsyncram_r861:altsyncram4|ram_block7a0~porta_datain_reg0 ; clk          ; clk         ; 20.000       ; -0.115     ; 19.384     ;
; 0.558 ; dualport_mem_synch_rw_dualclk:imem|altsyncram:mem_rtl_0|altsyncram_vod2:auto_generated|ram_block1a8~portb_we_reg  ; rv32i_cpu:icpu|datapath:i_datapath|altshift_taps:PCPlus4_E_rtl_0|shift_taps_bkm:auto_generated|altsyncram_r861:altsyncram4|ram_block7a0~porta_datain_reg0 ; clk          ; clk         ; 20.000       ; -0.101     ; 19.379     ;
; 0.686 ; dualport_mem_synch_rw_dualclk:imem|altsyncram:mem_rtl_0|altsyncram_vod2:auto_generated|ram_block1a0~portb_we_reg  ; rv32i_cpu:icpu|datapath:i_datapath|altshift_taps:PCPlus4_E_rtl_0|shift_taps_bkm:auto_generated|altsyncram_r861:altsyncram4|ram_block7a0~porta_datain_reg0 ; clk          ; clk         ; 20.000       ; -0.097     ; 19.255     ;
; 0.837 ; dualport_mem_synch_rw_dualclk:imem|altsyncram:mem_rtl_0|altsyncram_vod2:auto_generated|ram_block1a29~portb_we_reg ; rv32i_cpu:icpu|datapath:i_datapath|altshift_taps:PCPlus4_E_rtl_0|shift_taps_bkm:auto_generated|altsyncram_r861:altsyncram4|ram_block7a0~porta_datain_reg0 ; clk          ; clk         ; 20.000       ; -0.099     ; 19.102     ;
; 0.866 ; dualport_mem_synch_rw_dualclk:imem|altsyncram:mem_rtl_0|altsyncram_vod2:auto_generated|ram_block1a19~portb_we_reg ; rv32i_cpu:icpu|datapath:i_datapath|altshift_taps:PCPlus4_E_rtl_0|shift_taps_bkm:auto_generated|altsyncram_r861:altsyncram4|ram_block7a0~porta_datain_reg0 ; clk          ; clk         ; 20.000       ; -0.117     ; 19.055     ;
; 0.996 ; dualport_mem_synch_rw_dualclk:imem|altsyncram:mem_rtl_0|altsyncram_vod2:auto_generated|ram_block1a12~portb_we_reg ; rv32i_cpu:icpu|datapath:i_datapath|altshift_taps:PCPlus4_E_rtl_0|shift_taps_bkm:auto_generated|altsyncram_r861:altsyncram4|ram_block7a0~porta_datain_reg0 ; clk          ; clk         ; 20.000       ; -0.111     ; 18.931     ;
; 1.016 ; dualport_mem_synch_rw_dualclk:imem|altsyncram:mem_rtl_0|altsyncram_vod2:auto_generated|ram_block1a11~portb_we_reg ; rv32i_cpu:icpu|datapath:i_datapath|altshift_taps:PCPlus4_E_rtl_0|shift_taps_bkm:auto_generated|altsyncram_r861:altsyncram4|ram_block7a0~porta_datain_reg0 ; clk          ; clk         ; 20.000       ; -0.099     ; 18.923     ;
; 1.114 ; dualport_mem_synch_rw_dualclk:imem|altsyncram:mem_rtl_0|altsyncram_vod2:auto_generated|ram_block1a1~portb_we_reg  ; rv32i_cpu:icpu|datapath:i_datapath|altshift_taps:PCPlus4_E_rtl_0|shift_taps_bkm:auto_generated|altsyncram_r861:altsyncram4|ram_block7a0~porta_datain_reg0 ; clk          ; clk         ; 20.000       ; -0.136     ; 18.788     ;
; 1.121 ; dualport_mem_synch_rw_dualclk:imem|altsyncram:mem_rtl_0|altsyncram_vod2:auto_generated|ram_block1a9~portb_we_reg  ; rv32i_cpu:icpu|datapath:i_datapath|altshift_taps:PCPlus4_E_rtl_0|shift_taps_bkm:auto_generated|altsyncram_r861:altsyncram4|ram_block7a0~porta_datain_reg0 ; clk          ; clk         ; 20.000       ; -0.114     ; 18.803     ;
; 1.131 ; dualport_mem_synch_rw_dualclk:imem|altsyncram:mem_rtl_0|altsyncram_vod2:auto_generated|ram_block1a21~portb_we_reg ; rv32i_cpu:icpu|datapath:i_datapath|altshift_taps:PCPlus4_E_rtl_0|shift_taps_bkm:auto_generated|altsyncram_r861:altsyncram4|ram_block7a0~porta_datain_reg0 ; clk          ; clk         ; 20.000       ; -0.108     ; 18.799     ;
; 1.171 ; dualport_mem_synch_rw_dualclk:imem|altsyncram:mem_rtl_0|altsyncram_vod2:auto_generated|ram_block1a24~portb_we_reg ; rv32i_cpu:icpu|datapath:i_datapath|altshift_taps:PCPlus4_E_rtl_0|shift_taps_bkm:auto_generated|altsyncram_r861:altsyncram4|ram_block7a0~porta_datain_reg0 ; clk          ; clk         ; 20.000       ; -0.091     ; 18.776     ;
; 1.208 ; dualport_mem_synch_rw_dualclk:imem|altsyncram:mem_rtl_0|altsyncram_vod2:auto_generated|ram_block1a17~portb_we_reg ; rv32i_cpu:icpu|datapath:i_datapath|PC_D[29]_OTERM5_OTERM1129_OTERM1421                                                                                    ; clk          ; clk         ; 20.000       ; -0.070     ; 18.720     ;
; 1.219 ; dualport_mem_synch_rw_dualclk:imem|altsyncram:mem_rtl_0|altsyncram_vod2:auto_generated|ram_block1a2~portb_we_reg  ; rv32i_cpu:icpu|datapath:i_datapath|PC_D[29]_OTERM5_OTERM1129_OTERM1421                                                                                    ; clk          ; clk         ; 20.000       ; -0.075     ; 18.704     ;
; 1.233 ; dualport_mem_synch_rw_dualclk:imem|altsyncram:mem_rtl_0|altsyncram_vod2:auto_generated|ram_block1a16~portb_we_reg ; rv32i_cpu:icpu|datapath:i_datapath|altshift_taps:PCPlus4_E_rtl_0|shift_taps_bkm:auto_generated|altsyncram_r861:altsyncram4|ram_block7a0~porta_datain_reg0 ; clk          ; clk         ; 20.000       ; -0.087     ; 18.718     ;
; 1.238 ; dualport_mem_synch_rw_dualclk:imem|altsyncram:mem_rtl_0|altsyncram_vod2:auto_generated|ram_block1a8~portb_we_reg  ; rv32i_cpu:icpu|datapath:i_datapath|PC_D[29]_OTERM5_OTERM1129_OTERM1421                                                                                    ; clk          ; clk         ; 20.000       ; -0.061     ; 18.699     ;
; 1.281 ; dualport_mem_synch_rw_dualclk:imem|altsyncram:mem_rtl_0|altsyncram_vod2:auto_generated|ram_block1a17~portb_we_reg ; rv32i_cpu:icpu|datapath:i_datapath|rs2_data_E[22]                                                                                                         ; clk          ; clk         ; 20.000       ; -0.023     ; 18.694     ;
; 1.281 ; dualport_mem_synch_rw_dualclk:imem|altsyncram:mem_rtl_0|altsyncram_vod2:auto_generated|ram_block1a17~portb_we_reg ; rv32i_cpu:icpu|datapath:i_datapath|rs2_data_E[17]                                                                                                         ; clk          ; clk         ; 20.000       ; -0.023     ; 18.694     ;
; 1.283 ; dualport_mem_synch_rw_dualclk:imem|altsyncram:mem_rtl_0|altsyncram_vod2:auto_generated|ram_block1a17~portb_we_reg ; rv32i_cpu:icpu|datapath:i_datapath|rs2_data_E[30]                                                                                                         ; clk          ; clk         ; 20.000       ; -0.023     ; 18.692     ;
; 1.288 ; dualport_mem_synch_rw_dualclk:imem|altsyncram:mem_rtl_0|altsyncram_vod2:auto_generated|ram_block1a17~portb_we_reg ; rv32i_cpu:icpu|datapath:i_datapath|rs1_data_E[8]                                                                                                          ; clk          ; clk         ; 20.000       ; -0.035     ; 18.675     ;
; 1.289 ; dualport_mem_synch_rw_dualclk:imem|altsyncram:mem_rtl_0|altsyncram_vod2:auto_generated|ram_block1a27~portb_we_reg ; rv32i_cpu:icpu|datapath:i_datapath|altshift_taps:PCPlus4_E_rtl_0|shift_taps_bkm:auto_generated|altsyncram_r861:altsyncram4|ram_block7a0~porta_datain_reg0 ; clk          ; clk         ; 20.000       ; -0.095     ; 18.654     ;
; 1.291 ; dualport_mem_synch_rw_dualclk:imem|altsyncram:mem_rtl_0|altsyncram_vod2:auto_generated|ram_block1a17~portb_we_reg ; rv32i_cpu:icpu|datapath:i_datapath|rs1_data_E[2]                                                                                                          ; clk          ; clk         ; 20.000       ; -0.035     ; 18.672     ;
; 1.292 ; dualport_mem_synch_rw_dualclk:imem|altsyncram:mem_rtl_0|altsyncram_vod2:auto_generated|ram_block1a2~portb_we_reg  ; rv32i_cpu:icpu|datapath:i_datapath|rs2_data_E[22]                                                                                                         ; clk          ; clk         ; 20.000       ; -0.028     ; 18.678     ;
; 1.292 ; dualport_mem_synch_rw_dualclk:imem|altsyncram:mem_rtl_0|altsyncram_vod2:auto_generated|ram_block1a2~portb_we_reg  ; rv32i_cpu:icpu|datapath:i_datapath|rs2_data_E[17]                                                                                                         ; clk          ; clk         ; 20.000       ; -0.028     ; 18.678     ;
; 1.294 ; dualport_mem_synch_rw_dualclk:imem|altsyncram:mem_rtl_0|altsyncram_vod2:auto_generated|ram_block1a2~portb_we_reg  ; rv32i_cpu:icpu|datapath:i_datapath|rs2_data_E[30]                                                                                                         ; clk          ; clk         ; 20.000       ; -0.028     ; 18.676     ;
; 1.296 ; dualport_mem_synch_rw_dualclk:imem|altsyncram:mem_rtl_0|altsyncram_vod2:auto_generated|ram_block1a5~portb_we_reg  ; rv32i_cpu:icpu|datapath:i_datapath|altshift_taps:PCPlus4_E_rtl_0|shift_taps_bkm:auto_generated|altsyncram_r861:altsyncram4|ram_block7a0~porta_datain_reg0 ; clk          ; clk         ; 20.000       ; -0.098     ; 18.644     ;
; 1.299 ; dualport_mem_synch_rw_dualclk:imem|altsyncram:mem_rtl_0|altsyncram_vod2:auto_generated|ram_block1a2~portb_we_reg  ; rv32i_cpu:icpu|datapath:i_datapath|rs1_data_E[8]                                                                                                          ; clk          ; clk         ; 20.000       ; -0.040     ; 18.659     ;
; 1.302 ; dualport_mem_synch_rw_dualclk:imem|altsyncram:mem_rtl_0|altsyncram_vod2:auto_generated|ram_block1a2~portb_we_reg  ; rv32i_cpu:icpu|datapath:i_datapath|rs1_data_E[2]                                                                                                          ; clk          ; clk         ; 20.000       ; -0.040     ; 18.656     ;
; 1.311 ; dualport_mem_synch_rw_dualclk:imem|altsyncram:mem_rtl_0|altsyncram_vod2:auto_generated|ram_block1a8~portb_we_reg  ; rv32i_cpu:icpu|datapath:i_datapath|rs2_data_E[22]                                                                                                         ; clk          ; clk         ; 20.000       ; -0.014     ; 18.673     ;
; 1.311 ; dualport_mem_synch_rw_dualclk:imem|altsyncram:mem_rtl_0|altsyncram_vod2:auto_generated|ram_block1a8~portb_we_reg  ; rv32i_cpu:icpu|datapath:i_datapath|rs2_data_E[17]                                                                                                         ; clk          ; clk         ; 20.000       ; -0.014     ; 18.673     ;
; 1.313 ; dualport_mem_synch_rw_dualclk:imem|altsyncram:mem_rtl_0|altsyncram_vod2:auto_generated|ram_block1a8~portb_we_reg  ; rv32i_cpu:icpu|datapath:i_datapath|rs2_data_E[30]                                                                                                         ; clk          ; clk         ; 20.000       ; -0.014     ; 18.671     ;
; 1.317 ; dualport_mem_synch_rw_dualclk:imem|altsyncram:mem_rtl_0|altsyncram_vod2:auto_generated|ram_block1a17~portb_we_reg ; rv32i_cpu:icpu|datapath:i_datapath|rs2_data_E[14]                                                                                                         ; clk          ; clk         ; 20.000       ; -0.034     ; 18.647     ;
; 1.317 ; dualport_mem_synch_rw_dualclk:imem|altsyncram:mem_rtl_0|altsyncram_vod2:auto_generated|ram_block1a17~portb_we_reg ; rv32i_cpu:icpu|datapath:i_datapath|rs2_data_E[5]                                                                                                          ; clk          ; clk         ; 20.000       ; -0.034     ; 18.647     ;
; 1.318 ; dualport_mem_synch_rw_dualclk:imem|altsyncram:mem_rtl_0|altsyncram_vod2:auto_generated|ram_block1a17~portb_we_reg ; rv32i_cpu:icpu|datapath:i_datapath|rs2_data_E[0]                                                                                                          ; clk          ; clk         ; 20.000       ; -0.034     ; 18.646     ;
; 1.318 ; dualport_mem_synch_rw_dualclk:imem|altsyncram:mem_rtl_0|altsyncram_vod2:auto_generated|ram_block1a8~portb_we_reg  ; rv32i_cpu:icpu|datapath:i_datapath|rs1_data_E[8]                                                                                                          ; clk          ; clk         ; 20.000       ; -0.026     ; 18.654     ;
; 1.319 ; dualport_mem_synch_rw_dualclk:imem|altsyncram:mem_rtl_0|altsyncram_vod2:auto_generated|ram_block1a17~portb_we_reg ; rv32i_cpu:icpu|datapath:i_datapath|rs2_data_E[10]                                                                                                         ; clk          ; clk         ; 20.000       ; -0.034     ; 18.645     ;
; 1.321 ; dualport_mem_synch_rw_dualclk:imem|altsyncram:mem_rtl_0|altsyncram_vod2:auto_generated|ram_block1a17~portb_we_reg ; rv32i_cpu:icpu|datapath:i_datapath|rs2_data_E[19]                                                                                                         ; clk          ; clk         ; 20.000       ; -0.034     ; 18.643     ;
; 1.321 ; dualport_mem_synch_rw_dualclk:imem|altsyncram:mem_rtl_0|altsyncram_vod2:auto_generated|ram_block1a17~portb_we_reg ; rv32i_cpu:icpu|datapath:i_datapath|rs2_data_E[7]                                                                                                          ; clk          ; clk         ; 20.000       ; -0.034     ; 18.643     ;
; 1.321 ; dualport_mem_synch_rw_dualclk:imem|altsyncram:mem_rtl_0|altsyncram_vod2:auto_generated|ram_block1a8~portb_we_reg  ; rv32i_cpu:icpu|datapath:i_datapath|rs1_data_E[2]                                                                                                          ; clk          ; clk         ; 20.000       ; -0.026     ; 18.651     ;
; 1.328 ; dualport_mem_synch_rw_dualclk:imem|altsyncram:mem_rtl_0|altsyncram_vod2:auto_generated|ram_block1a2~portb_we_reg  ; rv32i_cpu:icpu|datapath:i_datapath|rs2_data_E[14]                                                                                                         ; clk          ; clk         ; 20.000       ; -0.039     ; 18.631     ;
; 1.328 ; dualport_mem_synch_rw_dualclk:imem|altsyncram:mem_rtl_0|altsyncram_vod2:auto_generated|ram_block1a2~portb_we_reg  ; rv32i_cpu:icpu|datapath:i_datapath|rs2_data_E[5]                                                                                                          ; clk          ; clk         ; 20.000       ; -0.039     ; 18.631     ;
; 1.329 ; dualport_mem_synch_rw_dualclk:imem|altsyncram:mem_rtl_0|altsyncram_vod2:auto_generated|ram_block1a2~portb_we_reg  ; rv32i_cpu:icpu|datapath:i_datapath|rs2_data_E[0]                                                                                                          ; clk          ; clk         ; 20.000       ; -0.039     ; 18.630     ;
; 1.330 ; dualport_mem_synch_rw_dualclk:imem|altsyncram:mem_rtl_0|altsyncram_vod2:auto_generated|ram_block1a2~portb_we_reg  ; rv32i_cpu:icpu|datapath:i_datapath|rs2_data_E[10]                                                                                                         ; clk          ; clk         ; 20.000       ; -0.039     ; 18.629     ;
; 1.332 ; dualport_mem_synch_rw_dualclk:imem|altsyncram:mem_rtl_0|altsyncram_vod2:auto_generated|ram_block1a2~portb_we_reg  ; rv32i_cpu:icpu|datapath:i_datapath|rs2_data_E[19]                                                                                                         ; clk          ; clk         ; 20.000       ; -0.039     ; 18.627     ;
; 1.332 ; dualport_mem_synch_rw_dualclk:imem|altsyncram:mem_rtl_0|altsyncram_vod2:auto_generated|ram_block1a2~portb_we_reg  ; rv32i_cpu:icpu|datapath:i_datapath|rs2_data_E[7]                                                                                                          ; clk          ; clk         ; 20.000       ; -0.039     ; 18.627     ;
; 1.347 ; dualport_mem_synch_rw_dualclk:imem|altsyncram:mem_rtl_0|altsyncram_vod2:auto_generated|ram_block1a8~portb_we_reg  ; rv32i_cpu:icpu|datapath:i_datapath|rs2_data_E[14]                                                                                                         ; clk          ; clk         ; 20.000       ; -0.025     ; 18.626     ;
; 1.347 ; dualport_mem_synch_rw_dualclk:imem|altsyncram:mem_rtl_0|altsyncram_vod2:auto_generated|ram_block1a8~portb_we_reg  ; rv32i_cpu:icpu|datapath:i_datapath|rs2_data_E[5]                                                                                                          ; clk          ; clk         ; 20.000       ; -0.025     ; 18.626     ;
; 1.348 ; dualport_mem_synch_rw_dualclk:imem|altsyncram:mem_rtl_0|altsyncram_vod2:auto_generated|ram_block1a8~portb_we_reg  ; rv32i_cpu:icpu|datapath:i_datapath|rs2_data_E[0]                                                                                                          ; clk          ; clk         ; 20.000       ; -0.025     ; 18.625     ;
; 1.349 ; dualport_mem_synch_rw_dualclk:imem|altsyncram:mem_rtl_0|altsyncram_vod2:auto_generated|ram_block1a8~portb_we_reg  ; rv32i_cpu:icpu|datapath:i_datapath|rs2_data_E[10]                                                                                                         ; clk          ; clk         ; 20.000       ; -0.025     ; 18.624     ;
; 1.351 ; dualport_mem_synch_rw_dualclk:imem|altsyncram:mem_rtl_0|altsyncram_vod2:auto_generated|ram_block1a8~portb_we_reg  ; rv32i_cpu:icpu|datapath:i_datapath|rs2_data_E[19]                                                                                                         ; clk          ; clk         ; 20.000       ; -0.025     ; 18.622     ;
; 1.351 ; dualport_mem_synch_rw_dualclk:imem|altsyncram:mem_rtl_0|altsyncram_vod2:auto_generated|ram_block1a8~portb_we_reg  ; rv32i_cpu:icpu|datapath:i_datapath|rs2_data_E[7]                                                                                                          ; clk          ; clk         ; 20.000       ; -0.025     ; 18.622     ;
; 1.354 ; dualport_mem_synch_rw_dualclk:imem|altsyncram:mem_rtl_0|altsyncram_vod2:auto_generated|ram_block1a17~portb_we_reg ; rv32i_cpu:icpu|datapath:i_datapath|ImmExt_E[22]                                                                                                           ; clk          ; clk         ; 20.000       ; -0.459     ; 18.185     ;
; 1.355 ; dualport_mem_synch_rw_dualclk:imem|altsyncram:mem_rtl_0|altsyncram_vod2:auto_generated|ram_block1a17~portb_we_reg ; rv32i_cpu:icpu|datapath:i_datapath|ImmExt_E[25]                                                                                                           ; clk          ; clk         ; 20.000       ; -0.459     ; 18.184     ;
; 1.360 ; dualport_mem_synch_rw_dualclk:imem|altsyncram:mem_rtl_0|altsyncram_vod2:auto_generated|ram_block1a17~portb_we_reg ; rv32i_cpu:icpu|datapath:i_datapath|ImmExt_E[26]                                                                                                           ; clk          ; clk         ; 20.000       ; -0.459     ; 18.179     ;
; 1.365 ; dualport_mem_synch_rw_dualclk:imem|altsyncram:mem_rtl_0|altsyncram_vod2:auto_generated|ram_block1a2~portb_we_reg  ; rv32i_cpu:icpu|datapath:i_datapath|ImmExt_E[22]                                                                                                           ; clk          ; clk         ; 20.000       ; -0.464     ; 18.169     ;
; 1.366 ; dualport_mem_synch_rw_dualclk:imem|altsyncram:mem_rtl_0|altsyncram_vod2:auto_generated|ram_block1a0~portb_we_reg  ; rv32i_cpu:icpu|datapath:i_datapath|PC_D[29]_OTERM5_OTERM1129_OTERM1421                                                                                    ; clk          ; clk         ; 20.000       ; -0.057     ; 18.575     ;
; 1.366 ; dualport_mem_synch_rw_dualclk:imem|altsyncram:mem_rtl_0|altsyncram_vod2:auto_generated|ram_block1a2~portb_we_reg  ; rv32i_cpu:icpu|datapath:i_datapath|ImmExt_E[25]                                                                                                           ; clk          ; clk         ; 20.000       ; -0.464     ; 18.168     ;
; 1.367 ; dualport_mem_synch_rw_dualclk:imem|altsyncram:mem_rtl_0|altsyncram_vod2:auto_generated|ram_block1a17~portb_we_reg ; rv32i_cpu:icpu|datapath:i_datapath|rs1_data_E[10]                                                                                                         ; clk          ; clk         ; 20.000       ; -0.037     ; 18.594     ;
; 1.369 ; dualport_mem_synch_rw_dualclk:imem|altsyncram:mem_rtl_0|altsyncram_vod2:auto_generated|ram_block1a17~portb_we_reg ; rv32i_cpu:icpu|datapath:i_datapath|ImmExt_E[27]                                                                                                           ; clk          ; clk         ; 20.000       ; -0.459     ; 18.170     ;
; 1.370 ; dualport_mem_synch_rw_dualclk:imem|altsyncram:mem_rtl_0|altsyncram_vod2:auto_generated|ram_block1a17~portb_we_reg ; rv32i_cpu:icpu|datapath:i_datapath|rs1_data_E[11]                                                                                                         ; clk          ; clk         ; 20.000       ; -0.037     ; 18.591     ;
; 1.371 ; dualport_mem_synch_rw_dualclk:imem|altsyncram:mem_rtl_0|altsyncram_vod2:auto_generated|ram_block1a17~portb_we_reg ; rv32i_cpu:icpu|datapath:i_datapath|ImmExt_E[29]                                                                                                           ; clk          ; clk         ; 20.000       ; -0.459     ; 18.168     ;
; 1.371 ; dualport_mem_synch_rw_dualclk:imem|altsyncram:mem_rtl_0|altsyncram_vod2:auto_generated|ram_block1a2~portb_we_reg  ; rv32i_cpu:icpu|datapath:i_datapath|ImmExt_E[26]                                                                                                           ; clk          ; clk         ; 20.000       ; -0.464     ; 18.163     ;
; 1.378 ; dualport_mem_synch_rw_dualclk:imem|altsyncram:mem_rtl_0|altsyncram_vod2:auto_generated|ram_block1a2~portb_we_reg  ; rv32i_cpu:icpu|datapath:i_datapath|rs1_data_E[10]                                                                                                         ; clk          ; clk         ; 20.000       ; -0.042     ; 18.578     ;
; 1.379 ; dualport_mem_synch_rw_dualclk:imem|altsyncram:mem_rtl_0|altsyncram_vod2:auto_generated|ram_block1a17~portb_we_reg ; rv32i_cpu:icpu|datapath:i_datapath|rs2_data_E[2]                                                                                                          ; clk          ; clk         ; 20.000       ; -0.033     ; 18.586     ;
; 1.380 ; dualport_mem_synch_rw_dualclk:imem|altsyncram:mem_rtl_0|altsyncram_vod2:auto_generated|ram_block1a17~portb_we_reg ; rv32i_cpu:icpu|datapath:i_datapath|rs2_data_E[3]                                                                                                          ; clk          ; clk         ; 20.000       ; -0.033     ; 18.585     ;
; 1.380 ; dualport_mem_synch_rw_dualclk:imem|altsyncram:mem_rtl_0|altsyncram_vod2:auto_generated|ram_block1a2~portb_we_reg  ; rv32i_cpu:icpu|datapath:i_datapath|ImmExt_E[27]                                                                                                           ; clk          ; clk         ; 20.000       ; -0.464     ; 18.154     ;
; 1.381 ; dualport_mem_synch_rw_dualclk:imem|altsyncram:mem_rtl_0|altsyncram_vod2:auto_generated|ram_block1a17~portb_we_reg ; rv32i_cpu:icpu|datapath:i_datapath|rs2_data_E[11]                                                                                                         ; clk          ; clk         ; 20.000       ; -0.033     ; 18.584     ;
; 1.381 ; dualport_mem_synch_rw_dualclk:imem|altsyncram:mem_rtl_0|altsyncram_vod2:auto_generated|ram_block1a2~portb_we_reg  ; rv32i_cpu:icpu|datapath:i_datapath|rs1_data_E[11]                                                                                                         ; clk          ; clk         ; 20.000       ; -0.042     ; 18.575     ;
; 1.382 ; dualport_mem_synch_rw_dualclk:imem|altsyncram:mem_rtl_0|altsyncram_vod2:auto_generated|ram_block1a2~portb_we_reg  ; rv32i_cpu:icpu|datapath:i_datapath|ImmExt_E[29]                                                                                                           ; clk          ; clk         ; 20.000       ; -0.464     ; 18.152     ;
; 1.384 ; dualport_mem_synch_rw_dualclk:imem|altsyncram:mem_rtl_0|altsyncram_vod2:auto_generated|ram_block1a8~portb_we_reg  ; rv32i_cpu:icpu|datapath:i_datapath|ImmExt_E[22]                                                                                                           ; clk          ; clk         ; 20.000       ; -0.450     ; 18.164     ;
; 1.385 ; dualport_mem_synch_rw_dualclk:imem|altsyncram:mem_rtl_0|altsyncram_vod2:auto_generated|ram_block1a8~portb_we_reg  ; rv32i_cpu:icpu|datapath:i_datapath|ImmExt_E[25]                                                                                                           ; clk          ; clk         ; 20.000       ; -0.450     ; 18.163     ;
; 1.387 ; dualport_mem_synch_rw_dualclk:imem|altsyncram:mem_rtl_0|altsyncram_vod2:auto_generated|ram_block1a17~portb_we_reg ; rv32i_cpu:icpu|datapath:i_datapath|PC_D[29]_OTERM5_OTERM1129_OTERM1423                                                                                    ; clk          ; clk         ; 20.000       ; -0.069     ; 18.542     ;
; 1.387 ; dualport_mem_synch_rw_dualclk:imem|altsyncram:mem_rtl_0|altsyncram_vod2:auto_generated|ram_block1a17~portb_we_reg ; rv32i_cpu:icpu|datapath:i_datapath|PC_D[29]_OTERM5_OTERM1129_OTERM1417                                                                                    ; clk          ; clk         ; 20.000       ; -0.069     ; 18.542     ;
; 1.387 ; dualport_mem_synch_rw_dualclk:imem|altsyncram:mem_rtl_0|altsyncram_vod2:auto_generated|ram_block1a17~portb_we_reg ; rv32i_cpu:icpu|datapath:i_datapath|PC_D[29]_OTERM5_OTERM1129_OTERM1419                                                                                    ; clk          ; clk         ; 20.000       ; -0.069     ; 18.542     ;
; 1.390 ; dualport_mem_synch_rw_dualclk:imem|altsyncram:mem_rtl_0|altsyncram_vod2:auto_generated|ram_block1a2~portb_we_reg  ; rv32i_cpu:icpu|datapath:i_datapath|rs2_data_E[2]                                                                                                          ; clk          ; clk         ; 20.000       ; -0.038     ; 18.570     ;
; 1.390 ; dualport_mem_synch_rw_dualclk:imem|altsyncram:mem_rtl_0|altsyncram_vod2:auto_generated|ram_block1a8~portb_we_reg  ; rv32i_cpu:icpu|datapath:i_datapath|ImmExt_E[26]                                                                                                           ; clk          ; clk         ; 20.000       ; -0.450     ; 18.158     ;
; 1.391 ; dualport_mem_synch_rw_dualclk:imem|altsyncram:mem_rtl_0|altsyncram_vod2:auto_generated|ram_block1a2~portb_we_reg  ; rv32i_cpu:icpu|datapath:i_datapath|rs2_data_E[3]                                                                                                          ; clk          ; clk         ; 20.000       ; -0.038     ; 18.569     ;
; 1.392 ; dualport_mem_synch_rw_dualclk:imem|altsyncram:mem_rtl_0|altsyncram_vod2:auto_generated|ram_block1a2~portb_we_reg  ; rv32i_cpu:icpu|datapath:i_datapath|rs2_data_E[11]                                                                                                         ; clk          ; clk         ; 20.000       ; -0.038     ; 18.568     ;
; 1.397 ; dualport_mem_synch_rw_dualclk:imem|altsyncram:mem_rtl_0|altsyncram_vod2:auto_generated|ram_block1a8~portb_we_reg  ; rv32i_cpu:icpu|datapath:i_datapath|rs1_data_E[10]                                                                                                         ; clk          ; clk         ; 20.000       ; -0.028     ; 18.573     ;
; 1.398 ; dualport_mem_synch_rw_dualclk:imem|altsyncram:mem_rtl_0|altsyncram_vod2:auto_generated|ram_block1a2~portb_we_reg  ; rv32i_cpu:icpu|datapath:i_datapath|PC_D[29]_OTERM5_OTERM1129_OTERM1423                                                                                    ; clk          ; clk         ; 20.000       ; -0.074     ; 18.526     ;
; 1.398 ; dualport_mem_synch_rw_dualclk:imem|altsyncram:mem_rtl_0|altsyncram_vod2:auto_generated|ram_block1a2~portb_we_reg  ; rv32i_cpu:icpu|datapath:i_datapath|PC_D[29]_OTERM5_OTERM1129_OTERM1417                                                                                    ; clk          ; clk         ; 20.000       ; -0.074     ; 18.526     ;
; 1.398 ; dualport_mem_synch_rw_dualclk:imem|altsyncram:mem_rtl_0|altsyncram_vod2:auto_generated|ram_block1a2~portb_we_reg  ; rv32i_cpu:icpu|datapath:i_datapath|PC_D[29]_OTERM5_OTERM1129_OTERM1419                                                                                    ; clk          ; clk         ; 20.000       ; -0.074     ; 18.526     ;
; 1.399 ; dualport_mem_synch_rw_dualclk:imem|altsyncram:mem_rtl_0|altsyncram_vod2:auto_generated|ram_block1a8~portb_we_reg  ; rv32i_cpu:icpu|datapath:i_datapath|ImmExt_E[27]                                                                                                           ; clk          ; clk         ; 20.000       ; -0.450     ; 18.149     ;
; 1.400 ; dualport_mem_synch_rw_dualclk:imem|altsyncram:mem_rtl_0|altsyncram_vod2:auto_generated|ram_block1a8~portb_we_reg  ; rv32i_cpu:icpu|datapath:i_datapath|rs1_data_E[11]                                                                                                         ; clk          ; clk         ; 20.000       ; -0.028     ; 18.570     ;
; 1.401 ; dualport_mem_synch_rw_dualclk:imem|altsyncram:mem_rtl_0|altsyncram_vod2:auto_generated|ram_block1a8~portb_we_reg  ; rv32i_cpu:icpu|datapath:i_datapath|ImmExt_E[29]                                                                                                           ; clk          ; clk         ; 20.000       ; -0.450     ; 18.147     ;
; 1.409 ; dualport_mem_synch_rw_dualclk:imem|altsyncram:mem_rtl_0|altsyncram_vod2:auto_generated|ram_block1a8~portb_we_reg  ; rv32i_cpu:icpu|datapath:i_datapath|rs2_data_E[2]                                                                                                          ; clk          ; clk         ; 20.000       ; -0.024     ; 18.565     ;
; 1.410 ; dualport_mem_synch_rw_dualclk:imem|altsyncram:mem_rtl_0|altsyncram_vod2:auto_generated|ram_block1a8~portb_we_reg  ; rv32i_cpu:icpu|datapath:i_datapath|rs2_data_E[3]                                                                                                          ; clk          ; clk         ; 20.000       ; -0.024     ; 18.564     ;
; 1.411 ; dualport_mem_synch_rw_dualclk:imem|altsyncram:mem_rtl_0|altsyncram_vod2:auto_generated|ram_block1a8~portb_we_reg  ; rv32i_cpu:icpu|datapath:i_datapath|rs2_data_E[11]                                                                                                         ; clk          ; clk         ; 20.000       ; -0.024     ; 18.563     ;
; 1.417 ; dualport_mem_synch_rw_dualclk:imem|altsyncram:mem_rtl_0|altsyncram_vod2:auto_generated|ram_block1a17~portb_we_reg ; rv32i_cpu:icpu|datapath:i_datapath|rs2_data_E[15]                                                                                                         ; clk          ; clk         ; 20.000       ; 0.015      ; 18.596     ;
; 1.417 ; dualport_mem_synch_rw_dualclk:imem|altsyncram:mem_rtl_0|altsyncram_vod2:auto_generated|ram_block1a8~portb_we_reg  ; rv32i_cpu:icpu|datapath:i_datapath|PC_D[29]_OTERM5_OTERM1129_OTERM1423                                                                                    ; clk          ; clk         ; 20.000       ; -0.060     ; 18.521     ;
; 1.417 ; dualport_mem_synch_rw_dualclk:imem|altsyncram:mem_rtl_0|altsyncram_vod2:auto_generated|ram_block1a8~portb_we_reg  ; rv32i_cpu:icpu|datapath:i_datapath|PC_D[29]_OTERM5_OTERM1129_OTERM1417                                                                                    ; clk          ; clk         ; 20.000       ; -0.060     ; 18.521     ;
; 1.417 ; dualport_mem_synch_rw_dualclk:imem|altsyncram:mem_rtl_0|altsyncram_vod2:auto_generated|ram_block1a8~portb_we_reg  ; rv32i_cpu:icpu|datapath:i_datapath|PC_D[29]_OTERM5_OTERM1129_OTERM1419                                                                                    ; clk          ; clk         ; 20.000       ; -0.060     ; 18.521     ;
; 1.418 ; dualport_mem_synch_rw_dualclk:imem|altsyncram:mem_rtl_0|altsyncram_vod2:auto_generated|ram_block1a17~portb_we_reg ; rv32i_cpu:icpu|datapath:i_datapath|rs2_data_E[29]                                                                                                         ; clk          ; clk         ; 20.000       ; -0.018     ; 18.562     ;
; 1.418 ; dualport_mem_synch_rw_dualclk:imem|altsyncram:mem_rtl_0|altsyncram_vod2:auto_generated|ram_block1a17~portb_we_reg ; rv32i_cpu:icpu|datapath:i_datapath|rs2_data_E[16]                                                                                                         ; clk          ; clk         ; 20.000       ; -0.018     ; 18.562     ;
; 1.420 ; dualport_mem_synch_rw_dualclk:imem|altsyncram:mem_rtl_0|altsyncram_vod2:auto_generated|ram_block1a17~portb_we_reg ; rv32i_cpu:icpu|datapath:i_datapath|rs1_data_E[7]                                                                                                          ; clk          ; clk         ; 20.000       ; 0.002      ; 18.580     ;
; 1.425 ; dualport_mem_synch_rw_dualclk:imem|altsyncram:mem_rtl_0|altsyncram_vod2:auto_generated|ram_block1a17~portb_we_reg ; rv32i_cpu:icpu|datapath:i_datapath|ImmExt_E[15]                                                                                                           ; clk          ; clk         ; 20.000       ; -0.445     ; 18.128     ;
; 1.425 ; dualport_mem_synch_rw_dualclk:imem|altsyncram:mem_rtl_0|altsyncram_vod2:auto_generated|ram_block1a17~portb_we_reg ; rv32i_cpu:icpu|datapath:i_datapath|ImmExt_E[16]                                                                                                           ; clk          ; clk         ; 20.000       ; -0.445     ; 18.128     ;
; 1.426 ; dualport_mem_synch_rw_dualclk:imem|altsyncram:mem_rtl_0|altsyncram_vod2:auto_generated|ram_block1a17~portb_we_reg ; rv32i_cpu:icpu|datapath:i_datapath|ImmExt_E[19]                                                                                                           ; clk          ; clk         ; 20.000       ; -0.445     ; 18.127     ;
; 1.426 ; dualport_mem_synch_rw_dualclk:imem|altsyncram:mem_rtl_0|altsyncram_vod2:auto_generated|ram_block1a17~portb_we_reg ; rv32i_cpu:icpu|datapath:i_datapath|ImmExt_E[12]                                                                                                           ; clk          ; clk         ; 20.000       ; -0.445     ; 18.127     ;
; 1.427 ; dualport_mem_synch_rw_dualclk:imem|altsyncram:mem_rtl_0|altsyncram_vod2:auto_generated|ram_block1a17~portb_we_reg ; rv32i_cpu:icpu|datapath:i_datapath|ImmExt_E[14]                                                                                                           ; clk          ; clk         ; 20.000       ; -0.445     ; 18.126     ;
+-------+-------------------------------------------------------------------------------------------------------------------+-----------------------------------------------------------------------------------------------------------------------------------------------------------+--------------+-------------+--------------+------------+------------+


+---------------------------------------------------------------------------------------------------------------------------------------------------------------------------------------------------------------------------------------------------------------------------------------------------------------------------------------------------+
; Slow 1200mV 85C Model Hold: 'clk'                                                                                                                                                                                                                                                                                                                 ;
+-------+----------------------------------------------------------------------------------------------------------------------------------+----------------------------------------------------------------------------------------------------------------------------------+--------------+-------------+--------------+------------+------------+
; Slack ; From Node                                                                                                                        ; To Node                                                                                                                          ; Launch Clock ; Latch Clock ; Relationship ; Clock Skew ; Data Delay ;
+-------+----------------------------------------------------------------------------------------------------------------------------------+----------------------------------------------------------------------------------------------------------------------------------+--------------+-------------+--------------+------------+------------+
; 0.384 ; rv32i_cpu:icpu|datapath:i_datapath|pc_flopr:pcreg|q[1]_OTERM137                                                                  ; rv32i_cpu:icpu|datapath:i_datapath|pc_flopr:pcreg|q[1]_OTERM137                                                                  ; clk          ; clk         ; 0.000        ; 0.099      ; 0.669      ;
; 0.385 ; GPIO:iGPIO|SW_StatusR[4]                                                                                                         ; GPIO:iGPIO|SW_StatusR[4]                                                                                                         ; clk          ; clk         ; 0.000        ; 0.098      ; 0.669      ;
; 0.385 ; GPIO:iGPIO|SW_StatusR[7]                                                                                                         ; GPIO:iGPIO|SW_StatusR[7]                                                                                                         ; clk          ; clk         ; 0.000        ; 0.098      ; 0.669      ;
; 0.385 ; rv32i_cpu:icpu|datapath:i_datapath|PC_D[29]_OTERM5_OTERM1133_OTERM1425                                                           ; rv32i_cpu:icpu|datapath:i_datapath|PC_D[29]_OTERM5_OTERM1133_OTERM1425                                                           ; clk          ; clk         ; 0.000        ; 0.098      ; 0.669      ;
; 0.385 ; rv32i_cpu:icpu|datapath:i_datapath|PC_D[29]_OTERM5_OTERM1131_OTERM1431                                                           ; rv32i_cpu:icpu|datapath:i_datapath|PC_D[29]_OTERM5_OTERM1131_OTERM1431                                                           ; clk          ; clk         ; 0.000        ; 0.098      ; 0.669      ;
; 0.385 ; rv32i_cpu:icpu|datapath:i_datapath|PC_D[11]_OTERM53_OTERM1177                                                                    ; rv32i_cpu:icpu|datapath:i_datapath|PC_D[11]_OTERM53_OTERM1177                                                                    ; clk          ; clk         ; 0.000        ; 0.098      ; 0.669      ;
; 0.386 ; GPIO:iGPIO|SW_StatusR[1]                                                                                                         ; GPIO:iGPIO|SW_StatusR[1]                                                                                                         ; clk          ; clk         ; 0.000        ; 0.097      ; 0.669      ;
; 0.386 ; GPIO:iGPIO|SW_StatusR[2]                                                                                                         ; GPIO:iGPIO|SW_StatusR[2]                                                                                                         ; clk          ; clk         ; 0.000        ; 0.097      ; 0.669      ;
; 0.386 ; GPIO:iGPIO|SW_StatusR[3]                                                                                                         ; GPIO:iGPIO|SW_StatusR[3]                                                                                                         ; clk          ; clk         ; 0.000        ; 0.097      ; 0.669      ;
; 0.386 ; rv32i_cpu:icpu|datapath:i_datapath|pc_flopr:pcreg|q[0]_OTERM161                                                                  ; rv32i_cpu:icpu|datapath:i_datapath|pc_flopr:pcreg|q[0]_OTERM161                                                                  ; clk          ; clk         ; 0.000        ; 0.097      ; 0.669      ;
; 0.386 ; rv32i_cpu:icpu|datapath:i_datapath|PC_D[1]_OTERM41_OTERM1201                                                                     ; rv32i_cpu:icpu|datapath:i_datapath|PC_D[1]_OTERM41_OTERM1201                                                                     ; clk          ; clk         ; 0.000        ; 0.097      ; 0.669      ;
; 0.402 ; GPIO:iGPIO|BUTTON_StatusR[1]                                                                                                     ; GPIO:iGPIO|BUTTON_StatusR[1]                                                                                                     ; clk          ; clk         ; 0.000        ; 0.081      ; 0.669      ;
; 0.402 ; GPIO:iGPIO|SW_StatusR[5]                                                                                                         ; GPIO:iGPIO|SW_StatusR[5]                                                                                                         ; clk          ; clk         ; 0.000        ; 0.081      ; 0.669      ;
; 0.402 ; GPIO:iGPIO|BUTTON_StatusR[2]                                                                                                     ; GPIO:iGPIO|BUTTON_StatusR[2]                                                                                                     ; clk          ; clk         ; 0.000        ; 0.081      ; 0.669      ;
; 0.402 ; uart_wrap:iuart_wrap|uart:u_uart|uart_transmitter:uatransmit|bit_counter[0]                                                      ; uart_wrap:iuart_wrap|uart:u_uart|uart_transmitter:uatransmit|bit_counter[0]                                                      ; clk          ; clk         ; 0.000        ; 0.081      ; 0.669      ;
; 0.402 ; uart_wrap:iuart_wrap|uart:u_uart|uart_receiver:uareceive|has_byte                                                                ; uart_wrap:iuart_wrap|uart:u_uart|uart_receiver:uareceive|has_byte                                                                ; clk          ; clk         ; 0.000        ; 0.081      ; 0.669      ;
; 0.403 ; GPIO:iGPIO|SW_StatusR[9]                                                                                                         ; GPIO:iGPIO|SW_StatusR[9]                                                                                                         ; clk          ; clk         ; 0.000        ; 0.080      ; 0.669      ;
; 0.403 ; GPIO:iGPIO|SW_StatusR[6]                                                                                                         ; GPIO:iGPIO|SW_StatusR[6]                                                                                                         ; clk          ; clk         ; 0.000        ; 0.080      ; 0.669      ;
; 0.403 ; GPIO:iGPIO|SW_StatusR[8]                                                                                                         ; GPIO:iGPIO|SW_StatusR[8]                                                                                                         ; clk          ; clk         ; 0.000        ; 0.080      ; 0.669      ;
; 0.403 ; GPIO:iGPIO|SW_StatusR[0]                                                                                                         ; GPIO:iGPIO|SW_StatusR[0]                                                                                                         ; clk          ; clk         ; 0.000        ; 0.080      ; 0.669      ;
; 0.403 ; TimerCounter:iTimer|StatusR[0]                                                                                                   ; TimerCounter:iTimer|StatusR[0]                                                                                                   ; clk          ; clk         ; 0.000        ; 0.080      ; 0.669      ;
; 0.403 ; uart_wrap:iuart_wrap|uart:u_uart|uart_transmitter:uatransmit|bit_counter[1]                                                      ; uart_wrap:iuart_wrap|uart:u_uart|uart_transmitter:uatransmit|bit_counter[1]                                                      ; clk          ; clk         ; 0.000        ; 0.080      ; 0.669      ;
; 0.403 ; uart_wrap:iuart_wrap|uart:u_uart|uart_transmitter:uatransmit|bit_counter[3]                                                      ; uart_wrap:iuart_wrap|uart:u_uart|uart_transmitter:uatransmit|bit_counter[3]                                                      ; clk          ; clk         ; 0.000        ; 0.080      ; 0.669      ;
; 0.403 ; uart_wrap:iuart_wrap|uart:u_uart|uart_receiver:uareceive|bit_counter[0]                                                          ; uart_wrap:iuart_wrap|uart:u_uart|uart_receiver:uareceive|bit_counter[0]                                                          ; clk          ; clk         ; 0.000        ; 0.080      ; 0.669      ;
; 0.404 ; rv32i_cpu:icpu|datapath:i_datapath|PCPlus4_D[3]_OTERM81_OTERM1367                                                                ; rv32i_cpu:icpu|datapath:i_datapath|PCPlus4_D[3]_OTERM81_OTERM1367                                                                ; clk          ; clk         ; 0.000        ; 0.079      ; 0.669      ;
; 0.404 ; rv32i_cpu:icpu|datapath:i_datapath|PCPlus4_D[31]_OTERM131_OTERM1269                                                              ; rv32i_cpu:icpu|datapath:i_datapath|PCPlus4_D[31]_OTERM131_OTERM1269                                                              ; clk          ; clk         ; 0.000        ; 0.079      ; 0.669      ;
; 0.404 ; rv32i_cpu:icpu|datapath:i_datapath|PCPlus4_D[28]_OTERM125_OTERM1281                                                              ; rv32i_cpu:icpu|datapath:i_datapath|PCPlus4_D[28]_OTERM125_OTERM1281                                                              ; clk          ; clk         ; 0.000        ; 0.079      ; 0.669      ;
; 0.404 ; rv32i_cpu:icpu|datapath:i_datapath|PCPlus4_D[27]_OTERM123_OTERM1285                                                              ; rv32i_cpu:icpu|datapath:i_datapath|PCPlus4_D[27]_OTERM123_OTERM1285                                                              ; clk          ; clk         ; 0.000        ; 0.079      ; 0.669      ;
; 0.404 ; rv32i_cpu:icpu|datapath:i_datapath|PCPlus4_D[25]_OTERM119_OTERM1293                                                              ; rv32i_cpu:icpu|datapath:i_datapath|PCPlus4_D[25]_OTERM119_OTERM1293                                                              ; clk          ; clk         ; 0.000        ; 0.079      ; 0.669      ;
; 0.404 ; rv32i_cpu:icpu|datapath:i_datapath|PCPlus4_D[24]_OTERM117_OTERM1297                                                              ; rv32i_cpu:icpu|datapath:i_datapath|PCPlus4_D[24]_OTERM117_OTERM1297                                                              ; clk          ; clk         ; 0.000        ; 0.079      ; 0.669      ;
; 0.404 ; rv32i_cpu:icpu|datapath:i_datapath|PCPlus4_D[23]_OTERM115_OTERM1301                                                              ; rv32i_cpu:icpu|datapath:i_datapath|PCPlus4_D[23]_OTERM115_OTERM1301                                                              ; clk          ; clk         ; 0.000        ; 0.079      ; 0.669      ;
; 0.404 ; rv32i_cpu:icpu|datapath:i_datapath|PCPlus4_D[19]_OTERM107_OTERM1317                                                              ; rv32i_cpu:icpu|datapath:i_datapath|PCPlus4_D[19]_OTERM107_OTERM1317                                                              ; clk          ; clk         ; 0.000        ; 0.079      ; 0.669      ;
; 0.404 ; rv32i_cpu:icpu|datapath:i_datapath|PCPlus4_D[18]_OTERM105_OTERM1321                                                              ; rv32i_cpu:icpu|datapath:i_datapath|PCPlus4_D[18]_OTERM105_OTERM1321                                                              ; clk          ; clk         ; 0.000        ; 0.079      ; 0.669      ;
; 0.404 ; rv32i_cpu:icpu|datapath:i_datapath|PCPlus4_D[16]_OTERM101_OTERM1329                                                              ; rv32i_cpu:icpu|datapath:i_datapath|PCPlus4_D[16]_OTERM101_OTERM1329                                                              ; clk          ; clk         ; 0.000        ; 0.079      ; 0.669      ;
; 0.404 ; rv32i_cpu:icpu|datapath:i_datapath|PCPlus4_D[13]_OTERM93_OTERM1345                                                               ; rv32i_cpu:icpu|datapath:i_datapath|PCPlus4_D[13]_OTERM93_OTERM1345                                                               ; clk          ; clk         ; 0.000        ; 0.079      ; 0.669      ;
; 0.404 ; rv32i_cpu:icpu|datapath:i_datapath|PCPlus4_D[12]_OTERM95_OTERM1341                                                               ; rv32i_cpu:icpu|datapath:i_datapath|PCPlus4_D[12]_OTERM95_OTERM1341                                                               ; clk          ; clk         ; 0.000        ; 0.079      ; 0.669      ;
; 0.404 ; rv32i_cpu:icpu|datapath:i_datapath|PCPlus4_D[11]_OTERM91_OTERM1349                                                               ; rv32i_cpu:icpu|datapath:i_datapath|PCPlus4_D[11]_OTERM91_OTERM1349                                                               ; clk          ; clk         ; 0.000        ; 0.079      ; 0.669      ;
; 0.404 ; rv32i_cpu:icpu|datapath:i_datapath|PCPlus4_D[10]_OTERM89_OTERM1353                                                               ; rv32i_cpu:icpu|datapath:i_datapath|PCPlus4_D[10]_OTERM89_OTERM1353                                                               ; clk          ; clk         ; 0.000        ; 0.079      ; 0.669      ;
; 0.404 ; rv32i_cpu:icpu|datapath:i_datapath|PCPlus4_D[9]_OTERM87_OTERM1357                                                                ; rv32i_cpu:icpu|datapath:i_datapath|PCPlus4_D[9]_OTERM87_OTERM1357                                                                ; clk          ; clk         ; 0.000        ; 0.079      ; 0.669      ;
; 0.404 ; rv32i_cpu:icpu|datapath:i_datapath|PCPlus4_D[4]_OTERM79_OTERM1371                                                                ; rv32i_cpu:icpu|datapath:i_datapath|PCPlus4_D[4]_OTERM79_OTERM1371                                                                ; clk          ; clk         ; 0.000        ; 0.079      ; 0.669      ;
; 0.404 ; rv32i_cpu:icpu|datapath:i_datapath|PCPlus4_D[2]_OTERM83_OTERM1363                                                                ; rv32i_cpu:icpu|datapath:i_datapath|PCPlus4_D[2]_OTERM83_OTERM1363                                                                ; clk          ; clk         ; 0.000        ; 0.079      ; 0.669      ;
; 0.404 ; rv32i_cpu:icpu|datapath:i_datapath|PC_D[29]_OTERM5_OTERM1127_OTERM1435                                                           ; rv32i_cpu:icpu|datapath:i_datapath|PC_D[29]_OTERM5_OTERM1127_OTERM1435                                                           ; clk          ; clk         ; 0.000        ; 0.079      ; 0.669      ;
; 0.404 ; rv32i_cpu:icpu|datapath:i_datapath|PC_D[2]_OTERM45_OTERM1193                                                                     ; rv32i_cpu:icpu|datapath:i_datapath|PC_D[2]_OTERM45_OTERM1193                                                                     ; clk          ; clk         ; 0.000        ; 0.079      ; 0.669      ;
; 0.404 ; rv32i_cpu:icpu|datapath:i_datapath|PC_D[16]_OTERM29_OTERM1223                                                                    ; rv32i_cpu:icpu|datapath:i_datapath|PC_D[16]_OTERM29_OTERM1223                                                                    ; clk          ; clk         ; 0.000        ; 0.079      ; 0.669      ;
; 0.404 ; rv32i_cpu:icpu|datapath:i_datapath|PC_D[23]_OTERM63_OTERM1157                                                                    ; rv32i_cpu:icpu|datapath:i_datapath|PC_D[23]_OTERM63_OTERM1157                                                                    ; clk          ; clk         ; 0.000        ; 0.079      ; 0.669      ;
; 0.404 ; rv32i_cpu:icpu|datapath:i_datapath|PC_D[30]_OTERM7_OTERM1257                                                                     ; rv32i_cpu:icpu|datapath:i_datapath|PC_D[30]_OTERM7_OTERM1257                                                                     ; clk          ; clk         ; 0.000        ; 0.079      ; 0.669      ;
; 0.404 ; rv32i_cpu:icpu|datapath:i_datapath|PC_D[12]_OTERM57_OTERM1169                                                                    ; rv32i_cpu:icpu|datapath:i_datapath|PC_D[12]_OTERM57_OTERM1169                                                                    ; clk          ; clk         ; 0.000        ; 0.079      ; 0.669      ;
; 0.404 ; rv32i_cpu:icpu|datapath:i_datapath|PC_D[27]_OTERM37_OTERM1207                                                                    ; rv32i_cpu:icpu|datapath:i_datapath|PC_D[27]_OTERM37_OTERM1207                                                                    ; clk          ; clk         ; 0.000        ; 0.079      ; 0.669      ;
; 0.404 ; rv32i_cpu:icpu|datapath:i_datapath|PC_D[26]_OTERM27_OTERM1227                                                                    ; rv32i_cpu:icpu|datapath:i_datapath|PC_D[26]_OTERM27_OTERM1227                                                                    ; clk          ; clk         ; 0.000        ; 0.079      ; 0.669      ;
; 0.404 ; rv32i_cpu:icpu|datapath:i_datapath|PC_D[7]_OTERM71_OTERM1141                                                                     ; rv32i_cpu:icpu|datapath:i_datapath|PC_D[7]_OTERM71_OTERM1141                                                                     ; clk          ; clk         ; 0.000        ; 0.079      ; 0.669      ;
; 0.404 ; rv32i_cpu:icpu|datapath:i_datapath|PC_D[10]_OTERM51_OTERM1181                                                                    ; rv32i_cpu:icpu|datapath:i_datapath|PC_D[10]_OTERM51_OTERM1181                                                                    ; clk          ; clk         ; 0.000        ; 0.079      ; 0.669      ;
; 0.404 ; rv32i_cpu:icpu|datapath:i_datapath|PC_D[19]_OTERM31_OTERM1219                                                                    ; rv32i_cpu:icpu|datapath:i_datapath|PC_D[19]_OTERM31_OTERM1219                                                                    ; clk          ; clk         ; 0.000        ; 0.079      ; 0.669      ;
; 0.404 ; rv32i_cpu:icpu|datapath:i_datapath|PC_D[18]_OTERM21_OTERM1239                                                                    ; rv32i_cpu:icpu|datapath:i_datapath|PC_D[18]_OTERM21_OTERM1239                                                                    ; clk          ; clk         ; 0.000        ; 0.079      ; 0.669      ;
; 0.404 ; rv32i_cpu:icpu|datapath:i_datapath|PC_D[29]_OTERM1_OTERM1265                                                                     ; rv32i_cpu:icpu|datapath:i_datapath|PC_D[29]_OTERM1_OTERM1265                                                                     ; clk          ; clk         ; 0.000        ; 0.079      ; 0.669      ;
; 0.405 ; rv32i_cpu:icpu|datapath:i_datapath|PCPlus4_D[29]_OTERM127_OTERM1277                                                              ; rv32i_cpu:icpu|datapath:i_datapath|PCPlus4_D[29]_OTERM127_OTERM1277                                                              ; clk          ; clk         ; 0.000        ; 0.078      ; 0.669      ;
; 0.405 ; rv32i_cpu:icpu|datapath:i_datapath|PCPlus4_D[26]_OTERM121_OTERM1289                                                              ; rv32i_cpu:icpu|datapath:i_datapath|PCPlus4_D[26]_OTERM121_OTERM1289                                                              ; clk          ; clk         ; 0.000        ; 0.078      ; 0.669      ;
; 0.405 ; rv32i_cpu:icpu|datapath:i_datapath|PCPlus4_D[22]_OTERM113_OTERM1305                                                              ; rv32i_cpu:icpu|datapath:i_datapath|PCPlus4_D[22]_OTERM113_OTERM1305                                                              ; clk          ; clk         ; 0.000        ; 0.078      ; 0.669      ;
; 0.405 ; rv32i_cpu:icpu|datapath:i_datapath|PCPlus4_D[21]_OTERM111_OTERM1309                                                              ; rv32i_cpu:icpu|datapath:i_datapath|PCPlus4_D[21]_OTERM111_OTERM1309                                                              ; clk          ; clk         ; 0.000        ; 0.078      ; 0.669      ;
; 0.405 ; rv32i_cpu:icpu|datapath:i_datapath|PCPlus4_D[20]_OTERM109_OTERM1313                                                              ; rv32i_cpu:icpu|datapath:i_datapath|PCPlus4_D[20]_OTERM109_OTERM1313                                                              ; clk          ; clk         ; 0.000        ; 0.078      ; 0.669      ;
; 0.405 ; rv32i_cpu:icpu|datapath:i_datapath|PCPlus4_D[17]_OTERM103_OTERM1325                                                              ; rv32i_cpu:icpu|datapath:i_datapath|PCPlus4_D[17]_OTERM103_OTERM1325                                                              ; clk          ; clk         ; 0.000        ; 0.078      ; 0.669      ;
; 0.405 ; rv32i_cpu:icpu|datapath:i_datapath|PCPlus4_D[15]_OTERM99_OTERM1333                                                               ; rv32i_cpu:icpu|datapath:i_datapath|PCPlus4_D[15]_OTERM99_OTERM1333                                                               ; clk          ; clk         ; 0.000        ; 0.078      ; 0.669      ;
; 0.405 ; rv32i_cpu:icpu|datapath:i_datapath|PCPlus4_D[14]_OTERM97_OTERM1337                                                               ; rv32i_cpu:icpu|datapath:i_datapath|PCPlus4_D[14]_OTERM97_OTERM1337                                                               ; clk          ; clk         ; 0.000        ; 0.078      ; 0.669      ;
; 0.405 ; rv32i_cpu:icpu|datapath:i_datapath|PCPlus4_D[8]_OTERM85_OTERM1361                                                                ; rv32i_cpu:icpu|datapath:i_datapath|PCPlus4_D[8]_OTERM85_OTERM1361                                                                ; clk          ; clk         ; 0.000        ; 0.078      ; 0.669      ;
; 0.405 ; rv32i_cpu:icpu|datapath:i_datapath|PCPlus4_D[7]_OTERM77_OTERM1375                                                                ; rv32i_cpu:icpu|datapath:i_datapath|PCPlus4_D[7]_OTERM77_OTERM1375                                                                ; clk          ; clk         ; 0.000        ; 0.078      ; 0.669      ;
; 0.405 ; rv32i_cpu:icpu|datapath:i_datapath|PCPlus4_D[6]_OTERM75_OTERM1379                                                                ; rv32i_cpu:icpu|datapath:i_datapath|PCPlus4_D[6]_OTERM75_OTERM1379                                                                ; clk          ; clk         ; 0.000        ; 0.078      ; 0.669      ;
; 0.405 ; rv32i_cpu:icpu|datapath:i_datapath|PCPlus4_D[5]_OTERM73_OTERM1383                                                                ; rv32i_cpu:icpu|datapath:i_datapath|PCPlus4_D[5]_OTERM73_OTERM1383                                                                ; clk          ; clk         ; 0.000        ; 0.078      ; 0.669      ;
; 0.405 ; rv32i_cpu:icpu|datapath:i_datapath|PC_D[0]_OTERM65_OTERM1155                                                                     ; rv32i_cpu:icpu|datapath:i_datapath|PC_D[0]_OTERM65_OTERM1155                                                                     ; clk          ; clk         ; 0.000        ; 0.078      ; 0.669      ;
; 0.405 ; rv32i_cpu:icpu|datapath:i_datapath|PC_D[17]_OTERM17_OTERM1247                                                                    ; rv32i_cpu:icpu|datapath:i_datapath|PC_D[17]_OTERM17_OTERM1247                                                                    ; clk          ; clk         ; 0.000        ; 0.078      ; 0.669      ;
; 0.405 ; rv32i_cpu:icpu|datapath:i_datapath|PC_D[15]_OTERM61_OTERM1161                                                                    ; rv32i_cpu:icpu|datapath:i_datapath|PC_D[15]_OTERM61_OTERM1161                                                                    ; clk          ; clk         ; 0.000        ; 0.078      ; 0.669      ;
; 0.405 ; rv32i_cpu:icpu|datapath:i_datapath|PC_D[31]_OTERM9_OTERM1253                                                                     ; rv32i_cpu:icpu|datapath:i_datapath|PC_D[31]_OTERM9_OTERM1253                                                                     ; clk          ; clk         ; 0.000        ; 0.078      ; 0.669      ;
; 0.405 ; rv32i_cpu:icpu|datapath:i_datapath|PC_D[29]_OTERM3_OTERM1261                                                                     ; rv32i_cpu:icpu|datapath:i_datapath|PC_D[29]_OTERM3_OTERM1261                                                                     ; clk          ; clk         ; 0.000        ; 0.078      ; 0.669      ;
; 0.405 ; rv32i_cpu:icpu|datapath:i_datapath|PC_D[28]_OTERM11_OTERM1139                                                                    ; rv32i_cpu:icpu|datapath:i_datapath|PC_D[28]_OTERM11_OTERM1139                                                                    ; clk          ; clk         ; 0.000        ; 0.078      ; 0.669      ;
; 0.405 ; rv32i_cpu:icpu|datapath:i_datapath|PC_D[28]_OTERM13_OTERM1251                                                                    ; rv32i_cpu:icpu|datapath:i_datapath|PC_D[28]_OTERM13_OTERM1251                                                                    ; clk          ; clk         ; 0.000        ; 0.078      ; 0.669      ;
; 0.405 ; rv32i_cpu:icpu|datapath:i_datapath|PC_D[14]_OTERM59_OTERM1165                                                                    ; rv32i_cpu:icpu|datapath:i_datapath|PC_D[14]_OTERM59_OTERM1165                                                                    ; clk          ; clk         ; 0.000        ; 0.078      ; 0.669      ;
; 0.405 ; rv32i_cpu:icpu|datapath:i_datapath|PC_D[6]_OTERM69_OTERM1145                                                                     ; rv32i_cpu:icpu|datapath:i_datapath|PC_D[6]_OTERM69_OTERM1145                                                                     ; clk          ; clk         ; 0.000        ; 0.078      ; 0.669      ;
; 0.405 ; rv32i_cpu:icpu|datapath:i_datapath|PC_D[25]_OTERM25_OTERM1231                                                                    ; rv32i_cpu:icpu|datapath:i_datapath|PC_D[25]_OTERM25_OTERM1231                                                                    ; clk          ; clk         ; 0.000        ; 0.078      ; 0.669      ;
; 0.405 ; rv32i_cpu:icpu|datapath:i_datapath|PC_D[24]_OTERM35_OTERM1211                                                                    ; rv32i_cpu:icpu|datapath:i_datapath|PC_D[24]_OTERM35_OTERM1211                                                                    ; clk          ; clk         ; 0.000        ; 0.078      ; 0.669      ;
; 0.405 ; rv32i_cpu:icpu|datapath:i_datapath|PC_D[22]_OTERM33_OTERM1215                                                                    ; rv32i_cpu:icpu|datapath:i_datapath|PC_D[22]_OTERM33_OTERM1215                                                                    ; clk          ; clk         ; 0.000        ; 0.078      ; 0.669      ;
; 0.405 ; rv32i_cpu:icpu|datapath:i_datapath|PC_D[21]_OTERM19_OTERM1243                                                                    ; rv32i_cpu:icpu|datapath:i_datapath|PC_D[21]_OTERM19_OTERM1243                                                                    ; clk          ; clk         ; 0.000        ; 0.078      ; 0.669      ;
; 0.405 ; rv32i_cpu:icpu|datapath:i_datapath|PC_D[20]_OTERM23_OTERM1235                                                                    ; rv32i_cpu:icpu|datapath:i_datapath|PC_D[20]_OTERM23_OTERM1235                                                                    ; clk          ; clk         ; 0.000        ; 0.078      ; 0.669      ;
; 0.405 ; rv32i_cpu:icpu|datapath:i_datapath|PC_D[8]_OTERM47_OTERM1189                                                                     ; rv32i_cpu:icpu|datapath:i_datapath|PC_D[8]_OTERM47_OTERM1189                                                                     ; clk          ; clk         ; 0.000        ; 0.078      ; 0.669      ;
; 0.405 ; rv32i_cpu:icpu|datapath:i_datapath|PC_D[9]_OTERM49_OTERM1185                                                                     ; rv32i_cpu:icpu|datapath:i_datapath|PC_D[9]_OTERM49_OTERM1185                                                                     ; clk          ; clk         ; 0.000        ; 0.078      ; 0.669      ;
; 0.405 ; rv32i_cpu:icpu|datapath:i_datapath|PC_D[13]_OTERM55_OTERM1173                                                                    ; rv32i_cpu:icpu|datapath:i_datapath|PC_D[13]_OTERM55_OTERM1173                                                                    ; clk          ; clk         ; 0.000        ; 0.078      ; 0.669      ;
; 0.405 ; rv32i_cpu:icpu|datapath:i_datapath|PC_D[5]_OTERM67_OTERM1149                                                                     ; rv32i_cpu:icpu|datapath:i_datapath|PC_D[5]_OTERM67_OTERM1149                                                                     ; clk          ; clk         ; 0.000        ; 0.078      ; 0.669      ;
; 0.405 ; rv32i_cpu:icpu|datapath:i_datapath|PC_D[4]_OTERM39_OTERM1203                                                                     ; rv32i_cpu:icpu|datapath:i_datapath|PC_D[4]_OTERM39_OTERM1203                                                                     ; clk          ; clk         ; 0.000        ; 0.078      ; 0.669      ;
; 0.409 ; rv32i_cpu:icpu|datapath:i_datapath|altshift_taps:PCPlus4_E_rtl_0|shift_taps_bkm:auto_generated|cntr_6pf:cntr1|counter_reg_bit[1] ; rv32i_cpu:icpu|datapath:i_datapath|altshift_taps:PCPlus4_E_rtl_0|shift_taps_bkm:auto_generated|cntr_6pf:cntr1|counter_reg_bit[1] ; clk          ; clk         ; 0.000        ; 0.079      ; 0.674      ;
; 0.409 ; rv32i_cpu:icpu|datapath:i_datapath|altshift_taps:PCPlus4_E_rtl_0|shift_taps_bkm:auto_generated|cntr_6pf:cntr1|counter_reg_bit[0] ; rv32i_cpu:icpu|datapath:i_datapath|altshift_taps:PCPlus4_E_rtl_0|shift_taps_bkm:auto_generated|cntr_6pf:cntr1|counter_reg_bit[0] ; clk          ; clk         ; 0.000        ; 0.079      ; 0.674      ;
; 0.409 ; rv32i_cpu:icpu|datapath:i_datapath|PC_D[29]_OTERM5_OTERM1131_OTERM1429                                                           ; rv32i_cpu:icpu|datapath:i_datapath|PC_D[29]_OTERM5_OTERM1131_OTERM1431                                                           ; clk          ; clk         ; 0.000        ; 0.098      ; 0.693      ;
; 0.412 ; rv32i_cpu:icpu|datapath:i_datapath|PC_D[11]_OTERM53_OTERM1179                                                                    ; rv32i_cpu:icpu|datapath:i_datapath|PC_D[11]_OTERM53_OTERM1177                                                                    ; clk          ; clk         ; 0.000        ; 0.098      ; 0.696      ;
; 0.420 ; GPIO:iGPIO|pulse_gen:sw6|c_state.S0                                                                                              ; GPIO:iGPIO|pulse_gen:sw6|c_state.S1                                                                                              ; clk          ; clk         ; 0.000        ; 0.081      ; 0.687      ;
; 0.420 ; GPIO:iGPIO|pulse_gen:button1|c_state.S0                                                                                          ; GPIO:iGPIO|pulse_gen:button1|c_state.S1                                                                                          ; clk          ; clk         ; 0.000        ; 0.081      ; 0.687      ;
; 0.421 ; GPIO:iGPIO|pulse_gen:sw0|c_state.S0                                                                                              ; GPIO:iGPIO|pulse_gen:sw0|c_state.S1                                                                                              ; clk          ; clk         ; 0.000        ; 0.081      ; 0.688      ;
; 0.421 ; GPIO:iGPIO|pulse_gen:button2|c_state.S0                                                                                          ; GPIO:iGPIO|pulse_gen:button2|c_state.S1                                                                                          ; clk          ; clk         ; 0.000        ; 0.081      ; 0.688      ;
; 0.421 ; GPIO:iGPIO|pulse_gen:sw4|c_state.S0                                                                                              ; GPIO:iGPIO|pulse_gen:sw4|c_state.S1                                                                                              ; clk          ; clk         ; 0.000        ; 0.080      ; 0.687      ;
; 0.422 ; GPIO:iGPIO|pulse_gen:sw5|c_state.S0                                                                                              ; GPIO:iGPIO|pulse_gen:sw5|c_state.S1                                                                                              ; clk          ; clk         ; 0.000        ; 0.081      ; 0.689      ;
; 0.428 ; GPIO:iGPIO|pulse_gen:sw6|c_state.S2                                                                                              ; GPIO:iGPIO|pulse_gen:sw6|c_state.S3                                                                                              ; clk          ; clk         ; 0.000        ; 0.081      ; 0.695      ;
; 0.428 ; GPIO:iGPIO|pulse_gen:sw0|c_state.S2                                                                                              ; GPIO:iGPIO|pulse_gen:sw0|c_state.S3                                                                                              ; clk          ; clk         ; 0.000        ; 0.081      ; 0.695      ;
; 0.428 ; GPIO:iGPIO|pulse_gen:sw8|c_state.S12                                                                                             ; GPIO:iGPIO|pulse_gen:sw8|c_state.S13                                                                                             ; clk          ; clk         ; 0.000        ; 0.081      ; 0.695      ;
; 0.428 ; GPIO:iGPIO|pulse_gen:sw8|c_state.S11                                                                                             ; GPIO:iGPIO|pulse_gen:sw8|c_state.S12                                                                                             ; clk          ; clk         ; 0.000        ; 0.081      ; 0.695      ;
; 0.428 ; GPIO:iGPIO|pulse_gen:sw8|c_state.S2                                                                                              ; GPIO:iGPIO|pulse_gen:sw8|c_state.S3                                                                                              ; clk          ; clk         ; 0.000        ; 0.081      ; 0.695      ;
+-------+----------------------------------------------------------------------------------------------------------------------------------+----------------------------------------------------------------------------------------------------------------------------------+--------------+-------------+--------------+------------+------------+


+-----------------------------------------------------------------------------------------------------------------------------------------------------------------------+
; Slow 1200mV 85C Model Recovery: 'clk'                                                                                                                                 ;
+--------+-----------+----------------------------------------------------------------------------+--------------+-------------+--------------+------------+------------+
; Slack  ; From Node ; To Node                                                                    ; Launch Clock ; Latch Clock ; Relationship ; Clock Skew ; Data Delay ;
+--------+-----------+----------------------------------------------------------------------------+--------------+-------------+--------------+------------+------------+
; 16.195 ; reset_ff  ; rv32i_cpu:icpu|datapath:i_datapath|funct3_W[0]                             ; clk          ; clk         ; 20.000       ; -0.114     ; 3.689      ;
; 16.195 ; reset_ff  ; rv32i_cpu:icpu|datapath:i_datapath|ALUResult_W[1]                          ; clk          ; clk         ; 20.000       ; -0.114     ; 3.689      ;
; 16.195 ; reset_ff  ; rv32i_cpu:icpu|datapath:i_datapath|funct3_W[1]                             ; clk          ; clk         ; 20.000       ; -0.114     ; 3.689      ;
; 16.195 ; reset_ff  ; rv32i_cpu:icpu|datapath:i_datapath|ResultSrc_W[0]                          ; clk          ; clk         ; 20.000       ; -0.114     ; 3.689      ;
; 16.195 ; reset_ff  ; rv32i_cpu:icpu|datapath:i_datapath|ALUResult_W[7]                          ; clk          ; clk         ; 20.000       ; -0.114     ; 3.689      ;
; 16.196 ; reset_ff  ; rv32i_cpu:icpu|datapath:i_datapath|ImmExt_E[19]                            ; clk          ; clk         ; 20.000       ; -0.117     ; 3.685      ;
; 16.196 ; reset_ff  ; rv32i_cpu:icpu|datapath:i_datapath|ImmExt_E[13]                            ; clk          ; clk         ; 20.000       ; -0.117     ; 3.685      ;
; 16.196 ; reset_ff  ; rv32i_cpu:icpu|datapath:i_datapath|ImmExt_E[14]                            ; clk          ; clk         ; 20.000       ; -0.117     ; 3.685      ;
; 16.196 ; reset_ff  ; rv32i_cpu:icpu|datapath:i_datapath|ImmExt_E[12]                            ; clk          ; clk         ; 20.000       ; -0.117     ; 3.685      ;
; 16.196 ; reset_ff  ; rv32i_cpu:icpu|datapath:i_datapath|ImmExt_E[15]                            ; clk          ; clk         ; 20.000       ; -0.117     ; 3.685      ;
; 16.196 ; reset_ff  ; rv32i_cpu:icpu|datapath:i_datapath|ImmExt_E[16]                            ; clk          ; clk         ; 20.000       ; -0.117     ; 3.685      ;
; 16.197 ; reset_ff  ; rv32i_cpu:icpu|datapath:i_datapath|Instr_E[9]_OTERM177                     ; clk          ; clk         ; 20.000       ; -0.123     ; 3.678      ;
; 16.197 ; reset_ff  ; rv32i_cpu:icpu|datapath:i_datapath|Instr_E[9]_OTERM173                     ; clk          ; clk         ; 20.000       ; -0.123     ; 3.678      ;
; 16.197 ; reset_ff  ; rv32i_cpu:icpu|datapath:i_datapath|pc_flopr:pcreg|q[4]_OTERM695_OTERM1119  ; clk          ; clk         ; 20.000       ; -0.130     ; 3.671      ;
; 16.197 ; reset_ff  ; rv32i_cpu:icpu|datapath:i_datapath|ImmExt_E[10]_OTERM221                   ; clk          ; clk         ; 20.000       ; -0.123     ; 3.678      ;
; 16.197 ; reset_ff  ; rv32i_cpu:icpu|datapath:i_datapath|ImmExt_E[10]_OTERM219                   ; clk          ; clk         ; 20.000       ; -0.123     ; 3.678      ;
; 16.197 ; reset_ff  ; rv32i_cpu:icpu|datapath:i_datapath|pc_flopr:pcreg|q[10]_OTERM667_OTERM1091 ; clk          ; clk         ; 20.000       ; -0.134     ; 3.667      ;
; 16.197 ; reset_ff  ; rv32i_cpu:icpu|datapath:i_datapath|ImmExt_E[7]_OTERM249                    ; clk          ; clk         ; 20.000       ; -0.123     ; 3.678      ;
; 16.197 ; reset_ff  ; rv32i_cpu:icpu|datapath:i_datapath|ImmExt_E[7]_OTERM251                    ; clk          ; clk         ; 20.000       ; -0.123     ; 3.678      ;
; 16.197 ; reset_ff  ; rv32i_cpu:icpu|datapath:i_datapath|ImmExt_E[8]_OTERM227                    ; clk          ; clk         ; 20.000       ; -0.123     ; 3.678      ;
; 16.197 ; reset_ff  ; rv32i_cpu:icpu|datapath:i_datapath|ImmExt_E[8]_OTERM225                    ; clk          ; clk         ; 20.000       ; -0.123     ; 3.678      ;
; 16.197 ; reset_ff  ; rv32i_cpu:icpu|datapath:i_datapath|pc_flopr:pcreg|q[11]_OTERM663_OTERM1087 ; clk          ; clk         ; 20.000       ; -0.130     ; 3.671      ;
; 16.197 ; reset_ff  ; rv32i_cpu:icpu|datapath:i_datapath|WriteData_M[8]                          ; clk          ; clk         ; 20.000       ; -0.122     ; 3.679      ;
; 16.197 ; reset_ff  ; rv32i_cpu:icpu|datapath:i_datapath|ImmExt_E[28]_OTERM725                   ; clk          ; clk         ; 20.000       ; -0.123     ; 3.678      ;
; 16.197 ; reset_ff  ; rv32i_cpu:icpu|datapath:i_datapath|ImmExt_E[30]_OTERM723                   ; clk          ; clk         ; 20.000       ; -0.123     ; 3.678      ;
; 16.197 ; reset_ff  ; rv32i_cpu:icpu|datapath:i_datapath|ImmExt_E[30]_OTERM719                   ; clk          ; clk         ; 20.000       ; -0.123     ; 3.678      ;
; 16.197 ; reset_ff  ; rv32i_cpu:icpu|datapath:i_datapath|pc_flopr:pcreg|q[12]_OTERM659_OTERM1083 ; clk          ; clk         ; 20.000       ; -0.132     ; 3.669      ;
; 16.197 ; reset_ff  ; rv32i_cpu:icpu|datapath:i_datapath|ALUResult_W[9]                          ; clk          ; clk         ; 20.000       ; -0.122     ; 3.679      ;
; 16.197 ; reset_ff  ; rv32i_cpu:icpu|datapath:i_datapath|WriteData_M[9]                          ; clk          ; clk         ; 20.000       ; -0.122     ; 3.679      ;
; 16.197 ; reset_ff  ; rv32i_cpu:icpu|datapath:i_datapath|pc_flopr:pcreg|q[2]_OTERM703_OTERM1111  ; clk          ; clk         ; 20.000       ; -0.132     ; 3.669      ;
; 16.197 ; reset_ff  ; rv32i_cpu:icpu|datapath:i_datapath|ALUResult_W[3]                          ; clk          ; clk         ; 20.000       ; -0.121     ; 3.680      ;
; 16.198 ; reset_ff  ; rv32i_cpu:icpu|datapath:i_datapath|Instr_E[9]_OTERM179                     ; clk          ; clk         ; 20.000       ; -0.122     ; 3.678      ;
; 16.198 ; reset_ff  ; rv32i_cpu:icpu|datapath:i_datapath|Instr_E[11]_OTERM181                    ; clk          ; clk         ; 20.000       ; -0.122     ; 3.678      ;
; 16.198 ; reset_ff  ; rv32i_cpu:icpu|datapath:i_datapath|Instr_E[11]_OTERM183                    ; clk          ; clk         ; 20.000       ; -0.122     ; 3.678      ;
; 16.198 ; reset_ff  ; rv32i_cpu:icpu|datapath:i_datapath|ImmExt_E[5]_OTERM255                    ; clk          ; clk         ; 20.000       ; -0.124     ; 3.676      ;
; 16.198 ; reset_ff  ; rv32i_cpu:icpu|datapath:i_datapath|ImmExt_E[5]_OTERM257                    ; clk          ; clk         ; 20.000       ; -0.124     ; 3.676      ;
; 16.198 ; reset_ff  ; rv32i_cpu:icpu|datapath:i_datapath|ImmExt_E[31]_OTERM717                   ; clk          ; clk         ; 20.000       ; -0.122     ; 3.678      ;
; 16.198 ; reset_ff  ; rv32i_cpu:icpu|datapath:i_datapath|PCPlus4_W[0]                            ; clk          ; clk         ; 20.000       ; -0.124     ; 3.676      ;
; 16.198 ; reset_ff  ; rv32i_cpu:icpu|datapath:i_datapath|ImmExt_E[9]_OTERM229                    ; clk          ; clk         ; 20.000       ; -0.124     ; 3.676      ;
; 16.198 ; reset_ff  ; rv32i_cpu:icpu|datapath:i_datapath|ImmExt_E[9]_OTERM231                    ; clk          ; clk         ; 20.000       ; -0.124     ; 3.676      ;
; 16.198 ; reset_ff  ; rv32i_cpu:icpu|datapath:i_datapath|ImmExt_E[6]_OTERM279                    ; clk          ; clk         ; 20.000       ; -0.124     ; 3.676      ;
; 16.198 ; reset_ff  ; rv32i_cpu:icpu|datapath:i_datapath|ImmExt_E[6]_OTERM277                    ; clk          ; clk         ; 20.000       ; -0.124     ; 3.676      ;
; 16.198 ; reset_ff  ; rv32i_cpu:icpu|datapath:i_datapath|WriteData_M[0]                          ; clk          ; clk         ; 20.000       ; -0.124     ; 3.676      ;
; 16.198 ; reset_ff  ; rv32i_cpu:icpu|datapath:i_datapath|pc_flopr:pcreg|q[24]_OTERM609_OTERM1035 ; clk          ; clk         ; 20.000       ; -0.132     ; 3.668      ;
; 16.198 ; reset_ff  ; rv32i_cpu:icpu|datapath:i_datapath|WriteData_M[20]                         ; clk          ; clk         ; 20.000       ; -0.124     ; 3.676      ;
; 16.198 ; reset_ff  ; rv32i_cpu:icpu|datapath:i_datapath|WriteData_M[4]                          ; clk          ; clk         ; 20.000       ; -0.122     ; 3.678      ;
; 16.198 ; reset_ff  ; rv32i_cpu:icpu|datapath:i_datapath|Instr_E[8]_OTERM187                     ; clk          ; clk         ; 20.000       ; -0.122     ; 3.678      ;
; 16.198 ; reset_ff  ; rv32i_cpu:icpu|datapath:i_datapath|Instr_E[8]_OTERM185                     ; clk          ; clk         ; 20.000       ; -0.122     ; 3.678      ;
; 16.199 ; reset_ff  ; rv32i_cpu:icpu|datapath:i_datapath|ALUControl_E[3]_OTERM141                ; clk          ; clk         ; 20.000       ; -0.135     ; 3.664      ;
; 16.199 ; reset_ff  ; rv32i_cpu:icpu|datapath:i_datapath|ResultSrc_E[0]_OTERM711                 ; clk          ; clk         ; 20.000       ; -0.135     ; 3.664      ;
; 16.199 ; reset_ff  ; rv32i_cpu:icpu|datapath:i_datapath|Instr_E[10]_OTERM189                    ; clk          ; clk         ; 20.000       ; -0.126     ; 3.673      ;
; 16.199 ; reset_ff  ; rv32i_cpu:icpu|datapath:i_datapath|pc_flopr:pcreg|q[16]_OTERM645_OTERM1067 ; clk          ; clk         ; 20.000       ; -0.141     ; 3.658      ;
; 16.199 ; reset_ff  ; rv32i_cpu:icpu|datapath:i_datapath|ImmExt_E[2]                             ; clk          ; clk         ; 20.000       ; -0.126     ; 3.673      ;
; 16.199 ; reset_ff  ; rv32i_cpu:icpu|datapath:i_datapath|ImmExt_E[3]                             ; clk          ; clk         ; 20.000       ; -0.126     ; 3.673      ;
; 16.199 ; reset_ff  ; rv32i_cpu:icpu|datapath:i_datapath|ImmExt_E[4]                             ; clk          ; clk         ; 20.000       ; -0.126     ; 3.673      ;
; 16.199 ; reset_ff  ; rv32i_cpu:icpu|datapath:i_datapath|ImmExt_E[10]_OTERM223                   ; clk          ; clk         ; 20.000       ; -0.126     ; 3.673      ;
; 16.199 ; reset_ff  ; rv32i_cpu:icpu|datapath:i_datapath|ImmExt_E[1]                             ; clk          ; clk         ; 20.000       ; -0.126     ; 3.673      ;
; 16.199 ; reset_ff  ; rv32i_cpu:icpu|datapath:i_datapath|pc_flopr:pcreg|q[8]_OTERM675_OTERM1099  ; clk          ; clk         ; 20.000       ; -0.141     ; 3.658      ;
; 16.199 ; reset_ff  ; rv32i_cpu:icpu|datapath:i_datapath|ALUControl_E[4]_OTERM215_OTERM583       ; clk          ; clk         ; 20.000       ; -0.137     ; 3.662      ;
; 16.199 ; reset_ff  ; rv32i_cpu:icpu|datapath:i_datapath|ALUControl_E[4]_OTERM217_OTERM581       ; clk          ; clk         ; 20.000       ; -0.137     ; 3.662      ;
; 16.199 ; reset_ff  ; rv32i_cpu:icpu|datapath:i_datapath|ALUControl_E[4]_OTERM217_OTERM579       ; clk          ; clk         ; 20.000       ; -0.137     ; 3.662      ;
; 16.199 ; reset_ff  ; rv32i_cpu:icpu|datapath:i_datapath|Instr_E[13]_OTERM203                    ; clk          ; clk         ; 20.000       ; -0.135     ; 3.664      ;
; 16.199 ; reset_ff  ; rv32i_cpu:icpu|datapath:i_datapath|ALUControl_E[3]_OTERM147                ; clk          ; clk         ; 20.000       ; -0.137     ; 3.662      ;
; 16.200 ; reset_ff  ; rv32i_cpu:icpu|datapath:i_datapath|RegWrite_E_OTERM687                     ; clk          ; clk         ; 20.000       ; -0.137     ; 3.661      ;
; 16.200 ; reset_ff  ; rv32i_cpu:icpu|datapath:i_datapath|ALUControl_E[3]_OTERM145                ; clk          ; clk         ; 20.000       ; -0.133     ; 3.665      ;
; 16.200 ; reset_ff  ; rv32i_cpu:icpu|datapath:i_datapath|MemWrite_E_OTERM689                     ; clk          ; clk         ; 20.000       ; -0.137     ; 3.661      ;
; 16.200 ; reset_ff  ; rv32i_cpu:icpu|datapath:i_datapath|MemWrite_M                              ; clk          ; clk         ; 20.000       ; -0.139     ; 3.659      ;
; 16.200 ; reset_ff  ; rv32i_cpu:icpu|datapath:i_datapath|WriteData_M[3]                          ; clk          ; clk         ; 20.000       ; -0.143     ; 3.655      ;
; 16.200 ; reset_ff  ; rv32i_cpu:icpu|datapath:i_datapath|ImmExt_E[30]_OTERM721                   ; clk          ; clk         ; 20.000       ; -0.137     ; 3.661      ;
; 16.200 ; reset_ff  ; rv32i_cpu:icpu|datapath:i_datapath|ALUControl_E[2]_OTERM163                ; clk          ; clk         ; 20.000       ; -0.133     ; 3.665      ;
; 16.200 ; reset_ff  ; rv32i_cpu:icpu|datapath:i_datapath|jal_E_OTERM713                          ; clk          ; clk         ; 20.000       ; -0.137     ; 3.661      ;
; 16.200 ; reset_ff  ; rv32i_cpu:icpu|datapath:i_datapath|ALUControl_E[1]_OTERM167                ; clk          ; clk         ; 20.000       ; -0.133     ; 3.665      ;
; 16.200 ; reset_ff  ; rv32i_cpu:icpu|datapath:i_datapath|ALUControl_E[1]_OTERM171                ; clk          ; clk         ; 20.000       ; -0.133     ; 3.665      ;
; 16.200 ; reset_ff  ; rv32i_cpu:icpu|datapath:i_datapath|ALUControl_E[1]_OTERM165                ; clk          ; clk         ; 20.000       ; -0.133     ; 3.665      ;
; 16.200 ; reset_ff  ; rv32i_cpu:icpu|datapath:i_datapath|ALUControl_E[0]_OTERM193                ; clk          ; clk         ; 20.000       ; -0.133     ; 3.665      ;
; 16.200 ; reset_ff  ; rv32i_cpu:icpu|datapath:i_datapath|Branch_E_OTERM715                       ; clk          ; clk         ; 20.000       ; -0.137     ; 3.661      ;
; 16.200 ; reset_ff  ; rv32i_cpu:icpu|datapath:i_datapath|jalr_E_OTERM709                         ; clk          ; clk         ; 20.000       ; -0.137     ; 3.661      ;
; 16.201 ; reset_ff  ; rv32i_cpu:icpu|datapath:i_datapath|ResultSrc_M[0]                          ; clk          ; clk         ; 20.000       ; -0.128     ; 3.669      ;
; 16.201 ; reset_ff  ; rv32i_cpu:icpu|datapath:i_datapath|Rd_W[2]                                 ; clk          ; clk         ; 20.000       ; -0.127     ; 3.670      ;
; 16.201 ; reset_ff  ; rv32i_cpu:icpu|datapath:i_datapath|Rd_W[1]                                 ; clk          ; clk         ; 20.000       ; -0.127     ; 3.670      ;
; 16.201 ; reset_ff  ; rv32i_cpu:icpu|datapath:i_datapath|Rd_W[4]                                 ; clk          ; clk         ; 20.000       ; -0.127     ; 3.670      ;
; 16.201 ; reset_ff  ; rv32i_cpu:icpu|datapath:i_datapath|RegWrite_W                              ; clk          ; clk         ; 20.000       ; -0.127     ; 3.670      ;
; 16.201 ; reset_ff  ; rv32i_cpu:icpu|datapath:i_datapath|ImmExt_E[29]                            ; clk          ; clk         ; 20.000       ; -0.131     ; 3.666      ;
; 16.201 ; reset_ff  ; rv32i_cpu:icpu|datapath:i_datapath|pc_flopr:pcreg|q[7]_OTERM679_OTERM1103  ; clk          ; clk         ; 20.000       ; -0.147     ; 3.650      ;
; 16.201 ; reset_ff  ; rv32i_cpu:icpu|datapath:i_datapath|ImmExt_E[26]                            ; clk          ; clk         ; 20.000       ; -0.131     ; 3.666      ;
; 16.201 ; reset_ff  ; rv32i_cpu:icpu|datapath:i_datapath|ImmExt_E[22]                            ; clk          ; clk         ; 20.000       ; -0.131     ; 3.666      ;
; 16.201 ; reset_ff  ; rv32i_cpu:icpu|datapath:i_datapath|ImmExt_E[25]                            ; clk          ; clk         ; 20.000       ; -0.131     ; 3.666      ;
; 16.201 ; reset_ff  ; rv32i_cpu:icpu|datapath:i_datapath|pc_flopr:pcreg|q[6]_OTERM683_OTERM1107  ; clk          ; clk         ; 20.000       ; -0.147     ; 3.650      ;
; 16.201 ; reset_ff  ; rv32i_cpu:icpu|datapath:i_datapath|pc_flopr:pcreg|q[14]_OTERM653_OTERM1075 ; clk          ; clk         ; 20.000       ; -0.131     ; 3.666      ;
; 16.201 ; reset_ff  ; rv32i_cpu:icpu|datapath:i_datapath|ImmExt_E[27]                            ; clk          ; clk         ; 20.000       ; -0.131     ; 3.666      ;
; 16.201 ; reset_ff  ; rv32i_cpu:icpu|datapath:i_datapath|pc_flopr:pcreg|q[5]_OTERM691_OTERM1115  ; clk          ; clk         ; 20.000       ; -0.147     ; 3.650      ;
; 16.201 ; reset_ff  ; rv32i_cpu:icpu|datapath:i_datapath|pc_flopr:pcreg|q[17]_OTERM641_OTERM1063 ; clk          ; clk         ; 20.000       ; -0.129     ; 3.668      ;
; 16.201 ; reset_ff  ; rv32i_cpu:icpu|datapath:i_datapath|ALUResult_W[17]                         ; clk          ; clk         ; 20.000       ; -0.128     ; 3.669      ;
; 16.201 ; reset_ff  ; rv32i_cpu:icpu|datapath:i_datapath|ALUResult_W[28]                         ; clk          ; clk         ; 20.000       ; -0.128     ; 3.669      ;
; 16.201 ; reset_ff  ; rv32i_cpu:icpu|datapath:i_datapath|pc_flopr:pcreg|q[30]_OTERM593_OTERM1015 ; clk          ; clk         ; 20.000       ; -0.130     ; 3.667      ;
; 16.201 ; reset_ff  ; rv32i_cpu:icpu|datapath:i_datapath|ALUResult_W[30]                         ; clk          ; clk         ; 20.000       ; -0.128     ; 3.669      ;
; 16.201 ; reset_ff  ; rv32i_cpu:icpu|datapath:i_datapath|ALUResult_M[30]                         ; clk          ; clk         ; 20.000       ; -0.130     ; 3.667      ;
; 16.201 ; reset_ff  ; rv32i_cpu:icpu|datapath:i_datapath|WriteData_M[30]                         ; clk          ; clk         ; 20.000       ; -0.130     ; 3.667      ;
; 16.201 ; reset_ff  ; rv32i_cpu:icpu|datapath:i_datapath|WriteData_M[28]                         ; clk          ; clk         ; 20.000       ; -0.128     ; 3.669      ;
; 16.202 ; reset_ff  ; rv32i_cpu:icpu|datapath:i_datapath|Instr_M[9]                              ; clk          ; clk         ; 20.000       ; -0.127     ; 3.669      ;
+--------+-----------+----------------------------------------------------------------------------+--------------+-------------+--------------+------------+------------+


+-------------------------------------------------------------------------------------------------------------------------------------------------------------------------------------------------------------------------------------------------------------------------------------------------------------------------------+
; Slow 1200mV 85C Model Removal: 'clk'                                                                                                                                                                                                                                                                                          ;
+-------+------------------------------------------------------------------------------------------------------+------------------------------------------------------------------------------------------------------------------------------------------+--------------+-------------+--------------+------------+------------+
; Slack ; From Node                                                                                            ; To Node                                                                                                                                  ; Launch Clock ; Latch Clock ; Relationship ; Clock Skew ; Data Delay ;
+-------+------------------------------------------------------------------------------------------------------+------------------------------------------------------------------------------------------------------------------------------------------+--------------+-------------+--------------+------------+------------+
; 2.024 ; rv32i_cpu:icpu|datapath:i_datapath|altshift_taps:PCPlus4_E_rtl_0|shift_taps_bkm:auto_generated|dffe6 ; rv32i_cpu:icpu|datapath:i_datapath|altshift_taps:PCPlus4_E_rtl_0|shift_taps_bkm:auto_generated|altsyncram_r861:altsyncram4|ram_block7a0  ; clk          ; clk         ; 0.000        ; 0.408      ; 2.618      ;
; 2.024 ; rv32i_cpu:icpu|datapath:i_datapath|altshift_taps:PCPlus4_E_rtl_0|shift_taps_bkm:auto_generated|dffe6 ; rv32i_cpu:icpu|datapath:i_datapath|altshift_taps:PCPlus4_E_rtl_0|shift_taps_bkm:auto_generated|altsyncram_r861:altsyncram4|ram_block7a1  ; clk          ; clk         ; 0.000        ; 0.408      ; 2.618      ;
; 2.024 ; rv32i_cpu:icpu|datapath:i_datapath|altshift_taps:PCPlus4_E_rtl_0|shift_taps_bkm:auto_generated|dffe6 ; rv32i_cpu:icpu|datapath:i_datapath|altshift_taps:PCPlus4_E_rtl_0|shift_taps_bkm:auto_generated|altsyncram_r861:altsyncram4|ram_block7a2  ; clk          ; clk         ; 0.000        ; 0.408      ; 2.618      ;
; 2.024 ; rv32i_cpu:icpu|datapath:i_datapath|altshift_taps:PCPlus4_E_rtl_0|shift_taps_bkm:auto_generated|dffe6 ; rv32i_cpu:icpu|datapath:i_datapath|altshift_taps:PCPlus4_E_rtl_0|shift_taps_bkm:auto_generated|altsyncram_r861:altsyncram4|ram_block7a3  ; clk          ; clk         ; 0.000        ; 0.408      ; 2.618      ;
; 2.024 ; rv32i_cpu:icpu|datapath:i_datapath|altshift_taps:PCPlus4_E_rtl_0|shift_taps_bkm:auto_generated|dffe6 ; rv32i_cpu:icpu|datapath:i_datapath|altshift_taps:PCPlus4_E_rtl_0|shift_taps_bkm:auto_generated|altsyncram_r861:altsyncram4|ram_block7a4  ; clk          ; clk         ; 0.000        ; 0.408      ; 2.618      ;
; 2.024 ; rv32i_cpu:icpu|datapath:i_datapath|altshift_taps:PCPlus4_E_rtl_0|shift_taps_bkm:auto_generated|dffe6 ; rv32i_cpu:icpu|datapath:i_datapath|altshift_taps:PCPlus4_E_rtl_0|shift_taps_bkm:auto_generated|altsyncram_r861:altsyncram4|ram_block7a5  ; clk          ; clk         ; 0.000        ; 0.408      ; 2.618      ;
; 2.024 ; rv32i_cpu:icpu|datapath:i_datapath|altshift_taps:PCPlus4_E_rtl_0|shift_taps_bkm:auto_generated|dffe6 ; rv32i_cpu:icpu|datapath:i_datapath|altshift_taps:PCPlus4_E_rtl_0|shift_taps_bkm:auto_generated|altsyncram_r861:altsyncram4|ram_block7a6  ; clk          ; clk         ; 0.000        ; 0.408      ; 2.618      ;
; 2.024 ; rv32i_cpu:icpu|datapath:i_datapath|altshift_taps:PCPlus4_E_rtl_0|shift_taps_bkm:auto_generated|dffe6 ; rv32i_cpu:icpu|datapath:i_datapath|altshift_taps:PCPlus4_E_rtl_0|shift_taps_bkm:auto_generated|altsyncram_r861:altsyncram4|ram_block7a7  ; clk          ; clk         ; 0.000        ; 0.408      ; 2.618      ;
; 2.024 ; rv32i_cpu:icpu|datapath:i_datapath|altshift_taps:PCPlus4_E_rtl_0|shift_taps_bkm:auto_generated|dffe6 ; rv32i_cpu:icpu|datapath:i_datapath|altshift_taps:PCPlus4_E_rtl_0|shift_taps_bkm:auto_generated|altsyncram_r861:altsyncram4|ram_block7a8  ; clk          ; clk         ; 0.000        ; 0.408      ; 2.618      ;
; 2.024 ; rv32i_cpu:icpu|datapath:i_datapath|altshift_taps:PCPlus4_E_rtl_0|shift_taps_bkm:auto_generated|dffe6 ; rv32i_cpu:icpu|datapath:i_datapath|altshift_taps:PCPlus4_E_rtl_0|shift_taps_bkm:auto_generated|altsyncram_r861:altsyncram4|ram_block7a9  ; clk          ; clk         ; 0.000        ; 0.408      ; 2.618      ;
; 2.024 ; rv32i_cpu:icpu|datapath:i_datapath|altshift_taps:PCPlus4_E_rtl_0|shift_taps_bkm:auto_generated|dffe6 ; rv32i_cpu:icpu|datapath:i_datapath|altshift_taps:PCPlus4_E_rtl_0|shift_taps_bkm:auto_generated|altsyncram_r861:altsyncram4|ram_block7a10 ; clk          ; clk         ; 0.000        ; 0.408      ; 2.618      ;
; 2.024 ; rv32i_cpu:icpu|datapath:i_datapath|altshift_taps:PCPlus4_E_rtl_0|shift_taps_bkm:auto_generated|dffe6 ; rv32i_cpu:icpu|datapath:i_datapath|altshift_taps:PCPlus4_E_rtl_0|shift_taps_bkm:auto_generated|altsyncram_r861:altsyncram4|ram_block7a11 ; clk          ; clk         ; 0.000        ; 0.408      ; 2.618      ;
; 2.024 ; rv32i_cpu:icpu|datapath:i_datapath|altshift_taps:PCPlus4_E_rtl_0|shift_taps_bkm:auto_generated|dffe6 ; rv32i_cpu:icpu|datapath:i_datapath|altshift_taps:PCPlus4_E_rtl_0|shift_taps_bkm:auto_generated|altsyncram_r861:altsyncram4|ram_block7a12 ; clk          ; clk         ; 0.000        ; 0.408      ; 2.618      ;
; 2.024 ; rv32i_cpu:icpu|datapath:i_datapath|altshift_taps:PCPlus4_E_rtl_0|shift_taps_bkm:auto_generated|dffe6 ; rv32i_cpu:icpu|datapath:i_datapath|altshift_taps:PCPlus4_E_rtl_0|shift_taps_bkm:auto_generated|altsyncram_r861:altsyncram4|ram_block7a13 ; clk          ; clk         ; 0.000        ; 0.408      ; 2.618      ;
; 2.024 ; rv32i_cpu:icpu|datapath:i_datapath|altshift_taps:PCPlus4_E_rtl_0|shift_taps_bkm:auto_generated|dffe6 ; rv32i_cpu:icpu|datapath:i_datapath|altshift_taps:PCPlus4_E_rtl_0|shift_taps_bkm:auto_generated|altsyncram_r861:altsyncram4|ram_block7a14 ; clk          ; clk         ; 0.000        ; 0.408      ; 2.618      ;
; 2.024 ; rv32i_cpu:icpu|datapath:i_datapath|altshift_taps:PCPlus4_E_rtl_0|shift_taps_bkm:auto_generated|dffe6 ; rv32i_cpu:icpu|datapath:i_datapath|altshift_taps:PCPlus4_E_rtl_0|shift_taps_bkm:auto_generated|altsyncram_r861:altsyncram4|ram_block7a15 ; clk          ; clk         ; 0.000        ; 0.408      ; 2.618      ;
; 2.024 ; rv32i_cpu:icpu|datapath:i_datapath|altshift_taps:PCPlus4_E_rtl_0|shift_taps_bkm:auto_generated|dffe6 ; rv32i_cpu:icpu|datapath:i_datapath|altshift_taps:PCPlus4_E_rtl_0|shift_taps_bkm:auto_generated|altsyncram_r861:altsyncram4|ram_block7a16 ; clk          ; clk         ; 0.000        ; 0.408      ; 2.618      ;
; 2.024 ; rv32i_cpu:icpu|datapath:i_datapath|altshift_taps:PCPlus4_E_rtl_0|shift_taps_bkm:auto_generated|dffe6 ; rv32i_cpu:icpu|datapath:i_datapath|altshift_taps:PCPlus4_E_rtl_0|shift_taps_bkm:auto_generated|altsyncram_r861:altsyncram4|ram_block7a17 ; clk          ; clk         ; 0.000        ; 0.408      ; 2.618      ;
; 2.024 ; rv32i_cpu:icpu|datapath:i_datapath|altshift_taps:PCPlus4_E_rtl_0|shift_taps_bkm:auto_generated|dffe6 ; rv32i_cpu:icpu|datapath:i_datapath|altshift_taps:PCPlus4_E_rtl_0|shift_taps_bkm:auto_generated|altsyncram_r861:altsyncram4|ram_block7a18 ; clk          ; clk         ; 0.000        ; 0.408      ; 2.618      ;
; 2.024 ; rv32i_cpu:icpu|datapath:i_datapath|altshift_taps:PCPlus4_E_rtl_0|shift_taps_bkm:auto_generated|dffe6 ; rv32i_cpu:icpu|datapath:i_datapath|altshift_taps:PCPlus4_E_rtl_0|shift_taps_bkm:auto_generated|altsyncram_r861:altsyncram4|ram_block7a19 ; clk          ; clk         ; 0.000        ; 0.408      ; 2.618      ;
; 2.024 ; rv32i_cpu:icpu|datapath:i_datapath|altshift_taps:PCPlus4_E_rtl_0|shift_taps_bkm:auto_generated|dffe6 ; rv32i_cpu:icpu|datapath:i_datapath|altshift_taps:PCPlus4_E_rtl_0|shift_taps_bkm:auto_generated|altsyncram_r861:altsyncram4|ram_block7a20 ; clk          ; clk         ; 0.000        ; 0.408      ; 2.618      ;
; 2.024 ; rv32i_cpu:icpu|datapath:i_datapath|altshift_taps:PCPlus4_E_rtl_0|shift_taps_bkm:auto_generated|dffe6 ; rv32i_cpu:icpu|datapath:i_datapath|altshift_taps:PCPlus4_E_rtl_0|shift_taps_bkm:auto_generated|altsyncram_r861:altsyncram4|ram_block7a21 ; clk          ; clk         ; 0.000        ; 0.408      ; 2.618      ;
; 2.024 ; rv32i_cpu:icpu|datapath:i_datapath|altshift_taps:PCPlus4_E_rtl_0|shift_taps_bkm:auto_generated|dffe6 ; rv32i_cpu:icpu|datapath:i_datapath|altshift_taps:PCPlus4_E_rtl_0|shift_taps_bkm:auto_generated|altsyncram_r861:altsyncram4|ram_block7a22 ; clk          ; clk         ; 0.000        ; 0.408      ; 2.618      ;
; 2.024 ; rv32i_cpu:icpu|datapath:i_datapath|altshift_taps:PCPlus4_E_rtl_0|shift_taps_bkm:auto_generated|dffe6 ; rv32i_cpu:icpu|datapath:i_datapath|altshift_taps:PCPlus4_E_rtl_0|shift_taps_bkm:auto_generated|altsyncram_r861:altsyncram4|ram_block7a23 ; clk          ; clk         ; 0.000        ; 0.408      ; 2.618      ;
; 2.024 ; rv32i_cpu:icpu|datapath:i_datapath|altshift_taps:PCPlus4_E_rtl_0|shift_taps_bkm:auto_generated|dffe6 ; rv32i_cpu:icpu|datapath:i_datapath|altshift_taps:PCPlus4_E_rtl_0|shift_taps_bkm:auto_generated|altsyncram_r861:altsyncram4|ram_block7a24 ; clk          ; clk         ; 0.000        ; 0.408      ; 2.618      ;
; 2.024 ; rv32i_cpu:icpu|datapath:i_datapath|altshift_taps:PCPlus4_E_rtl_0|shift_taps_bkm:auto_generated|dffe6 ; rv32i_cpu:icpu|datapath:i_datapath|altshift_taps:PCPlus4_E_rtl_0|shift_taps_bkm:auto_generated|altsyncram_r861:altsyncram4|ram_block7a25 ; clk          ; clk         ; 0.000        ; 0.408      ; 2.618      ;
; 2.024 ; rv32i_cpu:icpu|datapath:i_datapath|altshift_taps:PCPlus4_E_rtl_0|shift_taps_bkm:auto_generated|dffe6 ; rv32i_cpu:icpu|datapath:i_datapath|altshift_taps:PCPlus4_E_rtl_0|shift_taps_bkm:auto_generated|altsyncram_r861:altsyncram4|ram_block7a26 ; clk          ; clk         ; 0.000        ; 0.408      ; 2.618      ;
; 2.024 ; rv32i_cpu:icpu|datapath:i_datapath|altshift_taps:PCPlus4_E_rtl_0|shift_taps_bkm:auto_generated|dffe6 ; rv32i_cpu:icpu|datapath:i_datapath|altshift_taps:PCPlus4_E_rtl_0|shift_taps_bkm:auto_generated|altsyncram_r861:altsyncram4|ram_block7a27 ; clk          ; clk         ; 0.000        ; 0.408      ; 2.618      ;
; 2.024 ; rv32i_cpu:icpu|datapath:i_datapath|altshift_taps:PCPlus4_E_rtl_0|shift_taps_bkm:auto_generated|dffe6 ; rv32i_cpu:icpu|datapath:i_datapath|altshift_taps:PCPlus4_E_rtl_0|shift_taps_bkm:auto_generated|altsyncram_r861:altsyncram4|ram_block7a28 ; clk          ; clk         ; 0.000        ; 0.408      ; 2.618      ;
; 2.024 ; rv32i_cpu:icpu|datapath:i_datapath|altshift_taps:PCPlus4_E_rtl_0|shift_taps_bkm:auto_generated|dffe6 ; rv32i_cpu:icpu|datapath:i_datapath|altshift_taps:PCPlus4_E_rtl_0|shift_taps_bkm:auto_generated|altsyncram_r861:altsyncram4|ram_block7a29 ; clk          ; clk         ; 0.000        ; 0.408      ; 2.618      ;
; 2.024 ; rv32i_cpu:icpu|datapath:i_datapath|altshift_taps:PCPlus4_E_rtl_0|shift_taps_bkm:auto_generated|dffe6 ; rv32i_cpu:icpu|datapath:i_datapath|altshift_taps:PCPlus4_E_rtl_0|shift_taps_bkm:auto_generated|altsyncram_r861:altsyncram4|ram_block7a30 ; clk          ; clk         ; 0.000        ; 0.408      ; 2.618      ;
; 2.722 ; reset_ff                                                                                             ; rv32i_cpu:icpu|datapath:i_datapath|rs1_data_E[20]                                                                                        ; clk          ; clk         ; 0.000        ; 0.537      ; 3.445      ;
; 2.722 ; reset_ff                                                                                             ; rv32i_cpu:icpu|datapath:i_datapath|rs2_data_E[25]                                                                                        ; clk          ; clk         ; 0.000        ; 0.537      ; 3.445      ;
; 2.722 ; reset_ff                                                                                             ; rv32i_cpu:icpu|datapath:i_datapath|ALUResult_M[20]                                                                                       ; clk          ; clk         ; 0.000        ; 0.537      ; 3.445      ;
; 2.723 ; reset_ff                                                                                             ; rv32i_cpu:icpu|datapath:i_datapath|rs1_data_E[22]                                                                                        ; clk          ; clk         ; 0.000        ; 0.551      ; 3.460      ;
; 2.723 ; reset_ff                                                                                             ; rv32i_cpu:icpu|datapath:i_datapath|rs1_data_E[31]                                                                                        ; clk          ; clk         ; 0.000        ; 0.551      ; 3.460      ;
; 2.723 ; reset_ff                                                                                             ; rv32i_cpu:icpu|datapath:i_datapath|Instr_E[7]_OTERM205                                                                                   ; clk          ; clk         ; 0.000        ; 0.551      ; 3.460      ;
; 2.723 ; reset_ff                                                                                             ; rv32i_cpu:icpu|datapath:i_datapath|rs1_data_E[23]                                                                                        ; clk          ; clk         ; 0.000        ; 0.551      ; 3.460      ;
; 2.723 ; reset_ff                                                                                             ; rv32i_cpu:icpu|datapath:i_datapath|rs1_data_E[1]                                                                                         ; clk          ; clk         ; 0.000        ; 0.551      ; 3.460      ;
; 2.723 ; reset_ff                                                                                             ; rv32i_cpu:icpu|datapath:i_datapath|pc_flopr:pcreg|q[1]_OTERM137                                                                          ; clk          ; clk         ; 0.000        ; 0.551      ; 3.460      ;
; 2.723 ; reset_ff                                                                                             ; rv32i_cpu:icpu|datapath:i_datapath|PCPlus4_E[1]_OTERM289                                                                                 ; clk          ; clk         ; 0.000        ; 0.551      ; 3.460      ;
; 2.723 ; reset_ff                                                                                             ; rv32i_cpu:icpu|datapath:i_datapath|rs1_data_E[19]                                                                                        ; clk          ; clk         ; 0.000        ; 0.546      ; 3.455      ;
; 2.723 ; reset_ff                                                                                             ; rv32i_cpu:icpu|datapath:i_datapath|PCPlus4_M[1]                                                                                          ; clk          ; clk         ; 0.000        ; 0.551      ; 3.460      ;
; 2.724 ; reset_ff                                                                                             ; rv32i_cpu:icpu|datapath:i_datapath|rs1_data_E[26]                                                                                        ; clk          ; clk         ; 0.000        ; 0.539      ; 3.449      ;
; 2.724 ; reset_ff                                                                                             ; rv32i_cpu:icpu|datapath:i_datapath|rs2_data_E[6]                                                                                         ; clk          ; clk         ; 0.000        ; 0.558      ; 3.468      ;
; 2.724 ; reset_ff                                                                                             ; rv32i_cpu:icpu|datapath:i_datapath|rs2_data_E[13]                                                                                        ; clk          ; clk         ; 0.000        ; 0.553      ; 3.463      ;
; 2.724 ; reset_ff                                                                                             ; rv32i_cpu:icpu|datapath:i_datapath|rs2_data_E[24]                                                                                        ; clk          ; clk         ; 0.000        ; 0.558      ; 3.468      ;
; 2.724 ; reset_ff                                                                                             ; rv32i_cpu:icpu|datapath:i_datapath|RegWrite_M                                                                                            ; clk          ; clk         ; 0.000        ; 0.557      ; 3.467      ;
; 2.724 ; reset_ff                                                                                             ; rv32i_cpu:icpu|datapath:i_datapath|rs1_data_E[7]                                                                                         ; clk          ; clk         ; 0.000        ; 0.557      ; 3.467      ;
; 2.724 ; reset_ff                                                                                             ; rv32i_cpu:icpu|datapath:i_datapath|ALUResult_M[25]                                                                                       ; clk          ; clk         ; 0.000        ; 0.539      ; 3.449      ;
; 2.724 ; reset_ff                                                                                             ; rv32i_cpu:icpu|datapath:i_datapath|ALUResult_M[29]                                                                                       ; clk          ; clk         ; 0.000        ; 0.539      ; 3.449      ;
; 2.724 ; reset_ff                                                                                             ; rv32i_cpu:icpu|datapath:i_datapath|rs1_data_E[28]                                                                                        ; clk          ; clk         ; 0.000        ; 0.539      ; 3.449      ;
; 2.724 ; reset_ff                                                                                             ; rv32i_cpu:icpu|datapath:i_datapath|rs2_data_E[12]                                                                                        ; clk          ; clk         ; 0.000        ; 0.553      ; 3.463      ;
; 2.724 ; reset_ff                                                                                             ; rv32i_cpu:icpu|datapath:i_datapath|rs2_data_E[15]                                                                                        ; clk          ; clk         ; 0.000        ; 0.571      ; 3.481      ;
; 2.724 ; reset_ff                                                                                             ; rv32i_cpu:icpu|datapath:i_datapath|ALUResult_M[7]                                                                                        ; clk          ; clk         ; 0.000        ; 0.557      ; 3.467      ;
; 2.724 ; reset_ff                                                                                             ; rv32i_cpu:icpu|datapath:i_datapath|rs1_data_E[25]                                                                                        ; clk          ; clk         ; 0.000        ; 0.539      ; 3.449      ;
; 2.724 ; reset_ff                                                                                             ; rv32i_cpu:icpu|datapath:i_datapath|rs2_data_E[23]                                                                                        ; clk          ; clk         ; 0.000        ; 0.553      ; 3.463      ;
; 2.724 ; reset_ff                                                                                             ; rv32i_cpu:icpu|datapath:i_datapath|ALUResult_M[0]_OTERM307                                                                               ; clk          ; clk         ; 0.000        ; 0.539      ; 3.449      ;
; 2.724 ; reset_ff                                                                                             ; rv32i_cpu:icpu|datapath:i_datapath|ALUResult_M[0]_OTERM305                                                                               ; clk          ; clk         ; 0.000        ; 0.539      ; 3.449      ;
; 2.724 ; reset_ff                                                                                             ; rv32i_cpu:icpu|datapath:i_datapath|WriteData_M[15]                                                                                       ; clk          ; clk         ; 0.000        ; 0.571      ; 3.481      ;
; 2.725 ; reset_ff                                                                                             ; rv32i_cpu:icpu|datapath:i_datapath|ALUResult_M[22]                                                                                       ; clk          ; clk         ; 0.000        ; 0.524      ; 3.435      ;
; 2.725 ; reset_ff                                                                                             ; rv32i_cpu:icpu|datapath:i_datapath|ALUResult_M[28]                                                                                       ; clk          ; clk         ; 0.000        ; 0.528      ; 3.439      ;
; 2.725 ; reset_ff                                                                                             ; rv32i_cpu:icpu|datapath:i_datapath|ALUControl_E[4]_OTERM217_OTERM577                                                                     ; clk          ; clk         ; 0.000        ; 0.528      ; 3.439      ;
; 2.725 ; reset_ff                                                                                             ; rv32i_cpu:icpu|datapath:i_datapath|PC_D[29]_OTERM5_OTERM1127_OTERM1433                                                                   ; clk          ; clk         ; 0.000        ; 0.528      ; 3.439      ;
; 2.725 ; reset_ff                                                                                             ; rv32i_cpu:icpu|datapath:i_datapath|ALUResult_M[23]                                                                                       ; clk          ; clk         ; 0.000        ; 0.524      ; 3.435      ;
; 2.734 ; reset_ff                                                                                             ; rv32i_cpu:icpu|datapath:i_datapath|rs2_data_E[20]                                                                                        ; clk          ; clk         ; 0.000        ; 0.537      ; 3.457      ;
; 2.734 ; reset_ff                                                                                             ; rv32i_cpu:icpu|datapath:i_datapath|rs2_data_E[22]                                                                                        ; clk          ; clk         ; 0.000        ; 0.530      ; 3.450      ;
; 2.734 ; reset_ff                                                                                             ; rv32i_cpu:icpu|datapath:i_datapath|rs2_data_E[26]                                                                                        ; clk          ; clk         ; 0.000        ; 0.529      ; 3.449      ;
; 2.734 ; reset_ff                                                                                             ; rv32i_cpu:icpu|datapath:i_datapath|rs2_data_E[29]                                                                                        ; clk          ; clk         ; 0.000        ; 0.536      ; 3.456      ;
; 2.734 ; reset_ff                                                                                             ; rv32i_cpu:icpu|datapath:i_datapath|rs2_data_E[17]                                                                                        ; clk          ; clk         ; 0.000        ; 0.530      ; 3.450      ;
; 2.734 ; reset_ff                                                                                             ; rv32i_cpu:icpu|datapath:i_datapath|rs1_data_E[16]                                                                                        ; clk          ; clk         ; 0.000        ; 0.530      ; 3.450      ;
; 2.734 ; reset_ff                                                                                             ; rv32i_cpu:icpu|datapath:i_datapath|WriteData_M[27]                                                                                       ; clk          ; clk         ; 0.000        ; 0.531      ; 3.451      ;
; 2.734 ; reset_ff                                                                                             ; rv32i_cpu:icpu|datapath:i_datapath|ALUResult_M[26]                                                                                       ; clk          ; clk         ; 0.000        ; 0.529      ; 3.449      ;
; 2.734 ; reset_ff                                                                                             ; rv32i_cpu:icpu|datapath:i_datapath|ALUResult_W[22]                                                                                       ; clk          ; clk         ; 0.000        ; 0.525      ; 3.445      ;
; 2.734 ; reset_ff                                                                                             ; rv32i_cpu:icpu|datapath:i_datapath|WriteData_M[29]                                                                                       ; clk          ; clk         ; 0.000        ; 0.529      ; 3.449      ;
; 2.734 ; reset_ff                                                                                             ; rv32i_cpu:icpu|datapath:i_datapath|rs1_data_E[21]                                                                                        ; clk          ; clk         ; 0.000        ; 0.537      ; 3.457      ;
; 2.734 ; reset_ff                                                                                             ; rv32i_cpu:icpu|datapath:i_datapath|ALUResult_W[31]                                                                                       ; clk          ; clk         ; 0.000        ; 0.536      ; 3.456      ;
; 2.734 ; reset_ff                                                                                             ; rv32i_cpu:icpu|datapath:i_datapath|ALUResult_W[27]                                                                                       ; clk          ; clk         ; 0.000        ; 0.531      ; 3.451      ;
; 2.734 ; reset_ff                                                                                             ; rv32i_cpu:icpu|datapath:i_datapath|rs2_data_E[1]                                                                                         ; clk          ; clk         ; 0.000        ; 0.537      ; 3.457      ;
; 2.734 ; reset_ff                                                                                             ; rv32i_cpu:icpu|datapath:i_datapath|rs2_data_E[30]                                                                                        ; clk          ; clk         ; 0.000        ; 0.530      ; 3.450      ;
; 2.734 ; reset_ff                                                                                             ; rv32i_cpu:icpu|datapath:i_datapath|ALUResult_M[16]                                                                                       ; clk          ; clk         ; 0.000        ; 0.530      ; 3.450      ;
; 2.734 ; reset_ff                                                                                             ; rv32i_cpu:icpu|datapath:i_datapath|ALUResult_W[16]                                                                                       ; clk          ; clk         ; 0.000        ; 0.530      ; 3.450      ;
; 2.734 ; reset_ff                                                                                             ; rv32i_cpu:icpu|datapath:i_datapath|WriteData_M[16]                                                                                       ; clk          ; clk         ; 0.000        ; 0.530      ; 3.450      ;
; 2.734 ; reset_ff                                                                                             ; rv32i_cpu:icpu|datapath:i_datapath|rs2_data_E[16]                                                                                        ; clk          ; clk         ; 0.000        ; 0.536      ; 3.456      ;
; 2.734 ; reset_ff                                                                                             ; rv32i_cpu:icpu|datapath:i_datapath|ALUResult_W[18]                                                                                       ; clk          ; clk         ; 0.000        ; 0.531      ; 3.451      ;
; 2.734 ; reset_ff                                                                                             ; rv32i_cpu:icpu|datapath:i_datapath|PC_D[2]_OTERM45_OTERM1195                                                                             ; clk          ; clk         ; 0.000        ; 0.524      ; 3.444      ;
; 2.734 ; reset_ff                                                                                             ; rv32i_cpu:icpu|datapath:i_datapath|funct3_M[1]                                                                                           ; clk          ; clk         ; 0.000        ; 0.536      ; 3.456      ;
; 2.734 ; reset_ff                                                                                             ; rv32i_cpu:icpu|datapath:i_datapath|ALUControl_E[3]_OTERM143                                                                              ; clk          ; clk         ; 0.000        ; 0.536      ; 3.456      ;
; 2.734 ; reset_ff                                                                                             ; rv32i_cpu:icpu|datapath:i_datapath|WriteData_M[26]                                                                                       ; clk          ; clk         ; 0.000        ; 0.531      ; 3.451      ;
; 2.734 ; reset_ff                                                                                             ; rv32i_cpu:icpu|datapath:i_datapath|ALUResult_W[25]                                                                                       ; clk          ; clk         ; 0.000        ; 0.525      ; 3.445      ;
; 2.734 ; reset_ff                                                                                             ; rv32i_cpu:icpu|datapath:i_datapath|ALUResult_M[13]                                                                                       ; clk          ; clk         ; 0.000        ; 0.538      ; 3.458      ;
; 2.734 ; reset_ff                                                                                             ; rv32i_cpu:icpu|datapath:i_datapath|WriteData_M[31]                                                                                       ; clk          ; clk         ; 0.000        ; 0.536      ; 3.456      ;
; 2.734 ; reset_ff                                                                                             ; rv32i_cpu:icpu|datapath:i_datapath|Instr_E[22]                                                                                           ; clk          ; clk         ; 0.000        ; 0.524      ; 3.444      ;
; 2.734 ; reset_ff                                                                                             ; rv32i_cpu:icpu|datapath:i_datapath|funct3_M[0]                                                                                           ; clk          ; clk         ; 0.000        ; 0.536      ; 3.456      ;
; 2.734 ; reset_ff                                                                                             ; rv32i_cpu:icpu|datapath:i_datapath|Instr_E[14]_OTERM199                                                                                  ; clk          ; clk         ; 0.000        ; 0.533      ; 3.453      ;
; 2.735 ; reset_ff                                                                                             ; rv32i_cpu:icpu|datapath:i_datapath|rs1_data_E[18]                                                                                        ; clk          ; clk         ; 0.000        ; 0.532      ; 3.453      ;
; 2.735 ; reset_ff                                                                                             ; rv32i_cpu:icpu|datapath:i_datapath|rs1_data_E[27]                                                                                        ; clk          ; clk         ; 0.000        ; 0.532      ; 3.453      ;
; 2.735 ; reset_ff                                                                                             ; rv32i_cpu:icpu|datapath:i_datapath|rs2_data_E[27]                                                                                        ; clk          ; clk         ; 0.000        ; 0.532      ; 3.453      ;
; 2.735 ; reset_ff                                                                                             ; rv32i_cpu:icpu|datapath:i_datapath|rs1_data_E[14]                                                                                        ; clk          ; clk         ; 0.000        ; 0.532      ; 3.453      ;
; 2.735 ; reset_ff                                                                                             ; rv32i_cpu:icpu|datapath:i_datapath|rs1_data_E[13]                                                                                        ; clk          ; clk         ; 0.000        ; 0.537      ; 3.458      ;
+-------+------------------------------------------------------------------------------------------------------+------------------------------------------------------------------------------------------------------------------------------------------+--------------+-------------+--------------+------------+------------+


-----------------------------------------------
; Slow 1200mV 85C Model Metastability Summary ;
-----------------------------------------------
No synchronizer chains to report.


+-------------------------------------------------+
; Slow 1200mV 0C Model Fmax Summary               ;
+-----------+-----------------+------------+------+
; Fmax      ; Restricted Fmax ; Clock Name ; Note ;
+-----------+-----------------+------------+------+
; 55.29 MHz ; 55.29 MHz       ; clk        ;      ;
+-----------+-----------------+------------+------+
This panel reports FMAX for every clock in the design, regardless of the user-specified clock periods.  FMAX is only computed for paths where the source and destination registers or ports are driven by the same clock.  Paths of different clocks, including generated clocks, are ignored.  For paths between a clock and its inversion, FMAX is computed as if the rising and falling edges are scaled along with FMAX, such that the duty cycle (in terms of a percentage) is maintained. Altera recommends that you always use clock constraints and other slack reports for sign-off analysis.


+------------------------------------+
; Slow 1200mV 0C Model Setup Summary ;
+-------+-------+--------------------+
; Clock ; Slack ; End Point TNS      ;
+-------+-------+--------------------+
; clk   ; 1.915 ; 0.000              ;
+-------+-------+--------------------+


+-----------------------------------+
; Slow 1200mV 0C Model Hold Summary ;
+-------+-------+-------------------+
; Clock ; Slack ; End Point TNS     ;
+-------+-------+-------------------+
; clk   ; 0.337 ; 0.000             ;
+-------+-------+-------------------+


+---------------------------------------+
; Slow 1200mV 0C Model Recovery Summary ;
+-------+--------+----------------------+
; Clock ; Slack  ; End Point TNS        ;
+-------+--------+----------------------+
; clk   ; 16.595 ; 0.000                ;
+-------+--------+----------------------+


+--------------------------------------+
; Slow 1200mV 0C Model Removal Summary ;
+-------+-------+----------------------+
; Clock ; Slack ; End Point TNS        ;
+-------+-------+----------------------+
; clk   ; 1.825 ; 0.000                ;
+-------+-------+----------------------+


+--------------------------------------------------+
; Slow 1200mV 0C Model Minimum Pulse Width Summary ;
+-------+-------+----------------------------------+
; Clock ; Slack ; End Point TNS                    ;
+-------+-------+----------------------------------+
; clk   ; 9.641 ; 0.000                            ;
+-------+-------+----------------------------------+


+-------------------------------------------------------------------------------------------------------------------------------------------------------------------------------------------------------------------------------------------------------------------------------------------------------------------------------------------------------------+
; Slow 1200mV 0C Model Setup: 'clk'                                                                                                                                                                                                                                                                                                                           ;
+-------+-------------------------------------------------------------------------------------------------------------------+-----------------------------------------------------------------------------------------------------------------------------------------------------------+--------------+-------------+--------------+------------+------------+
; Slack ; From Node                                                                                                         ; To Node                                                                                                                                                   ; Launch Clock ; Latch Clock ; Relationship ; Clock Skew ; Data Delay ;
+-------+-------------------------------------------------------------------------------------------------------------------+-----------------------------------------------------------------------------------------------------------------------------------------------------------+--------------+-------------+--------------+------------+------------+
; 1.915 ; dualport_mem_synch_rw_dualclk:imem|altsyncram:mem_rtl_0|altsyncram_vod2:auto_generated|ram_block1a2~portb_we_reg  ; rv32i_cpu:icpu|datapath:i_datapath|altshift_taps:PCPlus4_E_rtl_0|shift_taps_bkm:auto_generated|altsyncram_r861:altsyncram4|ram_block7a0~porta_datain_reg0 ; clk          ; clk         ; 20.000       ; -0.113     ; 18.002     ;
; 1.942 ; dualport_mem_synch_rw_dualclk:imem|altsyncram:mem_rtl_0|altsyncram_vod2:auto_generated|ram_block1a17~portb_we_reg ; rv32i_cpu:icpu|datapath:i_datapath|altshift_taps:PCPlus4_E_rtl_0|shift_taps_bkm:auto_generated|altsyncram_r861:altsyncram4|ram_block7a0~porta_datain_reg0 ; clk          ; clk         ; 20.000       ; -0.109     ; 17.979     ;
; 2.006 ; dualport_mem_synch_rw_dualclk:imem|altsyncram:mem_rtl_0|altsyncram_vod2:auto_generated|ram_block1a8~portb_we_reg  ; rv32i_cpu:icpu|datapath:i_datapath|altshift_taps:PCPlus4_E_rtl_0|shift_taps_bkm:auto_generated|altsyncram_r861:altsyncram4|ram_block7a0~porta_datain_reg0 ; clk          ; clk         ; 20.000       ; -0.096     ; 17.928     ;
; 2.113 ; dualport_mem_synch_rw_dualclk:imem|altsyncram:mem_rtl_0|altsyncram_vod2:auto_generated|ram_block1a0~portb_we_reg  ; rv32i_cpu:icpu|datapath:i_datapath|altshift_taps:PCPlus4_E_rtl_0|shift_taps_bkm:auto_generated|altsyncram_r861:altsyncram4|ram_block7a0~porta_datain_reg0 ; clk          ; clk         ; 20.000       ; -0.093     ; 17.824     ;
; 2.236 ; dualport_mem_synch_rw_dualclk:imem|altsyncram:mem_rtl_0|altsyncram_vod2:auto_generated|ram_block1a19~portb_we_reg ; rv32i_cpu:icpu|datapath:i_datapath|altshift_taps:PCPlus4_E_rtl_0|shift_taps_bkm:auto_generated|altsyncram_r861:altsyncram4|ram_block7a0~porta_datain_reg0 ; clk          ; clk         ; 20.000       ; -0.114     ; 17.680     ;
; 2.259 ; dualport_mem_synch_rw_dualclk:imem|altsyncram:mem_rtl_0|altsyncram_vod2:auto_generated|ram_block1a29~portb_we_reg ; rv32i_cpu:icpu|datapath:i_datapath|altshift_taps:PCPlus4_E_rtl_0|shift_taps_bkm:auto_generated|altsyncram_r861:altsyncram4|ram_block7a0~porta_datain_reg0 ; clk          ; clk         ; 20.000       ; -0.095     ; 17.676     ;
; 2.392 ; dualport_mem_synch_rw_dualclk:imem|altsyncram:mem_rtl_0|altsyncram_vod2:auto_generated|ram_block1a12~portb_we_reg ; rv32i_cpu:icpu|datapath:i_datapath|altshift_taps:PCPlus4_E_rtl_0|shift_taps_bkm:auto_generated|altsyncram_r861:altsyncram4|ram_block7a0~porta_datain_reg0 ; clk          ; clk         ; 20.000       ; -0.110     ; 17.528     ;
; 2.420 ; dualport_mem_synch_rw_dualclk:imem|altsyncram:mem_rtl_0|altsyncram_vod2:auto_generated|ram_block1a11~portb_we_reg ; rv32i_cpu:icpu|datapath:i_datapath|altshift_taps:PCPlus4_E_rtl_0|shift_taps_bkm:auto_generated|altsyncram_r861:altsyncram4|ram_block7a0~porta_datain_reg0 ; clk          ; clk         ; 20.000       ; -0.095     ; 17.515     ;
; 2.491 ; dualport_mem_synch_rw_dualclk:imem|altsyncram:mem_rtl_0|altsyncram_vod2:auto_generated|ram_block1a1~portb_we_reg  ; rv32i_cpu:icpu|datapath:i_datapath|altshift_taps:PCPlus4_E_rtl_0|shift_taps_bkm:auto_generated|altsyncram_r861:altsyncram4|ram_block7a0~porta_datain_reg0 ; clk          ; clk         ; 20.000       ; -0.130     ; 17.409     ;
; 2.503 ; dualport_mem_synch_rw_dualclk:imem|altsyncram:mem_rtl_0|altsyncram_vod2:auto_generated|ram_block1a9~portb_we_reg  ; rv32i_cpu:icpu|datapath:i_datapath|altshift_taps:PCPlus4_E_rtl_0|shift_taps_bkm:auto_generated|altsyncram_r861:altsyncram4|ram_block7a0~porta_datain_reg0 ; clk          ; clk         ; 20.000       ; -0.111     ; 17.416     ;
; 2.506 ; dualport_mem_synch_rw_dualclk:imem|altsyncram:mem_rtl_0|altsyncram_vod2:auto_generated|ram_block1a21~portb_we_reg ; rv32i_cpu:icpu|datapath:i_datapath|altshift_taps:PCPlus4_E_rtl_0|shift_taps_bkm:auto_generated|altsyncram_r861:altsyncram4|ram_block7a0~porta_datain_reg0 ; clk          ; clk         ; 20.000       ; -0.107     ; 17.417     ;
; 2.544 ; dualport_mem_synch_rw_dualclk:imem|altsyncram:mem_rtl_0|altsyncram_vod2:auto_generated|ram_block1a2~portb_we_reg  ; rv32i_cpu:icpu|datapath:i_datapath|PC_D[29]_OTERM5_OTERM1129_OTERM1421                                                                                    ; clk          ; clk         ; 20.000       ; -0.062     ; 17.393     ;
; 2.569 ; dualport_mem_synch_rw_dualclk:imem|altsyncram:mem_rtl_0|altsyncram_vod2:auto_generated|ram_block1a24~portb_we_reg ; rv32i_cpu:icpu|datapath:i_datapath|altshift_taps:PCPlus4_E_rtl_0|shift_taps_bkm:auto_generated|altsyncram_r861:altsyncram4|ram_block7a0~porta_datain_reg0 ; clk          ; clk         ; 20.000       ; -0.089     ; 17.372     ;
; 2.571 ; dualport_mem_synch_rw_dualclk:imem|altsyncram:mem_rtl_0|altsyncram_vod2:auto_generated|ram_block1a17~portb_we_reg ; rv32i_cpu:icpu|datapath:i_datapath|PC_D[29]_OTERM5_OTERM1129_OTERM1421                                                                                    ; clk          ; clk         ; 20.000       ; -0.058     ; 17.370     ;
; 2.617 ; dualport_mem_synch_rw_dualclk:imem|altsyncram:mem_rtl_0|altsyncram_vod2:auto_generated|ram_block1a16~portb_we_reg ; rv32i_cpu:icpu|datapath:i_datapath|altshift_taps:PCPlus4_E_rtl_0|shift_taps_bkm:auto_generated|altsyncram_r861:altsyncram4|ram_block7a0~porta_datain_reg0 ; clk          ; clk         ; 20.000       ; -0.083     ; 17.330     ;
; 2.622 ; dualport_mem_synch_rw_dualclk:imem|altsyncram:mem_rtl_0|altsyncram_vod2:auto_generated|ram_block1a2~portb_we_reg  ; rv32i_cpu:icpu|datapath:i_datapath|rs2_data_E[22]                                                                                                         ; clk          ; clk         ; 20.000       ; -0.015     ; 17.362     ;
; 2.623 ; dualport_mem_synch_rw_dualclk:imem|altsyncram:mem_rtl_0|altsyncram_vod2:auto_generated|ram_block1a2~portb_we_reg  ; rv32i_cpu:icpu|datapath:i_datapath|rs2_data_E[17]                                                                                                         ; clk          ; clk         ; 20.000       ; -0.015     ; 17.361     ;
; 2.624 ; dualport_mem_synch_rw_dualclk:imem|altsyncram:mem_rtl_0|altsyncram_vod2:auto_generated|ram_block1a2~portb_we_reg  ; rv32i_cpu:icpu|datapath:i_datapath|rs2_data_E[30]                                                                                                         ; clk          ; clk         ; 20.000       ; -0.015     ; 17.360     ;
; 2.632 ; dualport_mem_synch_rw_dualclk:imem|altsyncram:mem_rtl_0|altsyncram_vod2:auto_generated|ram_block1a2~portb_we_reg  ; rv32i_cpu:icpu|datapath:i_datapath|rs1_data_E[8]                                                                                                          ; clk          ; clk         ; 20.000       ; -0.025     ; 17.342     ;
; 2.634 ; dualport_mem_synch_rw_dualclk:imem|altsyncram:mem_rtl_0|altsyncram_vod2:auto_generated|ram_block1a2~portb_we_reg  ; rv32i_cpu:icpu|datapath:i_datapath|rs1_data_E[2]                                                                                                          ; clk          ; clk         ; 20.000       ; -0.025     ; 17.340     ;
; 2.635 ; dualport_mem_synch_rw_dualclk:imem|altsyncram:mem_rtl_0|altsyncram_vod2:auto_generated|ram_block1a8~portb_we_reg  ; rv32i_cpu:icpu|datapath:i_datapath|PC_D[29]_OTERM5_OTERM1129_OTERM1421                                                                                    ; clk          ; clk         ; 20.000       ; -0.045     ; 17.319     ;
; 2.649 ; dualport_mem_synch_rw_dualclk:imem|altsyncram:mem_rtl_0|altsyncram_vod2:auto_generated|ram_block1a17~portb_we_reg ; rv32i_cpu:icpu|datapath:i_datapath|rs2_data_E[22]                                                                                                         ; clk          ; clk         ; 20.000       ; -0.011     ; 17.339     ;
; 2.650 ; dualport_mem_synch_rw_dualclk:imem|altsyncram:mem_rtl_0|altsyncram_vod2:auto_generated|ram_block1a17~portb_we_reg ; rv32i_cpu:icpu|datapath:i_datapath|rs2_data_E[17]                                                                                                         ; clk          ; clk         ; 20.000       ; -0.011     ; 17.338     ;
; 2.651 ; dualport_mem_synch_rw_dualclk:imem|altsyncram:mem_rtl_0|altsyncram_vod2:auto_generated|ram_block1a17~portb_we_reg ; rv32i_cpu:icpu|datapath:i_datapath|rs2_data_E[30]                                                                                                         ; clk          ; clk         ; 20.000       ; -0.011     ; 17.337     ;
; 2.655 ; dualport_mem_synch_rw_dualclk:imem|altsyncram:mem_rtl_0|altsyncram_vod2:auto_generated|ram_block1a2~portb_we_reg  ; rv32i_cpu:icpu|datapath:i_datapath|rs2_data_E[5]                                                                                                          ; clk          ; clk         ; 20.000       ; -0.023     ; 17.321     ;
; 2.656 ; dualport_mem_synch_rw_dualclk:imem|altsyncram:mem_rtl_0|altsyncram_vod2:auto_generated|ram_block1a27~portb_we_reg ; rv32i_cpu:icpu|datapath:i_datapath|altshift_taps:PCPlus4_E_rtl_0|shift_taps_bkm:auto_generated|altsyncram_r861:altsyncram4|ram_block7a0~porta_datain_reg0 ; clk          ; clk         ; 20.000       ; -0.092     ; 17.282     ;
; 2.656 ; dualport_mem_synch_rw_dualclk:imem|altsyncram:mem_rtl_0|altsyncram_vod2:auto_generated|ram_block1a2~portb_we_reg  ; rv32i_cpu:icpu|datapath:i_datapath|rs2_data_E[14]                                                                                                         ; clk          ; clk         ; 20.000       ; -0.023     ; 17.320     ;
; 2.656 ; dualport_mem_synch_rw_dualclk:imem|altsyncram:mem_rtl_0|altsyncram_vod2:auto_generated|ram_block1a2~portb_we_reg  ; rv32i_cpu:icpu|datapath:i_datapath|rs2_data_E[0]                                                                                                          ; clk          ; clk         ; 20.000       ; -0.023     ; 17.320     ;
; 2.658 ; dualport_mem_synch_rw_dualclk:imem|altsyncram:mem_rtl_0|altsyncram_vod2:auto_generated|ram_block1a2~portb_we_reg  ; rv32i_cpu:icpu|datapath:i_datapath|rs2_data_E[10]                                                                                                         ; clk          ; clk         ; 20.000       ; -0.023     ; 17.318     ;
; 2.659 ; dualport_mem_synch_rw_dualclk:imem|altsyncram:mem_rtl_0|altsyncram_vod2:auto_generated|ram_block1a17~portb_we_reg ; rv32i_cpu:icpu|datapath:i_datapath|rs1_data_E[8]                                                                                                          ; clk          ; clk         ; 20.000       ; -0.021     ; 17.319     ;
; 2.659 ; dualport_mem_synch_rw_dualclk:imem|altsyncram:mem_rtl_0|altsyncram_vod2:auto_generated|ram_block1a2~portb_we_reg  ; rv32i_cpu:icpu|datapath:i_datapath|rs2_data_E[19]                                                                                                         ; clk          ; clk         ; 20.000       ; -0.023     ; 17.317     ;
; 2.659 ; dualport_mem_synch_rw_dualclk:imem|altsyncram:mem_rtl_0|altsyncram_vod2:auto_generated|ram_block1a2~portb_we_reg  ; rv32i_cpu:icpu|datapath:i_datapath|rs2_data_E[7]                                                                                                          ; clk          ; clk         ; 20.000       ; -0.023     ; 17.317     ;
; 2.661 ; dualport_mem_synch_rw_dualclk:imem|altsyncram:mem_rtl_0|altsyncram_vod2:auto_generated|ram_block1a17~portb_we_reg ; rv32i_cpu:icpu|datapath:i_datapath|rs1_data_E[2]                                                                                                          ; clk          ; clk         ; 20.000       ; -0.021     ; 17.317     ;
; 2.682 ; dualport_mem_synch_rw_dualclk:imem|altsyncram:mem_rtl_0|altsyncram_vod2:auto_generated|ram_block1a17~portb_we_reg ; rv32i_cpu:icpu|datapath:i_datapath|rs2_data_E[5]                                                                                                          ; clk          ; clk         ; 20.000       ; -0.019     ; 17.298     ;
; 2.683 ; dualport_mem_synch_rw_dualclk:imem|altsyncram:mem_rtl_0|altsyncram_vod2:auto_generated|ram_block1a17~portb_we_reg ; rv32i_cpu:icpu|datapath:i_datapath|rs2_data_E[14]                                                                                                         ; clk          ; clk         ; 20.000       ; -0.019     ; 17.297     ;
; 2.683 ; dualport_mem_synch_rw_dualclk:imem|altsyncram:mem_rtl_0|altsyncram_vod2:auto_generated|ram_block1a17~portb_we_reg ; rv32i_cpu:icpu|datapath:i_datapath|rs2_data_E[0]                                                                                                          ; clk          ; clk         ; 20.000       ; -0.019     ; 17.297     ;
; 2.685 ; dualport_mem_synch_rw_dualclk:imem|altsyncram:mem_rtl_0|altsyncram_vod2:auto_generated|ram_block1a17~portb_we_reg ; rv32i_cpu:icpu|datapath:i_datapath|rs2_data_E[10]                                                                                                         ; clk          ; clk         ; 20.000       ; -0.019     ; 17.295     ;
; 2.686 ; dualport_mem_synch_rw_dualclk:imem|altsyncram:mem_rtl_0|altsyncram_vod2:auto_generated|ram_block1a17~portb_we_reg ; rv32i_cpu:icpu|datapath:i_datapath|rs2_data_E[19]                                                                                                         ; clk          ; clk         ; 20.000       ; -0.019     ; 17.294     ;
; 2.686 ; dualport_mem_synch_rw_dualclk:imem|altsyncram:mem_rtl_0|altsyncram_vod2:auto_generated|ram_block1a17~portb_we_reg ; rv32i_cpu:icpu|datapath:i_datapath|rs2_data_E[7]                                                                                                          ; clk          ; clk         ; 20.000       ; -0.019     ; 17.294     ;
; 2.702 ; dualport_mem_synch_rw_dualclk:imem|altsyncram:mem_rtl_0|altsyncram_vod2:auto_generated|ram_block1a5~portb_we_reg  ; rv32i_cpu:icpu|datapath:i_datapath|altshift_taps:PCPlus4_E_rtl_0|shift_taps_bkm:auto_generated|altsyncram_r861:altsyncram4|ram_block7a0~porta_datain_reg0 ; clk          ; clk         ; 20.000       ; -0.094     ; 17.234     ;
; 2.707 ; dualport_mem_synch_rw_dualclk:imem|altsyncram:mem_rtl_0|altsyncram_vod2:auto_generated|ram_block1a2~portb_we_reg  ; rv32i_cpu:icpu|datapath:i_datapath|rs1_data_E[10]                                                                                                         ; clk          ; clk         ; 20.000       ; -0.027     ; 17.265     ;
; 2.710 ; dualport_mem_synch_rw_dualclk:imem|altsyncram:mem_rtl_0|altsyncram_vod2:auto_generated|ram_block1a2~portb_we_reg  ; rv32i_cpu:icpu|datapath:i_datapath|rs1_data_E[11]                                                                                                         ; clk          ; clk         ; 20.000       ; -0.027     ; 17.262     ;
; 2.713 ; dualport_mem_synch_rw_dualclk:imem|altsyncram:mem_rtl_0|altsyncram_vod2:auto_generated|ram_block1a8~portb_we_reg  ; rv32i_cpu:icpu|datapath:i_datapath|rs2_data_E[22]                                                                                                         ; clk          ; clk         ; 20.000       ; 0.002      ; 17.288     ;
; 2.713 ; dualport_mem_synch_rw_dualclk:imem|altsyncram:mem_rtl_0|altsyncram_vod2:auto_generated|ram_block1a2~portb_we_reg  ; rv32i_cpu:icpu|datapath:i_datapath|rs2_data_E[2]                                                                                                          ; clk          ; clk         ; 20.000       ; -0.023     ; 17.263     ;
; 2.714 ; dualport_mem_synch_rw_dualclk:imem|altsyncram:mem_rtl_0|altsyncram_vod2:auto_generated|ram_block1a8~portb_we_reg  ; rv32i_cpu:icpu|datapath:i_datapath|rs2_data_E[17]                                                                                                         ; clk          ; clk         ; 20.000       ; 0.002      ; 17.287     ;
; 2.714 ; dualport_mem_synch_rw_dualclk:imem|altsyncram:mem_rtl_0|altsyncram_vod2:auto_generated|ram_block1a2~portb_we_reg  ; rv32i_cpu:icpu|datapath:i_datapath|rs2_data_E[3]                                                                                                          ; clk          ; clk         ; 20.000       ; -0.023     ; 17.262     ;
; 2.715 ; dualport_mem_synch_rw_dualclk:imem|altsyncram:mem_rtl_0|altsyncram_vod2:auto_generated|ram_block1a8~portb_we_reg  ; rv32i_cpu:icpu|datapath:i_datapath|rs2_data_E[30]                                                                                                         ; clk          ; clk         ; 20.000       ; 0.002      ; 17.286     ;
; 2.715 ; dualport_mem_synch_rw_dualclk:imem|altsyncram:mem_rtl_0|altsyncram_vod2:auto_generated|ram_block1a2~portb_we_reg  ; rv32i_cpu:icpu|datapath:i_datapath|rs2_data_E[11]                                                                                                         ; clk          ; clk         ; 20.000       ; -0.023     ; 17.261     ;
; 2.715 ; dualport_mem_synch_rw_dualclk:imem|altsyncram:mem_rtl_0|altsyncram_vod2:auto_generated|ram_block1a2~portb_we_reg  ; rv32i_cpu:icpu|datapath:i_datapath|ImmExt_E[22]                                                                                                           ; clk          ; clk         ; 20.000       ; -0.417     ; 16.867     ;
; 2.716 ; dualport_mem_synch_rw_dualclk:imem|altsyncram:mem_rtl_0|altsyncram_vod2:auto_generated|ram_block1a2~portb_we_reg  ; rv32i_cpu:icpu|datapath:i_datapath|ImmExt_E[25]                                                                                                           ; clk          ; clk         ; 20.000       ; -0.417     ; 16.866     ;
; 2.718 ; dualport_mem_synch_rw_dualclk:imem|altsyncram:mem_rtl_0|altsyncram_vod2:auto_generated|ram_block1a2~portb_we_reg  ; rv32i_cpu:icpu|datapath:i_datapath|PC_D[29]_OTERM5_OTERM1129_OTERM1423                                                                                    ; clk          ; clk         ; 20.000       ; -0.061     ; 17.220     ;
; 2.718 ; dualport_mem_synch_rw_dualclk:imem|altsyncram:mem_rtl_0|altsyncram_vod2:auto_generated|ram_block1a2~portb_we_reg  ; rv32i_cpu:icpu|datapath:i_datapath|PC_D[29]_OTERM5_OTERM1129_OTERM1417                                                                                    ; clk          ; clk         ; 20.000       ; -0.061     ; 17.220     ;
; 2.718 ; dualport_mem_synch_rw_dualclk:imem|altsyncram:mem_rtl_0|altsyncram_vod2:auto_generated|ram_block1a2~portb_we_reg  ; rv32i_cpu:icpu|datapath:i_datapath|PC_D[29]_OTERM5_OTERM1129_OTERM1419                                                                                    ; clk          ; clk         ; 20.000       ; -0.061     ; 17.220     ;
; 2.720 ; dualport_mem_synch_rw_dualclk:imem|altsyncram:mem_rtl_0|altsyncram_vod2:auto_generated|ram_block1a2~portb_we_reg  ; rv32i_cpu:icpu|datapath:i_datapath|ImmExt_E[26]                                                                                                           ; clk          ; clk         ; 20.000       ; -0.417     ; 16.862     ;
; 2.723 ; dualport_mem_synch_rw_dualclk:imem|altsyncram:mem_rtl_0|altsyncram_vod2:auto_generated|ram_block1a8~portb_we_reg  ; rv32i_cpu:icpu|datapath:i_datapath|rs1_data_E[8]                                                                                                          ; clk          ; clk         ; 20.000       ; -0.008     ; 17.268     ;
; 2.725 ; dualport_mem_synch_rw_dualclk:imem|altsyncram:mem_rtl_0|altsyncram_vod2:auto_generated|ram_block1a8~portb_we_reg  ; rv32i_cpu:icpu|datapath:i_datapath|rs1_data_E[2]                                                                                                          ; clk          ; clk         ; 20.000       ; -0.008     ; 17.266     ;
; 2.729 ; dualport_mem_synch_rw_dualclk:imem|altsyncram:mem_rtl_0|altsyncram_vod2:auto_generated|ram_block1a2~portb_we_reg  ; rv32i_cpu:icpu|datapath:i_datapath|ImmExt_E[27]                                                                                                           ; clk          ; clk         ; 20.000       ; -0.417     ; 16.853     ;
; 2.731 ; dualport_mem_synch_rw_dualclk:imem|altsyncram:mem_rtl_0|altsyncram_vod2:auto_generated|ram_block1a2~portb_we_reg  ; rv32i_cpu:icpu|datapath:i_datapath|ImmExt_E[29]                                                                                                           ; clk          ; clk         ; 20.000       ; -0.417     ; 16.851     ;
; 2.734 ; dualport_mem_synch_rw_dualclk:imem|altsyncram:mem_rtl_0|altsyncram_vod2:auto_generated|ram_block1a17~portb_we_reg ; rv32i_cpu:icpu|datapath:i_datapath|rs1_data_E[10]                                                                                                         ; clk          ; clk         ; 20.000       ; -0.023     ; 17.242     ;
; 2.737 ; dualport_mem_synch_rw_dualclk:imem|altsyncram:mem_rtl_0|altsyncram_vod2:auto_generated|ram_block1a17~portb_we_reg ; rv32i_cpu:icpu|datapath:i_datapath|rs1_data_E[11]                                                                                                         ; clk          ; clk         ; 20.000       ; -0.023     ; 17.239     ;
; 2.740 ; dualport_mem_synch_rw_dualclk:imem|altsyncram:mem_rtl_0|altsyncram_vod2:auto_generated|ram_block1a17~portb_we_reg ; rv32i_cpu:icpu|datapath:i_datapath|rs2_data_E[2]                                                                                                          ; clk          ; clk         ; 20.000       ; -0.019     ; 17.240     ;
; 2.741 ; dualport_mem_synch_rw_dualclk:imem|altsyncram:mem_rtl_0|altsyncram_vod2:auto_generated|ram_block1a17~portb_we_reg ; rv32i_cpu:icpu|datapath:i_datapath|rs2_data_E[3]                                                                                                          ; clk          ; clk         ; 20.000       ; -0.019     ; 17.239     ;
; 2.742 ; dualport_mem_synch_rw_dualclk:imem|altsyncram:mem_rtl_0|altsyncram_vod2:auto_generated|ram_block1a17~portb_we_reg ; rv32i_cpu:icpu|datapath:i_datapath|rs2_data_E[11]                                                                                                         ; clk          ; clk         ; 20.000       ; -0.019     ; 17.238     ;
; 2.742 ; dualport_mem_synch_rw_dualclk:imem|altsyncram:mem_rtl_0|altsyncram_vod2:auto_generated|ram_block1a17~portb_we_reg ; rv32i_cpu:icpu|datapath:i_datapath|ImmExt_E[22]                                                                                                           ; clk          ; clk         ; 20.000       ; -0.413     ; 16.844     ;
; 2.742 ; dualport_mem_synch_rw_dualclk:imem|altsyncram:mem_rtl_0|altsyncram_vod2:auto_generated|ram_block1a0~portb_we_reg  ; rv32i_cpu:icpu|datapath:i_datapath|PC_D[29]_OTERM5_OTERM1129_OTERM1421                                                                                    ; clk          ; clk         ; 20.000       ; -0.042     ; 17.215     ;
; 2.743 ; dualport_mem_synch_rw_dualclk:imem|altsyncram:mem_rtl_0|altsyncram_vod2:auto_generated|ram_block1a17~portb_we_reg ; rv32i_cpu:icpu|datapath:i_datapath|ImmExt_E[25]                                                                                                           ; clk          ; clk         ; 20.000       ; -0.413     ; 16.843     ;
; 2.745 ; dualport_mem_synch_rw_dualclk:imem|altsyncram:mem_rtl_0|altsyncram_vod2:auto_generated|ram_block1a17~portb_we_reg ; rv32i_cpu:icpu|datapath:i_datapath|PC_D[29]_OTERM5_OTERM1129_OTERM1423                                                                                    ; clk          ; clk         ; 20.000       ; -0.057     ; 17.197     ;
; 2.745 ; dualport_mem_synch_rw_dualclk:imem|altsyncram:mem_rtl_0|altsyncram_vod2:auto_generated|ram_block1a17~portb_we_reg ; rv32i_cpu:icpu|datapath:i_datapath|PC_D[29]_OTERM5_OTERM1129_OTERM1417                                                                                    ; clk          ; clk         ; 20.000       ; -0.057     ; 17.197     ;
; 2.745 ; dualport_mem_synch_rw_dualclk:imem|altsyncram:mem_rtl_0|altsyncram_vod2:auto_generated|ram_block1a17~portb_we_reg ; rv32i_cpu:icpu|datapath:i_datapath|PC_D[29]_OTERM5_OTERM1129_OTERM1419                                                                                    ; clk          ; clk         ; 20.000       ; -0.057     ; 17.197     ;
; 2.746 ; dualport_mem_synch_rw_dualclk:imem|altsyncram:mem_rtl_0|altsyncram_vod2:auto_generated|ram_block1a8~portb_we_reg  ; rv32i_cpu:icpu|datapath:i_datapath|rs2_data_E[5]                                                                                                          ; clk          ; clk         ; 20.000       ; -0.006     ; 17.247     ;
; 2.747 ; dualport_mem_synch_rw_dualclk:imem|altsyncram:mem_rtl_0|altsyncram_vod2:auto_generated|ram_block1a17~portb_we_reg ; rv32i_cpu:icpu|datapath:i_datapath|ImmExt_E[26]                                                                                                           ; clk          ; clk         ; 20.000       ; -0.413     ; 16.839     ;
; 2.747 ; dualport_mem_synch_rw_dualclk:imem|altsyncram:mem_rtl_0|altsyncram_vod2:auto_generated|ram_block1a8~portb_we_reg  ; rv32i_cpu:icpu|datapath:i_datapath|rs2_data_E[14]                                                                                                         ; clk          ; clk         ; 20.000       ; -0.006     ; 17.246     ;
; 2.747 ; dualport_mem_synch_rw_dualclk:imem|altsyncram:mem_rtl_0|altsyncram_vod2:auto_generated|ram_block1a8~portb_we_reg  ; rv32i_cpu:icpu|datapath:i_datapath|rs2_data_E[0]                                                                                                          ; clk          ; clk         ; 20.000       ; -0.006     ; 17.246     ;
; 2.748 ; dualport_mem_synch_rw_dualclk:imem|altsyncram:mem_rtl_0|altsyncram_vod2:auto_generated|ram_block1a2~portb_we_reg  ; rv32i_cpu:icpu|datapath:i_datapath|rs2_data_E[29]                                                                                                         ; clk          ; clk         ; 20.000       ; -0.010     ; 17.241     ;
; 2.748 ; dualport_mem_synch_rw_dualclk:imem|altsyncram:mem_rtl_0|altsyncram_vod2:auto_generated|ram_block1a2~portb_we_reg  ; rv32i_cpu:icpu|datapath:i_datapath|rs2_data_E[16]                                                                                                         ; clk          ; clk         ; 20.000       ; -0.010     ; 17.241     ;
; 2.749 ; dualport_mem_synch_rw_dualclk:imem|altsyncram:mem_rtl_0|altsyncram_vod2:auto_generated|ram_block1a8~portb_we_reg  ; rv32i_cpu:icpu|datapath:i_datapath|rs2_data_E[10]                                                                                                         ; clk          ; clk         ; 20.000       ; -0.006     ; 17.244     ;
; 2.750 ; dualport_mem_synch_rw_dualclk:imem|altsyncram:mem_rtl_0|altsyncram_vod2:auto_generated|ram_block1a8~portb_we_reg  ; rv32i_cpu:icpu|datapath:i_datapath|rs2_data_E[19]                                                                                                         ; clk          ; clk         ; 20.000       ; -0.006     ; 17.243     ;
; 2.750 ; dualport_mem_synch_rw_dualclk:imem|altsyncram:mem_rtl_0|altsyncram_vod2:auto_generated|ram_block1a8~portb_we_reg  ; rv32i_cpu:icpu|datapath:i_datapath|rs2_data_E[7]                                                                                                          ; clk          ; clk         ; 20.000       ; -0.006     ; 17.243     ;
; 2.750 ; dualport_mem_synch_rw_dualclk:imem|altsyncram:mem_rtl_0|altsyncram_vod2:auto_generated|ram_block1a2~portb_we_reg  ; rv32i_cpu:icpu|datapath:i_datapath|rs2_data_E[15]                                                                                                         ; clk          ; clk         ; 20.000       ; 0.021      ; 17.270     ;
; 2.754 ; dualport_mem_synch_rw_dualclk:imem|altsyncram:mem_rtl_0|altsyncram_vod2:auto_generated|ram_block1a2~portb_we_reg  ; rv32i_cpu:icpu|datapath:i_datapath|rs1_data_E[7]                                                                                                          ; clk          ; clk         ; 20.000       ; 0.009      ; 17.254     ;
; 2.756 ; dualport_mem_synch_rw_dualclk:imem|altsyncram:mem_rtl_0|altsyncram_vod2:auto_generated|ram_block1a17~portb_we_reg ; rv32i_cpu:icpu|datapath:i_datapath|ImmExt_E[27]                                                                                                           ; clk          ; clk         ; 20.000       ; -0.413     ; 16.830     ;
; 2.758 ; dualport_mem_synch_rw_dualclk:imem|altsyncram:mem_rtl_0|altsyncram_vod2:auto_generated|ram_block1a17~portb_we_reg ; rv32i_cpu:icpu|datapath:i_datapath|ImmExt_E[29]                                                                                                           ; clk          ; clk         ; 20.000       ; -0.413     ; 16.828     ;
; 2.759 ; dualport_mem_synch_rw_dualclk:imem|altsyncram:mem_rtl_0|altsyncram_vod2:auto_generated|ram_block1a2~portb_we_reg  ; rv32i_cpu:icpu|datapath:i_datapath|rs2_data_E[9]                                                                                                          ; clk          ; clk         ; 20.000       ; -0.022     ; 17.218     ;
; 2.764 ; dualport_mem_synch_rw_dualclk:imem|altsyncram:mem_rtl_0|altsyncram_vod2:auto_generated|ram_block1a2~portb_we_reg  ; rv32i_cpu:icpu|datapath:i_datapath|rs2_data_E[8]                                                                                                          ; clk          ; clk         ; 20.000       ; -0.025     ; 17.210     ;
; 2.764 ; dualport_mem_synch_rw_dualclk:imem|altsyncram:mem_rtl_0|altsyncram_vod2:auto_generated|ram_block1a2~portb_we_reg  ; rv32i_cpu:icpu|datapath:i_datapath|ImmExt_E[1]                                                                                                            ; clk          ; clk         ; 20.000       ; -0.411     ; 16.824     ;
; 2.765 ; dualport_mem_synch_rw_dualclk:imem|altsyncram:mem_rtl_0|altsyncram_vod2:auto_generated|ram_block1a2~portb_we_reg  ; rv32i_cpu:icpu|datapath:i_datapath|ImmExt_E[4]                                                                                                            ; clk          ; clk         ; 20.000       ; -0.411     ; 16.823     ;
; 2.766 ; dualport_mem_synch_rw_dualclk:imem|altsyncram:mem_rtl_0|altsyncram_vod2:auto_generated|ram_block1a2~portb_we_reg  ; rv32i_cpu:icpu|datapath:i_datapath|ImmExt_E[2]                                                                                                            ; clk          ; clk         ; 20.000       ; -0.411     ; 16.822     ;
; 2.768 ; dualport_mem_synch_rw_dualclk:imem|altsyncram:mem_rtl_0|altsyncram_vod2:auto_generated|ram_block1a2~portb_we_reg  ; rv32i_cpu:icpu|datapath:i_datapath|ImmExt_E[15]                                                                                                           ; clk          ; clk         ; 20.000       ; -0.404     ; 16.827     ;
; 2.769 ; dualport_mem_synch_rw_dualclk:imem|altsyncram:mem_rtl_0|altsyncram_vod2:auto_generated|ram_block1a2~portb_we_reg  ; rv32i_cpu:icpu|datapath:i_datapath|ImmExt_E[12]                                                                                                           ; clk          ; clk         ; 20.000       ; -0.404     ; 16.826     ;
; 2.769 ; dualport_mem_synch_rw_dualclk:imem|altsyncram:mem_rtl_0|altsyncram_vod2:auto_generated|ram_block1a2~portb_we_reg  ; rv32i_cpu:icpu|datapath:i_datapath|ImmExt_E[16]                                                                                                           ; clk          ; clk         ; 20.000       ; -0.404     ; 16.826     ;
; 2.769 ; dualport_mem_synch_rw_dualclk:imem|altsyncram:mem_rtl_0|altsyncram_vod2:auto_generated|ram_block1a2~portb_we_reg  ; rv32i_cpu:icpu|datapath:i_datapath|rs1_data_E[19]                                                                                                         ; clk          ; clk         ; 20.000       ; -0.002     ; 17.228     ;
; 2.770 ; dualport_mem_synch_rw_dualclk:imem|altsyncram:mem_rtl_0|altsyncram_vod2:auto_generated|ram_block1a2~portb_we_reg  ; rv32i_cpu:icpu|datapath:i_datapath|ImmExt_E[19]                                                                                                           ; clk          ; clk         ; 20.000       ; -0.404     ; 16.825     ;
; 2.771 ; dualport_mem_synch_rw_dualclk:imem|altsyncram:mem_rtl_0|altsyncram_vod2:auto_generated|ram_block1a2~portb_we_reg  ; rv32i_cpu:icpu|datapath:i_datapath|ImmExt_E[13]                                                                                                           ; clk          ; clk         ; 20.000       ; -0.404     ; 16.824     ;
; 2.771 ; dualport_mem_synch_rw_dualclk:imem|altsyncram:mem_rtl_0|altsyncram_vod2:auto_generated|ram_block1a2~portb_we_reg  ; rv32i_cpu:icpu|datapath:i_datapath|ImmExt_E[14]                                                                                                           ; clk          ; clk         ; 20.000       ; -0.404     ; 16.824     ;
; 2.772 ; dualport_mem_synch_rw_dualclk:imem|altsyncram:mem_rtl_0|altsyncram_vod2:auto_generated|ram_block1a2~portb_we_reg  ; rv32i_cpu:icpu|datapath:i_datapath|ImmExt_E[3]                                                                                                            ; clk          ; clk         ; 20.000       ; -0.411     ; 16.816     ;
; 2.775 ; dualport_mem_synch_rw_dualclk:imem|altsyncram:mem_rtl_0|altsyncram_vod2:auto_generated|ram_block1a17~portb_we_reg ; rv32i_cpu:icpu|datapath:i_datapath|rs2_data_E[29]                                                                                                         ; clk          ; clk         ; 20.000       ; -0.006     ; 17.218     ;
; 2.775 ; dualport_mem_synch_rw_dualclk:imem|altsyncram:mem_rtl_0|altsyncram_vod2:auto_generated|ram_block1a17~portb_we_reg ; rv32i_cpu:icpu|datapath:i_datapath|rs2_data_E[16]                                                                                                         ; clk          ; clk         ; 20.000       ; -0.006     ; 17.218     ;
; 2.777 ; dualport_mem_synch_rw_dualclk:imem|altsyncram:mem_rtl_0|altsyncram_vod2:auto_generated|ram_block1a17~portb_we_reg ; rv32i_cpu:icpu|datapath:i_datapath|rs2_data_E[15]                                                                                                         ; clk          ; clk         ; 20.000       ; 0.025      ; 17.247     ;
; 2.781 ; dualport_mem_synch_rw_dualclk:imem|altsyncram:mem_rtl_0|altsyncram_vod2:auto_generated|ram_block1a17~portb_we_reg ; rv32i_cpu:icpu|datapath:i_datapath|rs1_data_E[7]                                                                                                          ; clk          ; clk         ; 20.000       ; 0.013      ; 17.231     ;
; 2.785 ; dualport_mem_synch_rw_dualclk:imem|altsyncram:mem_rtl_0|altsyncram_vod2:auto_generated|ram_block1a2~portb_we_reg  ; rv32i_cpu:icpu|datapath:i_datapath|rs2_data_E[6]                                                                                                          ; clk          ; clk         ; 20.000       ; 0.010      ; 17.224     ;
+-------+-------------------------------------------------------------------------------------------------------------------+-----------------------------------------------------------------------------------------------------------------------------------------------------------+--------------+-------------+--------------+------------+------------+


+---------------------------------------------------------------------------------------------------------------------------------------------------------------------------------------------------------------------------------------------------------------------------------------------------------------------------------------------------+
; Slow 1200mV 0C Model Hold: 'clk'                                                                                                                                                                                                                                                                                                                  ;
+-------+----------------------------------------------------------------------------------------------------------------------------------+----------------------------------------------------------------------------------------------------------------------------------+--------------+-------------+--------------+------------+------------+
; Slack ; From Node                                                                                                                        ; To Node                                                                                                                          ; Launch Clock ; Latch Clock ; Relationship ; Clock Skew ; Data Delay ;
+-------+----------------------------------------------------------------------------------------------------------------------------------+----------------------------------------------------------------------------------------------------------------------------------+--------------+-------------+--------------+------------+------------+
; 0.337 ; rv32i_cpu:icpu|datapath:i_datapath|pc_flopr:pcreg|q[1]_OTERM137                                                                  ; rv32i_cpu:icpu|datapath:i_datapath|pc_flopr:pcreg|q[1]_OTERM137                                                                  ; clk          ; clk         ; 0.000        ; 0.089      ; 0.597      ;
; 0.338 ; GPIO:iGPIO|SW_StatusR[4]                                                                                                         ; GPIO:iGPIO|SW_StatusR[4]                                                                                                         ; clk          ; clk         ; 0.000        ; 0.088      ; 0.597      ;
; 0.338 ; GPIO:iGPIO|SW_StatusR[1]                                                                                                         ; GPIO:iGPIO|SW_StatusR[1]                                                                                                         ; clk          ; clk         ; 0.000        ; 0.088      ; 0.597      ;
; 0.338 ; GPIO:iGPIO|SW_StatusR[2]                                                                                                         ; GPIO:iGPIO|SW_StatusR[2]                                                                                                         ; clk          ; clk         ; 0.000        ; 0.088      ; 0.597      ;
; 0.338 ; GPIO:iGPIO|SW_StatusR[7]                                                                                                         ; GPIO:iGPIO|SW_StatusR[7]                                                                                                         ; clk          ; clk         ; 0.000        ; 0.088      ; 0.597      ;
; 0.338 ; GPIO:iGPIO|SW_StatusR[3]                                                                                                         ; GPIO:iGPIO|SW_StatusR[3]                                                                                                         ; clk          ; clk         ; 0.000        ; 0.088      ; 0.597      ;
; 0.338 ; rv32i_cpu:icpu|datapath:i_datapath|PC_D[11]_OTERM53_OTERM1177                                                                    ; rv32i_cpu:icpu|datapath:i_datapath|PC_D[11]_OTERM53_OTERM1177                                                                    ; clk          ; clk         ; 0.000        ; 0.088      ; 0.597      ;
; 0.339 ; rv32i_cpu:icpu|datapath:i_datapath|pc_flopr:pcreg|q[0]_OTERM161                                                                  ; rv32i_cpu:icpu|datapath:i_datapath|pc_flopr:pcreg|q[0]_OTERM161                                                                  ; clk          ; clk         ; 0.000        ; 0.087      ; 0.597      ;
; 0.339 ; rv32i_cpu:icpu|datapath:i_datapath|PC_D[29]_OTERM5_OTERM1133_OTERM1425                                                           ; rv32i_cpu:icpu|datapath:i_datapath|PC_D[29]_OTERM5_OTERM1133_OTERM1425                                                           ; clk          ; clk         ; 0.000        ; 0.087      ; 0.597      ;
; 0.339 ; rv32i_cpu:icpu|datapath:i_datapath|PC_D[29]_OTERM5_OTERM1131_OTERM1431                                                           ; rv32i_cpu:icpu|datapath:i_datapath|PC_D[29]_OTERM5_OTERM1131_OTERM1431                                                           ; clk          ; clk         ; 0.000        ; 0.087      ; 0.597      ;
; 0.339 ; rv32i_cpu:icpu|datapath:i_datapath|PC_D[1]_OTERM41_OTERM1201                                                                     ; rv32i_cpu:icpu|datapath:i_datapath|PC_D[1]_OTERM41_OTERM1201                                                                     ; clk          ; clk         ; 0.000        ; 0.087      ; 0.597      ;
; 0.354 ; GPIO:iGPIO|BUTTON_StatusR[1]                                                                                                     ; GPIO:iGPIO|BUTTON_StatusR[1]                                                                                                     ; clk          ; clk         ; 0.000        ; 0.072      ; 0.597      ;
; 0.354 ; GPIO:iGPIO|SW_StatusR[5]                                                                                                         ; GPIO:iGPIO|SW_StatusR[5]                                                                                                         ; clk          ; clk         ; 0.000        ; 0.072      ; 0.597      ;
; 0.354 ; GPIO:iGPIO|SW_StatusR[6]                                                                                                         ; GPIO:iGPIO|SW_StatusR[6]                                                                                                         ; clk          ; clk         ; 0.000        ; 0.072      ; 0.597      ;
; 0.354 ; GPIO:iGPIO|BUTTON_StatusR[2]                                                                                                     ; GPIO:iGPIO|BUTTON_StatusR[2]                                                                                                     ; clk          ; clk         ; 0.000        ; 0.072      ; 0.597      ;
; 0.354 ; uart_wrap:iuart_wrap|uart:u_uart|uart_transmitter:uatransmit|bit_counter[1]                                                      ; uart_wrap:iuart_wrap|uart:u_uart|uart_transmitter:uatransmit|bit_counter[1]                                                      ; clk          ; clk         ; 0.000        ; 0.072      ; 0.597      ;
; 0.354 ; uart_wrap:iuart_wrap|uart:u_uart|uart_transmitter:uatransmit|bit_counter[3]                                                      ; uart_wrap:iuart_wrap|uart:u_uart|uart_transmitter:uatransmit|bit_counter[3]                                                      ; clk          ; clk         ; 0.000        ; 0.072      ; 0.597      ;
; 0.354 ; uart_wrap:iuart_wrap|uart:u_uart|uart_receiver:uareceive|has_byte                                                                ; uart_wrap:iuart_wrap|uart:u_uart|uart_receiver:uareceive|has_byte                                                                ; clk          ; clk         ; 0.000        ; 0.072      ; 0.597      ;
; 0.354 ; uart_wrap:iuart_wrap|uart:u_uart|uart_receiver:uareceive|bit_counter[0]                                                          ; uart_wrap:iuart_wrap|uart:u_uart|uart_receiver:uareceive|bit_counter[0]                                                          ; clk          ; clk         ; 0.000        ; 0.072      ; 0.597      ;
; 0.355 ; GPIO:iGPIO|SW_StatusR[9]                                                                                                         ; GPIO:iGPIO|SW_StatusR[9]                                                                                                         ; clk          ; clk         ; 0.000        ; 0.071      ; 0.597      ;
; 0.355 ; GPIO:iGPIO|SW_StatusR[8]                                                                                                         ; GPIO:iGPIO|SW_StatusR[8]                                                                                                         ; clk          ; clk         ; 0.000        ; 0.071      ; 0.597      ;
; 0.355 ; GPIO:iGPIO|SW_StatusR[0]                                                                                                         ; GPIO:iGPIO|SW_StatusR[0]                                                                                                         ; clk          ; clk         ; 0.000        ; 0.071      ; 0.597      ;
; 0.355 ; TimerCounter:iTimer|StatusR[0]                                                                                                   ; TimerCounter:iTimer|StatusR[0]                                                                                                   ; clk          ; clk         ; 0.000        ; 0.071      ; 0.597      ;
; 0.355 ; uart_wrap:iuart_wrap|uart:u_uart|uart_transmitter:uatransmit|bit_counter[0]                                                      ; uart_wrap:iuart_wrap|uart:u_uart|uart_transmitter:uatransmit|bit_counter[0]                                                      ; clk          ; clk         ; 0.000        ; 0.071      ; 0.597      ;
; 0.355 ; rv32i_cpu:icpu|datapath:i_datapath|PCPlus4_D[31]_OTERM131_OTERM1269                                                              ; rv32i_cpu:icpu|datapath:i_datapath|PCPlus4_D[31]_OTERM131_OTERM1269                                                              ; clk          ; clk         ; 0.000        ; 0.071      ; 0.597      ;
; 0.355 ; rv32i_cpu:icpu|datapath:i_datapath|PCPlus4_D[28]_OTERM125_OTERM1281                                                              ; rv32i_cpu:icpu|datapath:i_datapath|PCPlus4_D[28]_OTERM125_OTERM1281                                                              ; clk          ; clk         ; 0.000        ; 0.071      ; 0.597      ;
; 0.355 ; rv32i_cpu:icpu|datapath:i_datapath|PCPlus4_D[27]_OTERM123_OTERM1285                                                              ; rv32i_cpu:icpu|datapath:i_datapath|PCPlus4_D[27]_OTERM123_OTERM1285                                                              ; clk          ; clk         ; 0.000        ; 0.071      ; 0.597      ;
; 0.355 ; rv32i_cpu:icpu|datapath:i_datapath|PCPlus4_D[25]_OTERM119_OTERM1293                                                              ; rv32i_cpu:icpu|datapath:i_datapath|PCPlus4_D[25]_OTERM119_OTERM1293                                                              ; clk          ; clk         ; 0.000        ; 0.071      ; 0.597      ;
; 0.355 ; rv32i_cpu:icpu|datapath:i_datapath|PCPlus4_D[24]_OTERM117_OTERM1297                                                              ; rv32i_cpu:icpu|datapath:i_datapath|PCPlus4_D[24]_OTERM117_OTERM1297                                                              ; clk          ; clk         ; 0.000        ; 0.071      ; 0.597      ;
; 0.355 ; rv32i_cpu:icpu|datapath:i_datapath|PCPlus4_D[23]_OTERM115_OTERM1301                                                              ; rv32i_cpu:icpu|datapath:i_datapath|PCPlus4_D[23]_OTERM115_OTERM1301                                                              ; clk          ; clk         ; 0.000        ; 0.071      ; 0.597      ;
; 0.355 ; rv32i_cpu:icpu|datapath:i_datapath|PCPlus4_D[18]_OTERM105_OTERM1321                                                              ; rv32i_cpu:icpu|datapath:i_datapath|PCPlus4_D[18]_OTERM105_OTERM1321                                                              ; clk          ; clk         ; 0.000        ; 0.071      ; 0.597      ;
; 0.355 ; rv32i_cpu:icpu|datapath:i_datapath|PCPlus4_D[16]_OTERM101_OTERM1329                                                              ; rv32i_cpu:icpu|datapath:i_datapath|PCPlus4_D[16]_OTERM101_OTERM1329                                                              ; clk          ; clk         ; 0.000        ; 0.071      ; 0.597      ;
; 0.355 ; rv32i_cpu:icpu|datapath:i_datapath|PCPlus4_D[12]_OTERM95_OTERM1341                                                               ; rv32i_cpu:icpu|datapath:i_datapath|PCPlus4_D[12]_OTERM95_OTERM1341                                                               ; clk          ; clk         ; 0.000        ; 0.071      ; 0.597      ;
; 0.355 ; rv32i_cpu:icpu|datapath:i_datapath|PCPlus4_D[9]_OTERM87_OTERM1357                                                                ; rv32i_cpu:icpu|datapath:i_datapath|PCPlus4_D[9]_OTERM87_OTERM1357                                                                ; clk          ; clk         ; 0.000        ; 0.071      ; 0.597      ;
; 0.355 ; rv32i_cpu:icpu|datapath:i_datapath|PCPlus4_D[2]_OTERM83_OTERM1363                                                                ; rv32i_cpu:icpu|datapath:i_datapath|PCPlus4_D[2]_OTERM83_OTERM1363                                                                ; clk          ; clk         ; 0.000        ; 0.071      ; 0.597      ;
; 0.355 ; rv32i_cpu:icpu|datapath:i_datapath|PC_D[2]_OTERM45_OTERM1193                                                                     ; rv32i_cpu:icpu|datapath:i_datapath|PC_D[2]_OTERM45_OTERM1193                                                                     ; clk          ; clk         ; 0.000        ; 0.071      ; 0.597      ;
; 0.356 ; rv32i_cpu:icpu|datapath:i_datapath|PCPlus4_D[3]_OTERM81_OTERM1367                                                                ; rv32i_cpu:icpu|datapath:i_datapath|PCPlus4_D[3]_OTERM81_OTERM1367                                                                ; clk          ; clk         ; 0.000        ; 0.070      ; 0.597      ;
; 0.356 ; rv32i_cpu:icpu|datapath:i_datapath|PCPlus4_D[29]_OTERM127_OTERM1277                                                              ; rv32i_cpu:icpu|datapath:i_datapath|PCPlus4_D[29]_OTERM127_OTERM1277                                                              ; clk          ; clk         ; 0.000        ; 0.070      ; 0.597      ;
; 0.356 ; rv32i_cpu:icpu|datapath:i_datapath|PCPlus4_D[26]_OTERM121_OTERM1289                                                              ; rv32i_cpu:icpu|datapath:i_datapath|PCPlus4_D[26]_OTERM121_OTERM1289                                                              ; clk          ; clk         ; 0.000        ; 0.070      ; 0.597      ;
; 0.356 ; rv32i_cpu:icpu|datapath:i_datapath|PCPlus4_D[21]_OTERM111_OTERM1309                                                              ; rv32i_cpu:icpu|datapath:i_datapath|PCPlus4_D[21]_OTERM111_OTERM1309                                                              ; clk          ; clk         ; 0.000        ; 0.070      ; 0.597      ;
; 0.356 ; rv32i_cpu:icpu|datapath:i_datapath|PCPlus4_D[20]_OTERM109_OTERM1313                                                              ; rv32i_cpu:icpu|datapath:i_datapath|PCPlus4_D[20]_OTERM109_OTERM1313                                                              ; clk          ; clk         ; 0.000        ; 0.070      ; 0.597      ;
; 0.356 ; rv32i_cpu:icpu|datapath:i_datapath|PCPlus4_D[19]_OTERM107_OTERM1317                                                              ; rv32i_cpu:icpu|datapath:i_datapath|PCPlus4_D[19]_OTERM107_OTERM1317                                                              ; clk          ; clk         ; 0.000        ; 0.070      ; 0.597      ;
; 0.356 ; rv32i_cpu:icpu|datapath:i_datapath|PCPlus4_D[17]_OTERM103_OTERM1325                                                              ; rv32i_cpu:icpu|datapath:i_datapath|PCPlus4_D[17]_OTERM103_OTERM1325                                                              ; clk          ; clk         ; 0.000        ; 0.070      ; 0.597      ;
; 0.356 ; rv32i_cpu:icpu|datapath:i_datapath|PCPlus4_D[14]_OTERM97_OTERM1337                                                               ; rv32i_cpu:icpu|datapath:i_datapath|PCPlus4_D[14]_OTERM97_OTERM1337                                                               ; clk          ; clk         ; 0.000        ; 0.070      ; 0.597      ;
; 0.356 ; rv32i_cpu:icpu|datapath:i_datapath|PCPlus4_D[13]_OTERM93_OTERM1345                                                               ; rv32i_cpu:icpu|datapath:i_datapath|PCPlus4_D[13]_OTERM93_OTERM1345                                                               ; clk          ; clk         ; 0.000        ; 0.070      ; 0.597      ;
; 0.356 ; rv32i_cpu:icpu|datapath:i_datapath|PCPlus4_D[11]_OTERM91_OTERM1349                                                               ; rv32i_cpu:icpu|datapath:i_datapath|PCPlus4_D[11]_OTERM91_OTERM1349                                                               ; clk          ; clk         ; 0.000        ; 0.070      ; 0.597      ;
; 0.356 ; rv32i_cpu:icpu|datapath:i_datapath|PCPlus4_D[10]_OTERM89_OTERM1353                                                               ; rv32i_cpu:icpu|datapath:i_datapath|PCPlus4_D[10]_OTERM89_OTERM1353                                                               ; clk          ; clk         ; 0.000        ; 0.070      ; 0.597      ;
; 0.356 ; rv32i_cpu:icpu|datapath:i_datapath|PCPlus4_D[8]_OTERM85_OTERM1361                                                                ; rv32i_cpu:icpu|datapath:i_datapath|PCPlus4_D[8]_OTERM85_OTERM1361                                                                ; clk          ; clk         ; 0.000        ; 0.070      ; 0.597      ;
; 0.356 ; rv32i_cpu:icpu|datapath:i_datapath|PCPlus4_D[7]_OTERM77_OTERM1375                                                                ; rv32i_cpu:icpu|datapath:i_datapath|PCPlus4_D[7]_OTERM77_OTERM1375                                                                ; clk          ; clk         ; 0.000        ; 0.070      ; 0.597      ;
; 0.356 ; rv32i_cpu:icpu|datapath:i_datapath|PCPlus4_D[4]_OTERM79_OTERM1371                                                                ; rv32i_cpu:icpu|datapath:i_datapath|PCPlus4_D[4]_OTERM79_OTERM1371                                                                ; clk          ; clk         ; 0.000        ; 0.070      ; 0.597      ;
; 0.356 ; rv32i_cpu:icpu|datapath:i_datapath|PC_D[29]_OTERM5_OTERM1127_OTERM1435                                                           ; rv32i_cpu:icpu|datapath:i_datapath|PC_D[29]_OTERM5_OTERM1127_OTERM1435                                                           ; clk          ; clk         ; 0.000        ; 0.070      ; 0.597      ;
; 0.356 ; rv32i_cpu:icpu|datapath:i_datapath|PC_D[0]_OTERM65_OTERM1155                                                                     ; rv32i_cpu:icpu|datapath:i_datapath|PC_D[0]_OTERM65_OTERM1155                                                                     ; clk          ; clk         ; 0.000        ; 0.070      ; 0.597      ;
; 0.356 ; rv32i_cpu:icpu|datapath:i_datapath|PC_D[17]_OTERM17_OTERM1247                                                                    ; rv32i_cpu:icpu|datapath:i_datapath|PC_D[17]_OTERM17_OTERM1247                                                                    ; clk          ; clk         ; 0.000        ; 0.070      ; 0.597      ;
; 0.356 ; rv32i_cpu:icpu|datapath:i_datapath|PC_D[31]_OTERM9_OTERM1253                                                                     ; rv32i_cpu:icpu|datapath:i_datapath|PC_D[31]_OTERM9_OTERM1253                                                                     ; clk          ; clk         ; 0.000        ; 0.070      ; 0.597      ;
; 0.356 ; rv32i_cpu:icpu|datapath:i_datapath|PC_D[29]_OTERM3_OTERM1261                                                                     ; rv32i_cpu:icpu|datapath:i_datapath|PC_D[29]_OTERM3_OTERM1261                                                                     ; clk          ; clk         ; 0.000        ; 0.070      ; 0.597      ;
; 0.356 ; rv32i_cpu:icpu|datapath:i_datapath|PC_D[28]_OTERM11_OTERM1139                                                                    ; rv32i_cpu:icpu|datapath:i_datapath|PC_D[28]_OTERM11_OTERM1139                                                                    ; clk          ; clk         ; 0.000        ; 0.070      ; 0.597      ;
; 0.356 ; rv32i_cpu:icpu|datapath:i_datapath|PC_D[28]_OTERM13_OTERM1251                                                                    ; rv32i_cpu:icpu|datapath:i_datapath|PC_D[28]_OTERM13_OTERM1251                                                                    ; clk          ; clk         ; 0.000        ; 0.070      ; 0.597      ;
; 0.356 ; rv32i_cpu:icpu|datapath:i_datapath|PC_D[25]_OTERM25_OTERM1231                                                                    ; rv32i_cpu:icpu|datapath:i_datapath|PC_D[25]_OTERM25_OTERM1231                                                                    ; clk          ; clk         ; 0.000        ; 0.070      ; 0.597      ;
; 0.356 ; rv32i_cpu:icpu|datapath:i_datapath|PC_D[22]_OTERM33_OTERM1215                                                                    ; rv32i_cpu:icpu|datapath:i_datapath|PC_D[22]_OTERM33_OTERM1215                                                                    ; clk          ; clk         ; 0.000        ; 0.070      ; 0.597      ;
; 0.356 ; rv32i_cpu:icpu|datapath:i_datapath|PC_D[21]_OTERM19_OTERM1243                                                                    ; rv32i_cpu:icpu|datapath:i_datapath|PC_D[21]_OTERM19_OTERM1243                                                                    ; clk          ; clk         ; 0.000        ; 0.070      ; 0.597      ;
; 0.356 ; rv32i_cpu:icpu|datapath:i_datapath|PC_D[19]_OTERM31_OTERM1219                                                                    ; rv32i_cpu:icpu|datapath:i_datapath|PC_D[19]_OTERM31_OTERM1219                                                                    ; clk          ; clk         ; 0.000        ; 0.070      ; 0.597      ;
; 0.356 ; rv32i_cpu:icpu|datapath:i_datapath|PC_D[5]_OTERM67_OTERM1149                                                                     ; rv32i_cpu:icpu|datapath:i_datapath|PC_D[5]_OTERM67_OTERM1149                                                                     ; clk          ; clk         ; 0.000        ; 0.070      ; 0.597      ;
; 0.356 ; rv32i_cpu:icpu|datapath:i_datapath|PC_D[4]_OTERM39_OTERM1203                                                                     ; rv32i_cpu:icpu|datapath:i_datapath|PC_D[4]_OTERM39_OTERM1203                                                                     ; clk          ; clk         ; 0.000        ; 0.070      ; 0.597      ;
; 0.357 ; rv32i_cpu:icpu|datapath:i_datapath|PCPlus4_D[22]_OTERM113_OTERM1305                                                              ; rv32i_cpu:icpu|datapath:i_datapath|PCPlus4_D[22]_OTERM113_OTERM1305                                                              ; clk          ; clk         ; 0.000        ; 0.069      ; 0.597      ;
; 0.357 ; rv32i_cpu:icpu|datapath:i_datapath|PCPlus4_D[15]_OTERM99_OTERM1333                                                               ; rv32i_cpu:icpu|datapath:i_datapath|PCPlus4_D[15]_OTERM99_OTERM1333                                                               ; clk          ; clk         ; 0.000        ; 0.069      ; 0.597      ;
; 0.357 ; rv32i_cpu:icpu|datapath:i_datapath|PCPlus4_D[6]_OTERM75_OTERM1379                                                                ; rv32i_cpu:icpu|datapath:i_datapath|PCPlus4_D[6]_OTERM75_OTERM1379                                                                ; clk          ; clk         ; 0.000        ; 0.069      ; 0.597      ;
; 0.357 ; rv32i_cpu:icpu|datapath:i_datapath|PCPlus4_D[5]_OTERM73_OTERM1383                                                                ; rv32i_cpu:icpu|datapath:i_datapath|PCPlus4_D[5]_OTERM73_OTERM1383                                                                ; clk          ; clk         ; 0.000        ; 0.069      ; 0.597      ;
; 0.357 ; rv32i_cpu:icpu|datapath:i_datapath|PC_D[16]_OTERM29_OTERM1223                                                                    ; rv32i_cpu:icpu|datapath:i_datapath|PC_D[16]_OTERM29_OTERM1223                                                                    ; clk          ; clk         ; 0.000        ; 0.069      ; 0.597      ;
; 0.357 ; rv32i_cpu:icpu|datapath:i_datapath|PC_D[23]_OTERM63_OTERM1157                                                                    ; rv32i_cpu:icpu|datapath:i_datapath|PC_D[23]_OTERM63_OTERM1157                                                                    ; clk          ; clk         ; 0.000        ; 0.069      ; 0.597      ;
; 0.357 ; rv32i_cpu:icpu|datapath:i_datapath|PC_D[30]_OTERM7_OTERM1257                                                                     ; rv32i_cpu:icpu|datapath:i_datapath|PC_D[30]_OTERM7_OTERM1257                                                                     ; clk          ; clk         ; 0.000        ; 0.069      ; 0.597      ;
; 0.357 ; rv32i_cpu:icpu|datapath:i_datapath|PC_D[15]_OTERM61_OTERM1161                                                                    ; rv32i_cpu:icpu|datapath:i_datapath|PC_D[15]_OTERM61_OTERM1161                                                                    ; clk          ; clk         ; 0.000        ; 0.069      ; 0.597      ;
; 0.357 ; rv32i_cpu:icpu|datapath:i_datapath|PC_D[12]_OTERM57_OTERM1169                                                                    ; rv32i_cpu:icpu|datapath:i_datapath|PC_D[12]_OTERM57_OTERM1169                                                                    ; clk          ; clk         ; 0.000        ; 0.069      ; 0.597      ;
; 0.357 ; rv32i_cpu:icpu|datapath:i_datapath|PC_D[27]_OTERM37_OTERM1207                                                                    ; rv32i_cpu:icpu|datapath:i_datapath|PC_D[27]_OTERM37_OTERM1207                                                                    ; clk          ; clk         ; 0.000        ; 0.069      ; 0.597      ;
; 0.357 ; rv32i_cpu:icpu|datapath:i_datapath|PC_D[14]_OTERM59_OTERM1165                                                                    ; rv32i_cpu:icpu|datapath:i_datapath|PC_D[14]_OTERM59_OTERM1165                                                                    ; clk          ; clk         ; 0.000        ; 0.069      ; 0.597      ;
; 0.357 ; rv32i_cpu:icpu|datapath:i_datapath|PC_D[6]_OTERM69_OTERM1145                                                                     ; rv32i_cpu:icpu|datapath:i_datapath|PC_D[6]_OTERM69_OTERM1145                                                                     ; clk          ; clk         ; 0.000        ; 0.069      ; 0.597      ;
; 0.357 ; rv32i_cpu:icpu|datapath:i_datapath|PC_D[26]_OTERM27_OTERM1227                                                                    ; rv32i_cpu:icpu|datapath:i_datapath|PC_D[26]_OTERM27_OTERM1227                                                                    ; clk          ; clk         ; 0.000        ; 0.069      ; 0.597      ;
; 0.357 ; rv32i_cpu:icpu|datapath:i_datapath|PC_D[24]_OTERM35_OTERM1211                                                                    ; rv32i_cpu:icpu|datapath:i_datapath|PC_D[24]_OTERM35_OTERM1211                                                                    ; clk          ; clk         ; 0.000        ; 0.069      ; 0.597      ;
; 0.357 ; rv32i_cpu:icpu|datapath:i_datapath|PC_D[20]_OTERM23_OTERM1235                                                                    ; rv32i_cpu:icpu|datapath:i_datapath|PC_D[20]_OTERM23_OTERM1235                                                                    ; clk          ; clk         ; 0.000        ; 0.069      ; 0.597      ;
; 0.357 ; rv32i_cpu:icpu|datapath:i_datapath|PC_D[8]_OTERM47_OTERM1189                                                                     ; rv32i_cpu:icpu|datapath:i_datapath|PC_D[8]_OTERM47_OTERM1189                                                                     ; clk          ; clk         ; 0.000        ; 0.069      ; 0.597      ;
; 0.357 ; rv32i_cpu:icpu|datapath:i_datapath|PC_D[7]_OTERM71_OTERM1141                                                                     ; rv32i_cpu:icpu|datapath:i_datapath|PC_D[7]_OTERM71_OTERM1141                                                                     ; clk          ; clk         ; 0.000        ; 0.069      ; 0.597      ;
; 0.357 ; rv32i_cpu:icpu|datapath:i_datapath|PC_D[10]_OTERM51_OTERM1181                                                                    ; rv32i_cpu:icpu|datapath:i_datapath|PC_D[10]_OTERM51_OTERM1181                                                                    ; clk          ; clk         ; 0.000        ; 0.069      ; 0.597      ;
; 0.357 ; rv32i_cpu:icpu|datapath:i_datapath|PC_D[9]_OTERM49_OTERM1185                                                                     ; rv32i_cpu:icpu|datapath:i_datapath|PC_D[9]_OTERM49_OTERM1185                                                                     ; clk          ; clk         ; 0.000        ; 0.069      ; 0.597      ;
; 0.357 ; rv32i_cpu:icpu|datapath:i_datapath|PC_D[13]_OTERM55_OTERM1173                                                                    ; rv32i_cpu:icpu|datapath:i_datapath|PC_D[13]_OTERM55_OTERM1173                                                                    ; clk          ; clk         ; 0.000        ; 0.069      ; 0.597      ;
; 0.357 ; rv32i_cpu:icpu|datapath:i_datapath|PC_D[18]_OTERM21_OTERM1239                                                                    ; rv32i_cpu:icpu|datapath:i_datapath|PC_D[18]_OTERM21_OTERM1239                                                                    ; clk          ; clk         ; 0.000        ; 0.069      ; 0.597      ;
; 0.357 ; rv32i_cpu:icpu|datapath:i_datapath|PC_D[29]_OTERM1_OTERM1265                                                                     ; rv32i_cpu:icpu|datapath:i_datapath|PC_D[29]_OTERM1_OTERM1265                                                                     ; clk          ; clk         ; 0.000        ; 0.069      ; 0.597      ;
; 0.367 ; rv32i_cpu:icpu|datapath:i_datapath|altshift_taps:PCPlus4_E_rtl_0|shift_taps_bkm:auto_generated|cntr_6pf:cntr1|counter_reg_bit[1] ; rv32i_cpu:icpu|datapath:i_datapath|altshift_taps:PCPlus4_E_rtl_0|shift_taps_bkm:auto_generated|cntr_6pf:cntr1|counter_reg_bit[1] ; clk          ; clk         ; 0.000        ; 0.070      ; 0.608      ;
; 0.367 ; rv32i_cpu:icpu|datapath:i_datapath|altshift_taps:PCPlus4_E_rtl_0|shift_taps_bkm:auto_generated|cntr_6pf:cntr1|counter_reg_bit[0] ; rv32i_cpu:icpu|datapath:i_datapath|altshift_taps:PCPlus4_E_rtl_0|shift_taps_bkm:auto_generated|cntr_6pf:cntr1|counter_reg_bit[0] ; clk          ; clk         ; 0.000        ; 0.070      ; 0.608      ;
; 0.379 ; rv32i_cpu:icpu|datapath:i_datapath|PC_D[29]_OTERM5_OTERM1131_OTERM1429                                                           ; rv32i_cpu:icpu|datapath:i_datapath|PC_D[29]_OTERM5_OTERM1131_OTERM1431                                                           ; clk          ; clk         ; 0.000        ; 0.087      ; 0.637      ;
; 0.380 ; GPIO:iGPIO|pulse_gen:sw6|c_state.S0                                                                                              ; GPIO:iGPIO|pulse_gen:sw6|c_state.S1                                                                                              ; clk          ; clk         ; 0.000        ; 0.072      ; 0.623      ;
; 0.380 ; GPIO:iGPIO|pulse_gen:button1|c_state.S0                                                                                          ; GPIO:iGPIO|pulse_gen:button1|c_state.S1                                                                                          ; clk          ; clk         ; 0.000        ; 0.072      ; 0.623      ;
; 0.381 ; GPIO:iGPIO|pulse_gen:button2|c_state.S0                                                                                          ; GPIO:iGPIO|pulse_gen:button2|c_state.S1                                                                                          ; clk          ; clk         ; 0.000        ; 0.072      ; 0.624      ;
; 0.381 ; GPIO:iGPIO|pulse_gen:sw4|c_state.S0                                                                                              ; GPIO:iGPIO|pulse_gen:sw4|c_state.S1                                                                                              ; clk          ; clk         ; 0.000        ; 0.071      ; 0.623      ;
; 0.381 ; rv32i_cpu:icpu|datapath:i_datapath|PC_D[11]_OTERM53_OTERM1179                                                                    ; rv32i_cpu:icpu|datapath:i_datapath|PC_D[11]_OTERM53_OTERM1177                                                                    ; clk          ; clk         ; 0.000        ; 0.088      ; 0.640      ;
; 0.382 ; GPIO:iGPIO|pulse_gen:sw5|c_state.S0                                                                                              ; GPIO:iGPIO|pulse_gen:sw5|c_state.S1                                                                                              ; clk          ; clk         ; 0.000        ; 0.073      ; 0.626      ;
; 0.382 ; GPIO:iGPIO|pulse_gen:sw0|c_state.S0                                                                                              ; GPIO:iGPIO|pulse_gen:sw0|c_state.S1                                                                                              ; clk          ; clk         ; 0.000        ; 0.072      ; 0.625      ;
; 0.395 ; GPIO:iGPIO|pulse_gen:sw6|c_state.S2                                                                                              ; GPIO:iGPIO|pulse_gen:sw6|c_state.S3                                                                                              ; clk          ; clk         ; 0.000        ; 0.072      ; 0.638      ;
; 0.395 ; GPIO:iGPIO|pulse_gen:sw5|c_state.S7                                                                                              ; GPIO:iGPIO|pulse_gen:sw5|c_state.S8                                                                                              ; clk          ; clk         ; 0.000        ; 0.073      ; 0.639      ;
; 0.395 ; GPIO:iGPIO|pulse_gen:sw5|c_state.S6                                                                                              ; GPIO:iGPIO|pulse_gen:sw5|c_state.S7                                                                                              ; clk          ; clk         ; 0.000        ; 0.073      ; 0.639      ;
; 0.395 ; GPIO:iGPIO|pulse_gen:sw5|c_state.S4                                                                                              ; GPIO:iGPIO|pulse_gen:sw5|c_state.S5                                                                                              ; clk          ; clk         ; 0.000        ; 0.073      ; 0.639      ;
; 0.395 ; GPIO:iGPIO|pulse_gen:sw0|c_state.S2                                                                                              ; GPIO:iGPIO|pulse_gen:sw0|c_state.S3                                                                                              ; clk          ; clk         ; 0.000        ; 0.072      ; 0.638      ;
+-------+----------------------------------------------------------------------------------------------------------------------------------+----------------------------------------------------------------------------------------------------------------------------------+--------------+-------------+--------------+------------+------------+


+-----------------------------------------------------------------------------------------------------------------------------------------------------------------------+
; Slow 1200mV 0C Model Recovery: 'clk'                                                                                                                                  ;
+--------+-----------+----------------------------------------------------------------------------+--------------+-------------+--------------+------------+------------+
; Slack  ; From Node ; To Node                                                                    ; Launch Clock ; Latch Clock ; Relationship ; Clock Skew ; Data Delay ;
+--------+-----------+----------------------------------------------------------------------------+--------------+-------------+--------------+------------+------------+
; 16.595 ; reset_ff  ; rv32i_cpu:icpu|datapath:i_datapath|ALUControl_E[3]_OTERM145                ; clk          ; clk         ; 20.000       ; -0.124     ; 3.280      ;
; 16.595 ; reset_ff  ; rv32i_cpu:icpu|datapath:i_datapath|ALUControl_E[2]_OTERM163                ; clk          ; clk         ; 20.000       ; -0.124     ; 3.280      ;
; 16.595 ; reset_ff  ; rv32i_cpu:icpu|datapath:i_datapath|ALUControl_E[1]_OTERM167                ; clk          ; clk         ; 20.000       ; -0.124     ; 3.280      ;
; 16.595 ; reset_ff  ; rv32i_cpu:icpu|datapath:i_datapath|ALUControl_E[1]_OTERM171                ; clk          ; clk         ; 20.000       ; -0.124     ; 3.280      ;
; 16.595 ; reset_ff  ; rv32i_cpu:icpu|datapath:i_datapath|ALUControl_E[1]_OTERM165                ; clk          ; clk         ; 20.000       ; -0.124     ; 3.280      ;
; 16.595 ; reset_ff  ; rv32i_cpu:icpu|datapath:i_datapath|ALUControl_E[0]_OTERM193                ; clk          ; clk         ; 20.000       ; -0.124     ; 3.280      ;
; 16.596 ; reset_ff  ; rv32i_cpu:icpu|datapath:i_datapath|Instr_E[9]_OTERM179                     ; clk          ; clk         ; 20.000       ; -0.110     ; 3.293      ;
; 16.596 ; reset_ff  ; rv32i_cpu:icpu|datapath:i_datapath|Instr_E[11]_OTERM181                    ; clk          ; clk         ; 20.000       ; -0.110     ; 3.293      ;
; 16.596 ; reset_ff  ; rv32i_cpu:icpu|datapath:i_datapath|Instr_E[11]_OTERM183                    ; clk          ; clk         ; 20.000       ; -0.110     ; 3.293      ;
; 16.596 ; reset_ff  ; rv32i_cpu:icpu|datapath:i_datapath|ImmExt_E[31]_OTERM717                   ; clk          ; clk         ; 20.000       ; -0.110     ; 3.293      ;
; 16.596 ; reset_ff  ; rv32i_cpu:icpu|datapath:i_datapath|WriteData_M[4]                          ; clk          ; clk         ; 20.000       ; -0.110     ; 3.293      ;
; 16.596 ; reset_ff  ; rv32i_cpu:icpu|datapath:i_datapath|Instr_E[8]_OTERM187                     ; clk          ; clk         ; 20.000       ; -0.110     ; 3.293      ;
; 16.596 ; reset_ff  ; rv32i_cpu:icpu|datapath:i_datapath|Instr_E[8]_OTERM185                     ; clk          ; clk         ; 20.000       ; -0.110     ; 3.293      ;
; 16.596 ; reset_ff  ; rv32i_cpu:icpu|datapath:i_datapath|ALUResult_W[3]                          ; clk          ; clk         ; 20.000       ; -0.109     ; 3.294      ;
; 16.597 ; reset_ff  ; rv32i_cpu:icpu|datapath:i_datapath|ALUControl_E[3]_OTERM141                ; clk          ; clk         ; 20.000       ; -0.125     ; 3.277      ;
; 16.597 ; reset_ff  ; rv32i_cpu:icpu|datapath:i_datapath|ResultSrc_E[0]_OTERM711                 ; clk          ; clk         ; 20.000       ; -0.125     ; 3.277      ;
; 16.597 ; reset_ff  ; rv32i_cpu:icpu|datapath:i_datapath|Instr_E[9]_OTERM177                     ; clk          ; clk         ; 20.000       ; -0.111     ; 3.291      ;
; 16.597 ; reset_ff  ; rv32i_cpu:icpu|datapath:i_datapath|Instr_E[9]_OTERM173                     ; clk          ; clk         ; 20.000       ; -0.111     ; 3.291      ;
; 16.597 ; reset_ff  ; rv32i_cpu:icpu|datapath:i_datapath|RegWrite_E_OTERM687                     ; clk          ; clk         ; 20.000       ; -0.127     ; 3.275      ;
; 16.597 ; reset_ff  ; rv32i_cpu:icpu|datapath:i_datapath|ImmExt_E[5]_OTERM255                    ; clk          ; clk         ; 20.000       ; -0.113     ; 3.289      ;
; 16.597 ; reset_ff  ; rv32i_cpu:icpu|datapath:i_datapath|ImmExt_E[5]_OTERM257                    ; clk          ; clk         ; 20.000       ; -0.113     ; 3.289      ;
; 16.597 ; reset_ff  ; rv32i_cpu:icpu|datapath:i_datapath|MemWrite_E_OTERM689                     ; clk          ; clk         ; 20.000       ; -0.127     ; 3.275      ;
; 16.597 ; reset_ff  ; rv32i_cpu:icpu|datapath:i_datapath|MemWrite_M                              ; clk          ; clk         ; 20.000       ; -0.129     ; 3.273      ;
; 16.597 ; reset_ff  ; rv32i_cpu:icpu|datapath:i_datapath|ImmExt_E[9]_OTERM229                    ; clk          ; clk         ; 20.000       ; -0.113     ; 3.289      ;
; 16.597 ; reset_ff  ; rv32i_cpu:icpu|datapath:i_datapath|ImmExt_E[9]_OTERM231                    ; clk          ; clk         ; 20.000       ; -0.113     ; 3.289      ;
; 16.597 ; reset_ff  ; rv32i_cpu:icpu|datapath:i_datapath|ImmExt_E[10]_OTERM221                   ; clk          ; clk         ; 20.000       ; -0.111     ; 3.291      ;
; 16.597 ; reset_ff  ; rv32i_cpu:icpu|datapath:i_datapath|ImmExt_E[10]_OTERM219                   ; clk          ; clk         ; 20.000       ; -0.111     ; 3.291      ;
; 16.597 ; reset_ff  ; rv32i_cpu:icpu|datapath:i_datapath|ImmExt_E[7]_OTERM249                    ; clk          ; clk         ; 20.000       ; -0.111     ; 3.291      ;
; 16.597 ; reset_ff  ; rv32i_cpu:icpu|datapath:i_datapath|ImmExt_E[7]_OTERM251                    ; clk          ; clk         ; 20.000       ; -0.111     ; 3.291      ;
; 16.597 ; reset_ff  ; rv32i_cpu:icpu|datapath:i_datapath|ImmExt_E[6]_OTERM279                    ; clk          ; clk         ; 20.000       ; -0.113     ; 3.289      ;
; 16.597 ; reset_ff  ; rv32i_cpu:icpu|datapath:i_datapath|ImmExt_E[6]_OTERM277                    ; clk          ; clk         ; 20.000       ; -0.113     ; 3.289      ;
; 16.597 ; reset_ff  ; rv32i_cpu:icpu|datapath:i_datapath|ImmExt_E[8]_OTERM227                    ; clk          ; clk         ; 20.000       ; -0.111     ; 3.291      ;
; 16.597 ; reset_ff  ; rv32i_cpu:icpu|datapath:i_datapath|ImmExt_E[8]_OTERM225                    ; clk          ; clk         ; 20.000       ; -0.111     ; 3.291      ;
; 16.597 ; reset_ff  ; rv32i_cpu:icpu|datapath:i_datapath|WriteData_M[8]                          ; clk          ; clk         ; 20.000       ; -0.109     ; 3.293      ;
; 16.597 ; reset_ff  ; rv32i_cpu:icpu|datapath:i_datapath|ImmExt_E[28]_OTERM725                   ; clk          ; clk         ; 20.000       ; -0.111     ; 3.291      ;
; 16.597 ; reset_ff  ; rv32i_cpu:icpu|datapath:i_datapath|ImmExt_E[30]_OTERM723                   ; clk          ; clk         ; 20.000       ; -0.111     ; 3.291      ;
; 16.597 ; reset_ff  ; rv32i_cpu:icpu|datapath:i_datapath|ImmExt_E[30]_OTERM721                   ; clk          ; clk         ; 20.000       ; -0.127     ; 3.275      ;
; 16.597 ; reset_ff  ; rv32i_cpu:icpu|datapath:i_datapath|ImmExt_E[30]_OTERM719                   ; clk          ; clk         ; 20.000       ; -0.111     ; 3.291      ;
; 16.597 ; reset_ff  ; rv32i_cpu:icpu|datapath:i_datapath|ALUResult_W[9]                          ; clk          ; clk         ; 20.000       ; -0.109     ; 3.293      ;
; 16.597 ; reset_ff  ; rv32i_cpu:icpu|datapath:i_datapath|WriteData_M[9]                          ; clk          ; clk         ; 20.000       ; -0.109     ; 3.293      ;
; 16.597 ; reset_ff  ; rv32i_cpu:icpu|datapath:i_datapath|jal_E_OTERM713                          ; clk          ; clk         ; 20.000       ; -0.127     ; 3.275      ;
; 16.597 ; reset_ff  ; rv32i_cpu:icpu|datapath:i_datapath|Instr_E[13]_OTERM203                    ; clk          ; clk         ; 20.000       ; -0.125     ; 3.277      ;
; 16.597 ; reset_ff  ; rv32i_cpu:icpu|datapath:i_datapath|Branch_E_OTERM715                       ; clk          ; clk         ; 20.000       ; -0.127     ; 3.275      ;
; 16.597 ; reset_ff  ; rv32i_cpu:icpu|datapath:i_datapath|jalr_E_OTERM709                         ; clk          ; clk         ; 20.000       ; -0.127     ; 3.275      ;
; 16.598 ; reset_ff  ; rv32i_cpu:icpu|datapath:i_datapath|funct3_W[0]                             ; clk          ; clk         ; 20.000       ; -0.103     ; 3.298      ;
; 16.598 ; reset_ff  ; rv32i_cpu:icpu|datapath:i_datapath|ALUResult_W[1]                          ; clk          ; clk         ; 20.000       ; -0.103     ; 3.298      ;
; 16.598 ; reset_ff  ; rv32i_cpu:icpu|datapath:i_datapath|funct3_W[1]                             ; clk          ; clk         ; 20.000       ; -0.103     ; 3.298      ;
; 16.598 ; reset_ff  ; rv32i_cpu:icpu|datapath:i_datapath|ResultSrc_W[0]                          ; clk          ; clk         ; 20.000       ; -0.103     ; 3.298      ;
; 16.598 ; reset_ff  ; rv32i_cpu:icpu|datapath:i_datapath|pc_flopr:pcreg|q[16]_OTERM645_OTERM1067 ; clk          ; clk         ; 20.000       ; -0.130     ; 3.271      ;
; 16.598 ; reset_ff  ; rv32i_cpu:icpu|datapath:i_datapath|pc_flopr:pcreg|q[4]_OTERM695_OTERM1119  ; clk          ; clk         ; 20.000       ; -0.121     ; 3.280      ;
; 16.598 ; reset_ff  ; rv32i_cpu:icpu|datapath:i_datapath|PCPlus4_W[0]                            ; clk          ; clk         ; 20.000       ; -0.111     ; 3.290      ;
; 16.598 ; reset_ff  ; rv32i_cpu:icpu|datapath:i_datapath|ImmExt_E[19]                            ; clk          ; clk         ; 20.000       ; -0.107     ; 3.294      ;
; 16.598 ; reset_ff  ; rv32i_cpu:icpu|datapath:i_datapath|ImmExt_E[13]                            ; clk          ; clk         ; 20.000       ; -0.107     ; 3.294      ;
; 16.598 ; reset_ff  ; rv32i_cpu:icpu|datapath:i_datapath|ImmExt_E[14]                            ; clk          ; clk         ; 20.000       ; -0.107     ; 3.294      ;
; 16.598 ; reset_ff  ; rv32i_cpu:icpu|datapath:i_datapath|pc_flopr:pcreg|q[10]_OTERM667_OTERM1091 ; clk          ; clk         ; 20.000       ; -0.125     ; 3.276      ;
; 16.598 ; reset_ff  ; rv32i_cpu:icpu|datapath:i_datapath|ALUResult_W[7]                          ; clk          ; clk         ; 20.000       ; -0.103     ; 3.298      ;
; 16.598 ; reset_ff  ; rv32i_cpu:icpu|datapath:i_datapath|pc_flopr:pcreg|q[8]_OTERM675_OTERM1099  ; clk          ; clk         ; 20.000       ; -0.130     ; 3.271      ;
; 16.598 ; reset_ff  ; rv32i_cpu:icpu|datapath:i_datapath|pc_flopr:pcreg|q[11]_OTERM663_OTERM1087 ; clk          ; clk         ; 20.000       ; -0.121     ; 3.280      ;
; 16.598 ; reset_ff  ; rv32i_cpu:icpu|datapath:i_datapath|WriteData_M[0]                          ; clk          ; clk         ; 20.000       ; -0.111     ; 3.290      ;
; 16.598 ; reset_ff  ; rv32i_cpu:icpu|datapath:i_datapath|pc_flopr:pcreg|q[24]_OTERM609_OTERM1035 ; clk          ; clk         ; 20.000       ; -0.123     ; 3.278      ;
; 16.598 ; reset_ff  ; rv32i_cpu:icpu|datapath:i_datapath|pc_flopr:pcreg|q[12]_OTERM659_OTERM1083 ; clk          ; clk         ; 20.000       ; -0.123     ; 3.278      ;
; 16.598 ; reset_ff  ; rv32i_cpu:icpu|datapath:i_datapath|ImmExt_E[12]                            ; clk          ; clk         ; 20.000       ; -0.107     ; 3.294      ;
; 16.598 ; reset_ff  ; rv32i_cpu:icpu|datapath:i_datapath|ImmExt_E[15]                            ; clk          ; clk         ; 20.000       ; -0.107     ; 3.294      ;
; 16.598 ; reset_ff  ; rv32i_cpu:icpu|datapath:i_datapath|ImmExt_E[16]                            ; clk          ; clk         ; 20.000       ; -0.107     ; 3.294      ;
; 16.598 ; reset_ff  ; rv32i_cpu:icpu|datapath:i_datapath|WriteData_M[20]                         ; clk          ; clk         ; 20.000       ; -0.111     ; 3.290      ;
; 16.598 ; reset_ff  ; rv32i_cpu:icpu|datapath:i_datapath|ALUControl_E[4]_OTERM215_OTERM583       ; clk          ; clk         ; 20.000       ; -0.126     ; 3.275      ;
; 16.598 ; reset_ff  ; rv32i_cpu:icpu|datapath:i_datapath|ALUControl_E[4]_OTERM217_OTERM581       ; clk          ; clk         ; 20.000       ; -0.126     ; 3.275      ;
; 16.598 ; reset_ff  ; rv32i_cpu:icpu|datapath:i_datapath|ALUControl_E[4]_OTERM217_OTERM579       ; clk          ; clk         ; 20.000       ; -0.126     ; 3.275      ;
; 16.598 ; reset_ff  ; rv32i_cpu:icpu|datapath:i_datapath|pc_flopr:pcreg|q[2]_OTERM703_OTERM1111  ; clk          ; clk         ; 20.000       ; -0.123     ; 3.278      ;
; 16.598 ; reset_ff  ; rv32i_cpu:icpu|datapath:i_datapath|ALUControl_E[3]_OTERM147                ; clk          ; clk         ; 20.000       ; -0.126     ; 3.275      ;
; 16.599 ; reset_ff  ; rv32i_cpu:icpu|datapath:i_datapath|Instr_M[9]                              ; clk          ; clk         ; 20.000       ; -0.116     ; 3.284      ;
; 16.599 ; reset_ff  ; rv32i_cpu:icpu|datapath:i_datapath|Rd_W[2]                                 ; clk          ; clk         ; 20.000       ; -0.115     ; 3.285      ;
; 16.599 ; reset_ff  ; rv32i_cpu:icpu|datapath:i_datapath|Rd_W[1]                                 ; clk          ; clk         ; 20.000       ; -0.115     ; 3.285      ;
; 16.599 ; reset_ff  ; rv32i_cpu:icpu|datapath:i_datapath|Instr_E[10]_OTERM189                    ; clk          ; clk         ; 20.000       ; -0.114     ; 3.286      ;
; 16.599 ; reset_ff  ; rv32i_cpu:icpu|datapath:i_datapath|Rd_W[3]                                 ; clk          ; clk         ; 20.000       ; -0.116     ; 3.284      ;
; 16.599 ; reset_ff  ; rv32i_cpu:icpu|datapath:i_datapath|Rd_W[4]                                 ; clk          ; clk         ; 20.000       ; -0.115     ; 3.285      ;
; 16.599 ; reset_ff  ; rv32i_cpu:icpu|datapath:i_datapath|Rd_W[0]                                 ; clk          ; clk         ; 20.000       ; -0.116     ; 3.284      ;
; 16.599 ; reset_ff  ; rv32i_cpu:icpu|datapath:i_datapath|RegWrite_W                              ; clk          ; clk         ; 20.000       ; -0.115     ; 3.285      ;
; 16.599 ; reset_ff  ; rv32i_cpu:icpu|datapath:i_datapath|ImmExt_E[2]                             ; clk          ; clk         ; 20.000       ; -0.114     ; 3.286      ;
; 16.599 ; reset_ff  ; rv32i_cpu:icpu|datapath:i_datapath|ImmExt_E[3]                             ; clk          ; clk         ; 20.000       ; -0.114     ; 3.286      ;
; 16.599 ; reset_ff  ; rv32i_cpu:icpu|datapath:i_datapath|ImmExt_E[4]                             ; clk          ; clk         ; 20.000       ; -0.114     ; 3.286      ;
; 16.599 ; reset_ff  ; rv32i_cpu:icpu|datapath:i_datapath|ImmExt_E[10]_OTERM223                   ; clk          ; clk         ; 20.000       ; -0.114     ; 3.286      ;
; 16.599 ; reset_ff  ; rv32i_cpu:icpu|datapath:i_datapath|ImmExt_E[1]                             ; clk          ; clk         ; 20.000       ; -0.114     ; 3.286      ;
; 16.599 ; reset_ff  ; rv32i_cpu:icpu|datapath:i_datapath|WriteData_M[3]                          ; clk          ; clk         ; 20.000       ; -0.132     ; 3.268      ;
; 16.599 ; reset_ff  ; rv32i_cpu:icpu|datapath:i_datapath|pc_flopr:pcreg|q[7]_OTERM679_OTERM1103  ; clk          ; clk         ; 20.000       ; -0.136     ; 3.264      ;
; 16.599 ; reset_ff  ; rv32i_cpu:icpu|datapath:i_datapath|pc_flopr:pcreg|q[6]_OTERM683_OTERM1107  ; clk          ; clk         ; 20.000       ; -0.136     ; 3.264      ;
; 16.599 ; reset_ff  ; rv32i_cpu:icpu|datapath:i_datapath|pc_flopr:pcreg|q[5]_OTERM691_OTERM1115  ; clk          ; clk         ; 20.000       ; -0.136     ; 3.264      ;
; 16.600 ; reset_ff  ; rv32i_cpu:icpu|datapath:i_datapath|ResultSrc_M[0]                          ; clk          ; clk         ; 20.000       ; -0.116     ; 3.283      ;
; 16.600 ; reset_ff  ; rv32i_cpu:icpu|datapath:i_datapath|ImmExt_E[29]                            ; clk          ; clk         ; 20.000       ; -0.120     ; 3.279      ;
; 16.600 ; reset_ff  ; rv32i_cpu:icpu|datapath:i_datapath|ImmExt_E[26]                            ; clk          ; clk         ; 20.000       ; -0.120     ; 3.279      ;
; 16.600 ; reset_ff  ; rv32i_cpu:icpu|datapath:i_datapath|ImmExt_E[22]                            ; clk          ; clk         ; 20.000       ; -0.120     ; 3.279      ;
; 16.600 ; reset_ff  ; rv32i_cpu:icpu|datapath:i_datapath|ImmExt_E[25]                            ; clk          ; clk         ; 20.000       ; -0.120     ; 3.279      ;
; 16.600 ; reset_ff  ; rv32i_cpu:icpu|datapath:i_datapath|pc_flopr:pcreg|q[14]_OTERM653_OTERM1075 ; clk          ; clk         ; 20.000       ; -0.119     ; 3.280      ;
; 16.600 ; reset_ff  ; rv32i_cpu:icpu|datapath:i_datapath|ImmExt_E[27]                            ; clk          ; clk         ; 20.000       ; -0.120     ; 3.279      ;
; 16.600 ; reset_ff  ; rv32i_cpu:icpu|datapath:i_datapath|pc_flopr:pcreg|q[17]_OTERM641_OTERM1063 ; clk          ; clk         ; 20.000       ; -0.117     ; 3.282      ;
; 16.600 ; reset_ff  ; rv32i_cpu:icpu|datapath:i_datapath|ALUResult_W[17]                         ; clk          ; clk         ; 20.000       ; -0.116     ; 3.283      ;
; 16.600 ; reset_ff  ; rv32i_cpu:icpu|datapath:i_datapath|ALUResult_W[28]                         ; clk          ; clk         ; 20.000       ; -0.116     ; 3.283      ;
; 16.600 ; reset_ff  ; rv32i_cpu:icpu|datapath:i_datapath|pc_flopr:pcreg|q[30]_OTERM593_OTERM1015 ; clk          ; clk         ; 20.000       ; -0.118     ; 3.281      ;
; 16.600 ; reset_ff  ; rv32i_cpu:icpu|datapath:i_datapath|ALUResult_W[30]                         ; clk          ; clk         ; 20.000       ; -0.116     ; 3.283      ;
; 16.600 ; reset_ff  ; rv32i_cpu:icpu|datapath:i_datapath|ALUResult_M[30]                         ; clk          ; clk         ; 20.000       ; -0.118     ; 3.281      ;
+--------+-----------+----------------------------------------------------------------------------+--------------+-------------+--------------+------------+------------+


+-------------------------------------------------------------------------------------------------------------------------------------------------------------------------------------------------------------------------------------------------------------------------------------------------------------------------------+
; Slow 1200mV 0C Model Removal: 'clk'                                                                                                                                                                                                                                                                                           ;
+-------+------------------------------------------------------------------------------------------------------+------------------------------------------------------------------------------------------------------------------------------------------+--------------+-------------+--------------+------------+------------+
; Slack ; From Node                                                                                            ; To Node                                                                                                                                  ; Launch Clock ; Latch Clock ; Relationship ; Clock Skew ; Data Delay ;
+-------+------------------------------------------------------------------------------------------------------+------------------------------------------------------------------------------------------------------------------------------------------+--------------+-------------+--------------+------------+------------+
; 1.825 ; rv32i_cpu:icpu|datapath:i_datapath|altshift_taps:PCPlus4_E_rtl_0|shift_taps_bkm:auto_generated|dffe6 ; rv32i_cpu:icpu|datapath:i_datapath|altshift_taps:PCPlus4_E_rtl_0|shift_taps_bkm:auto_generated|altsyncram_r861:altsyncram4|ram_block7a0  ; clk          ; clk         ; 0.000        ; 0.367      ; 2.360      ;
; 1.825 ; rv32i_cpu:icpu|datapath:i_datapath|altshift_taps:PCPlus4_E_rtl_0|shift_taps_bkm:auto_generated|dffe6 ; rv32i_cpu:icpu|datapath:i_datapath|altshift_taps:PCPlus4_E_rtl_0|shift_taps_bkm:auto_generated|altsyncram_r861:altsyncram4|ram_block7a1  ; clk          ; clk         ; 0.000        ; 0.367      ; 2.360      ;
; 1.825 ; rv32i_cpu:icpu|datapath:i_datapath|altshift_taps:PCPlus4_E_rtl_0|shift_taps_bkm:auto_generated|dffe6 ; rv32i_cpu:icpu|datapath:i_datapath|altshift_taps:PCPlus4_E_rtl_0|shift_taps_bkm:auto_generated|altsyncram_r861:altsyncram4|ram_block7a2  ; clk          ; clk         ; 0.000        ; 0.367      ; 2.360      ;
; 1.825 ; rv32i_cpu:icpu|datapath:i_datapath|altshift_taps:PCPlus4_E_rtl_0|shift_taps_bkm:auto_generated|dffe6 ; rv32i_cpu:icpu|datapath:i_datapath|altshift_taps:PCPlus4_E_rtl_0|shift_taps_bkm:auto_generated|altsyncram_r861:altsyncram4|ram_block7a3  ; clk          ; clk         ; 0.000        ; 0.367      ; 2.360      ;
; 1.825 ; rv32i_cpu:icpu|datapath:i_datapath|altshift_taps:PCPlus4_E_rtl_0|shift_taps_bkm:auto_generated|dffe6 ; rv32i_cpu:icpu|datapath:i_datapath|altshift_taps:PCPlus4_E_rtl_0|shift_taps_bkm:auto_generated|altsyncram_r861:altsyncram4|ram_block7a4  ; clk          ; clk         ; 0.000        ; 0.367      ; 2.360      ;
; 1.825 ; rv32i_cpu:icpu|datapath:i_datapath|altshift_taps:PCPlus4_E_rtl_0|shift_taps_bkm:auto_generated|dffe6 ; rv32i_cpu:icpu|datapath:i_datapath|altshift_taps:PCPlus4_E_rtl_0|shift_taps_bkm:auto_generated|altsyncram_r861:altsyncram4|ram_block7a5  ; clk          ; clk         ; 0.000        ; 0.367      ; 2.360      ;
; 1.825 ; rv32i_cpu:icpu|datapath:i_datapath|altshift_taps:PCPlus4_E_rtl_0|shift_taps_bkm:auto_generated|dffe6 ; rv32i_cpu:icpu|datapath:i_datapath|altshift_taps:PCPlus4_E_rtl_0|shift_taps_bkm:auto_generated|altsyncram_r861:altsyncram4|ram_block7a6  ; clk          ; clk         ; 0.000        ; 0.367      ; 2.360      ;
; 1.825 ; rv32i_cpu:icpu|datapath:i_datapath|altshift_taps:PCPlus4_E_rtl_0|shift_taps_bkm:auto_generated|dffe6 ; rv32i_cpu:icpu|datapath:i_datapath|altshift_taps:PCPlus4_E_rtl_0|shift_taps_bkm:auto_generated|altsyncram_r861:altsyncram4|ram_block7a7  ; clk          ; clk         ; 0.000        ; 0.367      ; 2.360      ;
; 1.825 ; rv32i_cpu:icpu|datapath:i_datapath|altshift_taps:PCPlus4_E_rtl_0|shift_taps_bkm:auto_generated|dffe6 ; rv32i_cpu:icpu|datapath:i_datapath|altshift_taps:PCPlus4_E_rtl_0|shift_taps_bkm:auto_generated|altsyncram_r861:altsyncram4|ram_block7a8  ; clk          ; clk         ; 0.000        ; 0.367      ; 2.360      ;
; 1.825 ; rv32i_cpu:icpu|datapath:i_datapath|altshift_taps:PCPlus4_E_rtl_0|shift_taps_bkm:auto_generated|dffe6 ; rv32i_cpu:icpu|datapath:i_datapath|altshift_taps:PCPlus4_E_rtl_0|shift_taps_bkm:auto_generated|altsyncram_r861:altsyncram4|ram_block7a9  ; clk          ; clk         ; 0.000        ; 0.367      ; 2.360      ;
; 1.825 ; rv32i_cpu:icpu|datapath:i_datapath|altshift_taps:PCPlus4_E_rtl_0|shift_taps_bkm:auto_generated|dffe6 ; rv32i_cpu:icpu|datapath:i_datapath|altshift_taps:PCPlus4_E_rtl_0|shift_taps_bkm:auto_generated|altsyncram_r861:altsyncram4|ram_block7a10 ; clk          ; clk         ; 0.000        ; 0.367      ; 2.360      ;
; 1.825 ; rv32i_cpu:icpu|datapath:i_datapath|altshift_taps:PCPlus4_E_rtl_0|shift_taps_bkm:auto_generated|dffe6 ; rv32i_cpu:icpu|datapath:i_datapath|altshift_taps:PCPlus4_E_rtl_0|shift_taps_bkm:auto_generated|altsyncram_r861:altsyncram4|ram_block7a11 ; clk          ; clk         ; 0.000        ; 0.367      ; 2.360      ;
; 1.825 ; rv32i_cpu:icpu|datapath:i_datapath|altshift_taps:PCPlus4_E_rtl_0|shift_taps_bkm:auto_generated|dffe6 ; rv32i_cpu:icpu|datapath:i_datapath|altshift_taps:PCPlus4_E_rtl_0|shift_taps_bkm:auto_generated|altsyncram_r861:altsyncram4|ram_block7a12 ; clk          ; clk         ; 0.000        ; 0.367      ; 2.360      ;
; 1.825 ; rv32i_cpu:icpu|datapath:i_datapath|altshift_taps:PCPlus4_E_rtl_0|shift_taps_bkm:auto_generated|dffe6 ; rv32i_cpu:icpu|datapath:i_datapath|altshift_taps:PCPlus4_E_rtl_0|shift_taps_bkm:auto_generated|altsyncram_r861:altsyncram4|ram_block7a13 ; clk          ; clk         ; 0.000        ; 0.367      ; 2.360      ;
; 1.825 ; rv32i_cpu:icpu|datapath:i_datapath|altshift_taps:PCPlus4_E_rtl_0|shift_taps_bkm:auto_generated|dffe6 ; rv32i_cpu:icpu|datapath:i_datapath|altshift_taps:PCPlus4_E_rtl_0|shift_taps_bkm:auto_generated|altsyncram_r861:altsyncram4|ram_block7a14 ; clk          ; clk         ; 0.000        ; 0.367      ; 2.360      ;
; 1.825 ; rv32i_cpu:icpu|datapath:i_datapath|altshift_taps:PCPlus4_E_rtl_0|shift_taps_bkm:auto_generated|dffe6 ; rv32i_cpu:icpu|datapath:i_datapath|altshift_taps:PCPlus4_E_rtl_0|shift_taps_bkm:auto_generated|altsyncram_r861:altsyncram4|ram_block7a15 ; clk          ; clk         ; 0.000        ; 0.367      ; 2.360      ;
; 1.825 ; rv32i_cpu:icpu|datapath:i_datapath|altshift_taps:PCPlus4_E_rtl_0|shift_taps_bkm:auto_generated|dffe6 ; rv32i_cpu:icpu|datapath:i_datapath|altshift_taps:PCPlus4_E_rtl_0|shift_taps_bkm:auto_generated|altsyncram_r861:altsyncram4|ram_block7a16 ; clk          ; clk         ; 0.000        ; 0.367      ; 2.360      ;
; 1.825 ; rv32i_cpu:icpu|datapath:i_datapath|altshift_taps:PCPlus4_E_rtl_0|shift_taps_bkm:auto_generated|dffe6 ; rv32i_cpu:icpu|datapath:i_datapath|altshift_taps:PCPlus4_E_rtl_0|shift_taps_bkm:auto_generated|altsyncram_r861:altsyncram4|ram_block7a17 ; clk          ; clk         ; 0.000        ; 0.367      ; 2.360      ;
; 1.825 ; rv32i_cpu:icpu|datapath:i_datapath|altshift_taps:PCPlus4_E_rtl_0|shift_taps_bkm:auto_generated|dffe6 ; rv32i_cpu:icpu|datapath:i_datapath|altshift_taps:PCPlus4_E_rtl_0|shift_taps_bkm:auto_generated|altsyncram_r861:altsyncram4|ram_block7a18 ; clk          ; clk         ; 0.000        ; 0.367      ; 2.360      ;
; 1.825 ; rv32i_cpu:icpu|datapath:i_datapath|altshift_taps:PCPlus4_E_rtl_0|shift_taps_bkm:auto_generated|dffe6 ; rv32i_cpu:icpu|datapath:i_datapath|altshift_taps:PCPlus4_E_rtl_0|shift_taps_bkm:auto_generated|altsyncram_r861:altsyncram4|ram_block7a19 ; clk          ; clk         ; 0.000        ; 0.367      ; 2.360      ;
; 1.825 ; rv32i_cpu:icpu|datapath:i_datapath|altshift_taps:PCPlus4_E_rtl_0|shift_taps_bkm:auto_generated|dffe6 ; rv32i_cpu:icpu|datapath:i_datapath|altshift_taps:PCPlus4_E_rtl_0|shift_taps_bkm:auto_generated|altsyncram_r861:altsyncram4|ram_block7a20 ; clk          ; clk         ; 0.000        ; 0.367      ; 2.360      ;
; 1.825 ; rv32i_cpu:icpu|datapath:i_datapath|altshift_taps:PCPlus4_E_rtl_0|shift_taps_bkm:auto_generated|dffe6 ; rv32i_cpu:icpu|datapath:i_datapath|altshift_taps:PCPlus4_E_rtl_0|shift_taps_bkm:auto_generated|altsyncram_r861:altsyncram4|ram_block7a21 ; clk          ; clk         ; 0.000        ; 0.367      ; 2.360      ;
; 1.825 ; rv32i_cpu:icpu|datapath:i_datapath|altshift_taps:PCPlus4_E_rtl_0|shift_taps_bkm:auto_generated|dffe6 ; rv32i_cpu:icpu|datapath:i_datapath|altshift_taps:PCPlus4_E_rtl_0|shift_taps_bkm:auto_generated|altsyncram_r861:altsyncram4|ram_block7a22 ; clk          ; clk         ; 0.000        ; 0.367      ; 2.360      ;
; 1.825 ; rv32i_cpu:icpu|datapath:i_datapath|altshift_taps:PCPlus4_E_rtl_0|shift_taps_bkm:auto_generated|dffe6 ; rv32i_cpu:icpu|datapath:i_datapath|altshift_taps:PCPlus4_E_rtl_0|shift_taps_bkm:auto_generated|altsyncram_r861:altsyncram4|ram_block7a23 ; clk          ; clk         ; 0.000        ; 0.367      ; 2.360      ;
; 1.825 ; rv32i_cpu:icpu|datapath:i_datapath|altshift_taps:PCPlus4_E_rtl_0|shift_taps_bkm:auto_generated|dffe6 ; rv32i_cpu:icpu|datapath:i_datapath|altshift_taps:PCPlus4_E_rtl_0|shift_taps_bkm:auto_generated|altsyncram_r861:altsyncram4|ram_block7a24 ; clk          ; clk         ; 0.000        ; 0.367      ; 2.360      ;
; 1.825 ; rv32i_cpu:icpu|datapath:i_datapath|altshift_taps:PCPlus4_E_rtl_0|shift_taps_bkm:auto_generated|dffe6 ; rv32i_cpu:icpu|datapath:i_datapath|altshift_taps:PCPlus4_E_rtl_0|shift_taps_bkm:auto_generated|altsyncram_r861:altsyncram4|ram_block7a25 ; clk          ; clk         ; 0.000        ; 0.367      ; 2.360      ;
; 1.825 ; rv32i_cpu:icpu|datapath:i_datapath|altshift_taps:PCPlus4_E_rtl_0|shift_taps_bkm:auto_generated|dffe6 ; rv32i_cpu:icpu|datapath:i_datapath|altshift_taps:PCPlus4_E_rtl_0|shift_taps_bkm:auto_generated|altsyncram_r861:altsyncram4|ram_block7a26 ; clk          ; clk         ; 0.000        ; 0.367      ; 2.360      ;
; 1.825 ; rv32i_cpu:icpu|datapath:i_datapath|altshift_taps:PCPlus4_E_rtl_0|shift_taps_bkm:auto_generated|dffe6 ; rv32i_cpu:icpu|datapath:i_datapath|altshift_taps:PCPlus4_E_rtl_0|shift_taps_bkm:auto_generated|altsyncram_r861:altsyncram4|ram_block7a27 ; clk          ; clk         ; 0.000        ; 0.367      ; 2.360      ;
; 1.825 ; rv32i_cpu:icpu|datapath:i_datapath|altshift_taps:PCPlus4_E_rtl_0|shift_taps_bkm:auto_generated|dffe6 ; rv32i_cpu:icpu|datapath:i_datapath|altshift_taps:PCPlus4_E_rtl_0|shift_taps_bkm:auto_generated|altsyncram_r861:altsyncram4|ram_block7a28 ; clk          ; clk         ; 0.000        ; 0.367      ; 2.360      ;
; 1.825 ; rv32i_cpu:icpu|datapath:i_datapath|altshift_taps:PCPlus4_E_rtl_0|shift_taps_bkm:auto_generated|dffe6 ; rv32i_cpu:icpu|datapath:i_datapath|altshift_taps:PCPlus4_E_rtl_0|shift_taps_bkm:auto_generated|altsyncram_r861:altsyncram4|ram_block7a29 ; clk          ; clk         ; 0.000        ; 0.367      ; 2.360      ;
; 1.825 ; rv32i_cpu:icpu|datapath:i_datapath|altshift_taps:PCPlus4_E_rtl_0|shift_taps_bkm:auto_generated|dffe6 ; rv32i_cpu:icpu|datapath:i_datapath|altshift_taps:PCPlus4_E_rtl_0|shift_taps_bkm:auto_generated|altsyncram_r861:altsyncram4|ram_block7a30 ; clk          ; clk         ; 0.000        ; 0.367      ; 2.360      ;
; 2.426 ; reset_ff                                                                                             ; rv32i_cpu:icpu|datapath:i_datapath|rs1_data_E[20]                                                                                        ; clk          ; clk         ; 0.000        ; 0.490      ; 3.087      ;
; 2.426 ; reset_ff                                                                                             ; rv32i_cpu:icpu|datapath:i_datapath|rs2_data_E[25]                                                                                        ; clk          ; clk         ; 0.000        ; 0.490      ; 3.087      ;
; 2.426 ; reset_ff                                                                                             ; rv32i_cpu:icpu|datapath:i_datapath|ALUResult_M[20]                                                                                       ; clk          ; clk         ; 0.000        ; 0.490      ; 3.087      ;
; 2.427 ; reset_ff                                                                                             ; rv32i_cpu:icpu|datapath:i_datapath|rs1_data_E[22]                                                                                        ; clk          ; clk         ; 0.000        ; 0.503      ; 3.101      ;
; 2.427 ; reset_ff                                                                                             ; rv32i_cpu:icpu|datapath:i_datapath|rs1_data_E[26]                                                                                        ; clk          ; clk         ; 0.000        ; 0.491      ; 3.089      ;
; 2.427 ; reset_ff                                                                                             ; rv32i_cpu:icpu|datapath:i_datapath|rs2_data_E[13]                                                                                        ; clk          ; clk         ; 0.000        ; 0.505      ; 3.103      ;
; 2.427 ; reset_ff                                                                                             ; rv32i_cpu:icpu|datapath:i_datapath|rs1_data_E[31]                                                                                        ; clk          ; clk         ; 0.000        ; 0.503      ; 3.101      ;
; 2.427 ; reset_ff                                                                                             ; rv32i_cpu:icpu|datapath:i_datapath|Instr_E[7]_OTERM205                                                                                   ; clk          ; clk         ; 0.000        ; 0.504      ; 3.102      ;
; 2.427 ; reset_ff                                                                                             ; rv32i_cpu:icpu|datapath:i_datapath|rs1_data_E[23]                                                                                        ; clk          ; clk         ; 0.000        ; 0.503      ; 3.101      ;
; 2.427 ; reset_ff                                                                                             ; rv32i_cpu:icpu|datapath:i_datapath|rs1_data_E[1]                                                                                         ; clk          ; clk         ; 0.000        ; 0.504      ; 3.102      ;
; 2.427 ; reset_ff                                                                                             ; rv32i_cpu:icpu|datapath:i_datapath|pc_flopr:pcreg|q[1]_OTERM137                                                                          ; clk          ; clk         ; 0.000        ; 0.504      ; 3.102      ;
; 2.427 ; reset_ff                                                                                             ; rv32i_cpu:icpu|datapath:i_datapath|PCPlus4_E[1]_OTERM289                                                                                 ; clk          ; clk         ; 0.000        ; 0.504      ; 3.102      ;
; 2.427 ; reset_ff                                                                                             ; rv32i_cpu:icpu|datapath:i_datapath|rs1_data_E[19]                                                                                        ; clk          ; clk         ; 0.000        ; 0.498      ; 3.096      ;
; 2.427 ; reset_ff                                                                                             ; rv32i_cpu:icpu|datapath:i_datapath|ALUResult_M[25]                                                                                       ; clk          ; clk         ; 0.000        ; 0.491      ; 3.089      ;
; 2.427 ; reset_ff                                                                                             ; rv32i_cpu:icpu|datapath:i_datapath|ALUResult_M[29]                                                                                       ; clk          ; clk         ; 0.000        ; 0.491      ; 3.089      ;
; 2.427 ; reset_ff                                                                                             ; rv32i_cpu:icpu|datapath:i_datapath|rs1_data_E[28]                                                                                        ; clk          ; clk         ; 0.000        ; 0.491      ; 3.089      ;
; 2.427 ; reset_ff                                                                                             ; rv32i_cpu:icpu|datapath:i_datapath|PCPlus4_M[1]                                                                                          ; clk          ; clk         ; 0.000        ; 0.504      ; 3.102      ;
; 2.427 ; reset_ff                                                                                             ; rv32i_cpu:icpu|datapath:i_datapath|rs2_data_E[12]                                                                                        ; clk          ; clk         ; 0.000        ; 0.505      ; 3.103      ;
; 2.427 ; reset_ff                                                                                             ; rv32i_cpu:icpu|datapath:i_datapath|rs1_data_E[25]                                                                                        ; clk          ; clk         ; 0.000        ; 0.491      ; 3.089      ;
; 2.427 ; reset_ff                                                                                             ; rv32i_cpu:icpu|datapath:i_datapath|rs2_data_E[23]                                                                                        ; clk          ; clk         ; 0.000        ; 0.505      ; 3.103      ;
; 2.427 ; reset_ff                                                                                             ; rv32i_cpu:icpu|datapath:i_datapath|ALUResult_M[0]_OTERM307                                                                               ; clk          ; clk         ; 0.000        ; 0.491      ; 3.089      ;
; 2.427 ; reset_ff                                                                                             ; rv32i_cpu:icpu|datapath:i_datapath|ALUResult_M[0]_OTERM305                                                                               ; clk          ; clk         ; 0.000        ; 0.491      ; 3.089      ;
; 2.428 ; reset_ff                                                                                             ; rv32i_cpu:icpu|datapath:i_datapath|rs2_data_E[6]                                                                                         ; clk          ; clk         ; 0.000        ; 0.511      ; 3.110      ;
; 2.428 ; reset_ff                                                                                             ; rv32i_cpu:icpu|datapath:i_datapath|rs2_data_E[24]                                                                                        ; clk          ; clk         ; 0.000        ; 0.511      ; 3.110      ;
; 2.428 ; reset_ff                                                                                             ; rv32i_cpu:icpu|datapath:i_datapath|RegWrite_M                                                                                            ; clk          ; clk         ; 0.000        ; 0.510      ; 3.109      ;
; 2.428 ; reset_ff                                                                                             ; rv32i_cpu:icpu|datapath:i_datapath|rs1_data_E[7]                                                                                         ; clk          ; clk         ; 0.000        ; 0.510      ; 3.109      ;
; 2.428 ; reset_ff                                                                                             ; rv32i_cpu:icpu|datapath:i_datapath|ALUResult_M[7]                                                                                        ; clk          ; clk         ; 0.000        ; 0.510      ; 3.109      ;
; 2.429 ; reset_ff                                                                                             ; rv32i_cpu:icpu|datapath:i_datapath|ALUResult_M[22]                                                                                       ; clk          ; clk         ; 0.000        ; 0.474      ; 3.074      ;
; 2.429 ; reset_ff                                                                                             ; rv32i_cpu:icpu|datapath:i_datapath|ALUResult_M[28]                                                                                       ; clk          ; clk         ; 0.000        ; 0.478      ; 3.078      ;
; 2.429 ; reset_ff                                                                                             ; rv32i_cpu:icpu|datapath:i_datapath|ALUControl_E[4]_OTERM217_OTERM577                                                                     ; clk          ; clk         ; 0.000        ; 0.478      ; 3.078      ;
; 2.429 ; reset_ff                                                                                             ; rv32i_cpu:icpu|datapath:i_datapath|rs2_data_E[15]                                                                                        ; clk          ; clk         ; 0.000        ; 0.522      ; 3.122      ;
; 2.429 ; reset_ff                                                                                             ; rv32i_cpu:icpu|datapath:i_datapath|PC_D[29]_OTERM5_OTERM1127_OTERM1433                                                                   ; clk          ; clk         ; 0.000        ; 0.478      ; 3.078      ;
; 2.429 ; reset_ff                                                                                             ; rv32i_cpu:icpu|datapath:i_datapath|ALUResult_M[23]                                                                                       ; clk          ; clk         ; 0.000        ; 0.474      ; 3.074      ;
; 2.429 ; reset_ff                                                                                             ; rv32i_cpu:icpu|datapath:i_datapath|WriteData_M[15]                                                                                       ; clk          ; clk         ; 0.000        ; 0.522      ; 3.122      ;
; 2.436 ; reset_ff                                                                                             ; rv32i_cpu:icpu|datapath:i_datapath|rs1_data_E[18]                                                                                        ; clk          ; clk         ; 0.000        ; 0.487      ; 3.094      ;
; 2.436 ; reset_ff                                                                                             ; rv32i_cpu:icpu|datapath:i_datapath|rs2_data_E[22]                                                                                        ; clk          ; clk         ; 0.000        ; 0.485      ; 3.092      ;
; 2.436 ; reset_ff                                                                                             ; rv32i_cpu:icpu|datapath:i_datapath|rs2_data_E[26]                                                                                        ; clk          ; clk         ; 0.000        ; 0.483      ; 3.090      ;
; 2.436 ; reset_ff                                                                                             ; rv32i_cpu:icpu|datapath:i_datapath|rs1_data_E[27]                                                                                        ; clk          ; clk         ; 0.000        ; 0.487      ; 3.094      ;
; 2.436 ; reset_ff                                                                                             ; rv32i_cpu:icpu|datapath:i_datapath|rs2_data_E[27]                                                                                        ; clk          ; clk         ; 0.000        ; 0.487      ; 3.094      ;
; 2.436 ; reset_ff                                                                                             ; rv32i_cpu:icpu|datapath:i_datapath|rs1_data_E[14]                                                                                        ; clk          ; clk         ; 0.000        ; 0.487      ; 3.094      ;
; 2.436 ; reset_ff                                                                                             ; rv32i_cpu:icpu|datapath:i_datapath|rs1_data_E[29]                                                                                        ; clk          ; clk         ; 0.000        ; 0.487      ; 3.094      ;
; 2.436 ; reset_ff                                                                                             ; rv32i_cpu:icpu|datapath:i_datapath|rs2_data_E[29]                                                                                        ; clk          ; clk         ; 0.000        ; 0.490      ; 3.097      ;
; 2.436 ; reset_ff                                                                                             ; rv32i_cpu:icpu|datapath:i_datapath|rs2_data_E[17]                                                                                        ; clk          ; clk         ; 0.000        ; 0.485      ; 3.092      ;
; 2.436 ; reset_ff                                                                                             ; rv32i_cpu:icpu|datapath:i_datapath|rs1_data_E[16]                                                                                        ; clk          ; clk         ; 0.000        ; 0.484      ; 3.091      ;
; 2.436 ; reset_ff                                                                                             ; rv32i_cpu:icpu|datapath:i_datapath|ALUResult_M[14]                                                                                       ; clk          ; clk         ; 0.000        ; 0.487      ; 3.094      ;
; 2.436 ; reset_ff                                                                                             ; rv32i_cpu:icpu|datapath:i_datapath|WriteData_M[27]                                                                                       ; clk          ; clk         ; 0.000        ; 0.485      ; 3.092      ;
; 2.436 ; reset_ff                                                                                             ; rv32i_cpu:icpu|datapath:i_datapath|ALUResult_M[26]                                                                                       ; clk          ; clk         ; 0.000        ; 0.483      ; 3.090      ;
; 2.436 ; reset_ff                                                                                             ; rv32i_cpu:icpu|datapath:i_datapath|ALUResult_W[22]                                                                                       ; clk          ; clk         ; 0.000        ; 0.480      ; 3.087      ;
; 2.436 ; reset_ff                                                                                             ; rv32i_cpu:icpu|datapath:i_datapath|WriteData_M[29]                                                                                       ; clk          ; clk         ; 0.000        ; 0.483      ; 3.090      ;
; 2.436 ; reset_ff                                                                                             ; rv32i_cpu:icpu|datapath:i_datapath|ALUResult_W[27]                                                                                       ; clk          ; clk         ; 0.000        ; 0.485      ; 3.092      ;
; 2.436 ; reset_ff                                                                                             ; rv32i_cpu:icpu|datapath:i_datapath|rs2_data_E[28]                                                                                        ; clk          ; clk         ; 0.000        ; 0.487      ; 3.094      ;
; 2.436 ; reset_ff                                                                                             ; rv32i_cpu:icpu|datapath:i_datapath|rs1_data_E[30]                                                                                        ; clk          ; clk         ; 0.000        ; 0.487      ; 3.094      ;
; 2.436 ; reset_ff                                                                                             ; rv32i_cpu:icpu|datapath:i_datapath|rs2_data_E[30]                                                                                        ; clk          ; clk         ; 0.000        ; 0.485      ; 3.092      ;
; 2.436 ; reset_ff                                                                                             ; rv32i_cpu:icpu|datapath:i_datapath|ALUResult_M[16]                                                                                       ; clk          ; clk         ; 0.000        ; 0.484      ; 3.091      ;
; 2.436 ; reset_ff                                                                                             ; rv32i_cpu:icpu|datapath:i_datapath|ALUResult_W[16]                                                                                       ; clk          ; clk         ; 0.000        ; 0.484      ; 3.091      ;
; 2.436 ; reset_ff                                                                                             ; rv32i_cpu:icpu|datapath:i_datapath|WriteData_M[16]                                                                                       ; clk          ; clk         ; 0.000        ; 0.484      ; 3.091      ;
; 2.436 ; reset_ff                                                                                             ; rv32i_cpu:icpu|datapath:i_datapath|rs2_data_E[16]                                                                                        ; clk          ; clk         ; 0.000        ; 0.490      ; 3.097      ;
; 2.436 ; reset_ff                                                                                             ; rv32i_cpu:icpu|datapath:i_datapath|ALUResult_W[18]                                                                                       ; clk          ; clk         ; 0.000        ; 0.485      ; 3.092      ;
; 2.436 ; reset_ff                                                                                             ; rv32i_cpu:icpu|datapath:i_datapath|PC_D[2]_OTERM45_OTERM1195                                                                             ; clk          ; clk         ; 0.000        ; 0.479      ; 3.086      ;
; 2.436 ; reset_ff                                                                                             ; rv32i_cpu:icpu|datapath:i_datapath|WriteData_M[22]                                                                                       ; clk          ; clk         ; 0.000        ; 0.493      ; 3.100      ;
; 2.436 ; reset_ff                                                                                             ; rv32i_cpu:icpu|datapath:i_datapath|WriteData_M[26]                                                                                       ; clk          ; clk         ; 0.000        ; 0.485      ; 3.092      ;
; 2.436 ; reset_ff                                                                                             ; rv32i_cpu:icpu|datapath:i_datapath|ALUResult_W[25]                                                                                       ; clk          ; clk         ; 0.000        ; 0.480      ; 3.087      ;
; 2.436 ; reset_ff                                                                                             ; rv32i_cpu:icpu|datapath:i_datapath|ALUResult_W[23]                                                                                       ; clk          ; clk         ; 0.000        ; 0.493      ; 3.100      ;
; 2.436 ; reset_ff                                                                                             ; rv32i_cpu:icpu|datapath:i_datapath|WriteData_M[23]                                                                                       ; clk          ; clk         ; 0.000        ; 0.493      ; 3.100      ;
; 2.436 ; reset_ff                                                                                             ; rv32i_cpu:icpu|datapath:i_datapath|ALUResult_M[13]                                                                                       ; clk          ; clk         ; 0.000        ; 0.493      ; 3.100      ;
; 2.436 ; reset_ff                                                                                             ; rv32i_cpu:icpu|datapath:i_datapath|Instr_E[22]                                                                                           ; clk          ; clk         ; 0.000        ; 0.479      ; 3.086      ;
; 2.437 ; reset_ff                                                                                             ; rv32i_cpu:icpu|datapath:i_datapath|rs2_data_E[20]                                                                                        ; clk          ; clk         ; 0.000        ; 0.490      ; 3.098      ;
; 2.437 ; reset_ff                                                                                             ; rv32i_cpu:icpu|datapath:i_datapath|rs1_data_E[13]                                                                                        ; clk          ; clk         ; 0.000        ; 0.492      ; 3.100      ;
; 2.437 ; reset_ff                                                                                             ; rv32i_cpu:icpu|datapath:i_datapath|rs2_data_E[31]                                                                                        ; clk          ; clk         ; 0.000        ; 0.491      ; 3.099      ;
+-------+------------------------------------------------------------------------------------------------------+------------------------------------------------------------------------------------------------------------------------------------------+--------------+-------------+--------------+------------+------------+


----------------------------------------------
; Slow 1200mV 0C Model Metastability Summary ;
----------------------------------------------
No synchronizer chains to report.


+------------------------------------+
; Fast 1200mV 0C Model Setup Summary ;
+-------+--------+-------------------+
; Clock ; Slack  ; End Point TNS     ;
+-------+--------+-------------------+
; clk   ; 10.480 ; 0.000             ;
+-------+--------+-------------------+


+-----------------------------------+
; Fast 1200mV 0C Model Hold Summary ;
+-------+-------+-------------------+
; Clock ; Slack ; End Point TNS     ;
+-------+-------+-------------------+
; clk   ; 0.173 ; 0.000             ;
+-------+-------+-------------------+


+---------------------------------------+
; Fast 1200mV 0C Model Recovery Summary ;
+-------+--------+----------------------+
; Clock ; Slack  ; End Point TNS        ;
+-------+--------+----------------------+
; clk   ; 17.943 ; 0.000                ;
+-------+--------+----------------------+


+--------------------------------------+
; Fast 1200mV 0C Model Removal Summary ;
+-------+-------+----------------------+
; Clock ; Slack ; End Point TNS        ;
+-------+-------+----------------------+
; clk   ; 0.982 ; 0.000                ;
+-------+-------+----------------------+


+--------------------------------------------------+
; Fast 1200mV 0C Model Minimum Pulse Width Summary ;
+-------+-------+----------------------------------+
; Clock ; Slack ; End Point TNS                    ;
+-------+-------+----------------------------------+
; clk   ; 9.372 ; 0.000                            ;
+-------+-------+----------------------------------+


+--------------------------------------------------------------------------------------------------------------------------------------------------------------------------------------------------------------------------------------------------------------------------------------------------------------------------------------------------------------+
; Fast 1200mV 0C Model Setup: 'clk'                                                                                                                                                                                                                                                                                                                            ;
+--------+-------------------------------------------------------------------------------------------------------------------+-----------------------------------------------------------------------------------------------------------------------------------------------------------+--------------+-------------+--------------+------------+------------+
; Slack  ; From Node                                                                                                         ; To Node                                                                                                                                                   ; Launch Clock ; Latch Clock ; Relationship ; Clock Skew ; Data Delay ;
+--------+-------------------------------------------------------------------------------------------------------------------+-----------------------------------------------------------------------------------------------------------------------------------------------------------+--------------+-------------+--------------+------------+------------+
; 10.480 ; dualport_mem_synch_rw_dualclk:imem|altsyncram:mem_rtl_0|altsyncram_vod2:auto_generated|ram_block1a2~portb_we_reg  ; rv32i_cpu:icpu|datapath:i_datapath|altshift_taps:PCPlus4_E_rtl_0|shift_taps_bkm:auto_generated|altsyncram_r861:altsyncram4|ram_block7a0~porta_datain_reg0 ; clk          ; clk         ; 20.000       ; -0.094     ; 9.435      ;
; 10.553 ; dualport_mem_synch_rw_dualclk:imem|altsyncram:mem_rtl_0|altsyncram_vod2:auto_generated|ram_block1a17~portb_we_reg ; rv32i_cpu:icpu|datapath:i_datapath|altshift_taps:PCPlus4_E_rtl_0|shift_taps_bkm:auto_generated|altsyncram_r861:altsyncram4|ram_block7a0~porta_datain_reg0 ; clk          ; clk         ; 20.000       ; -0.090     ; 9.366      ;
; 10.569 ; dualport_mem_synch_rw_dualclk:imem|altsyncram:mem_rtl_0|altsyncram_vod2:auto_generated|ram_block1a8~portb_we_reg  ; rv32i_cpu:icpu|datapath:i_datapath|altshift_taps:PCPlus4_E_rtl_0|shift_taps_bkm:auto_generated|altsyncram_r861:altsyncram4|ram_block7a0~porta_datain_reg0 ; clk          ; clk         ; 20.000       ; -0.073     ; 9.367      ;
; 10.615 ; dualport_mem_synch_rw_dualclk:imem|altsyncram:mem_rtl_0|altsyncram_vod2:auto_generated|ram_block1a0~portb_we_reg  ; rv32i_cpu:icpu|datapath:i_datapath|altshift_taps:PCPlus4_E_rtl_0|shift_taps_bkm:auto_generated|altsyncram_r861:altsyncram4|ram_block7a0~porta_datain_reg0 ; clk          ; clk         ; 20.000       ; -0.074     ; 9.320      ;
; 10.632 ; dualport_mem_synch_rw_dualclk:imem|altsyncram:mem_rtl_0|altsyncram_vod2:auto_generated|ram_block1a19~portb_we_reg ; rv32i_cpu:icpu|datapath:i_datapath|altshift_taps:PCPlus4_E_rtl_0|shift_taps_bkm:auto_generated|altsyncram_r861:altsyncram4|ram_block7a0~porta_datain_reg0 ; clk          ; clk         ; 20.000       ; -0.091     ; 9.286      ;
; 10.683 ; dualport_mem_synch_rw_dualclk:imem|altsyncram:mem_rtl_0|altsyncram_vod2:auto_generated|ram_block1a29~portb_we_reg ; rv32i_cpu:icpu|datapath:i_datapath|altshift_taps:PCPlus4_E_rtl_0|shift_taps_bkm:auto_generated|altsyncram_r861:altsyncram4|ram_block7a0~porta_datain_reg0 ; clk          ; clk         ; 20.000       ; -0.075     ; 9.251      ;
; 10.725 ; dualport_mem_synch_rw_dualclk:imem|altsyncram:mem_rtl_0|altsyncram_vod2:auto_generated|ram_block1a1~portb_we_reg  ; rv32i_cpu:icpu|datapath:i_datapath|altshift_taps:PCPlus4_E_rtl_0|shift_taps_bkm:auto_generated|altsyncram_r861:altsyncram4|ram_block7a0~porta_datain_reg0 ; clk          ; clk         ; 20.000       ; -0.100     ; 9.184      ;
; 10.764 ; dualport_mem_synch_rw_dualclk:imem|altsyncram:mem_rtl_0|altsyncram_vod2:auto_generated|ram_block1a12~portb_we_reg ; rv32i_cpu:icpu|datapath:i_datapath|altshift_taps:PCPlus4_E_rtl_0|shift_taps_bkm:auto_generated|altsyncram_r861:altsyncram4|ram_block7a0~porta_datain_reg0 ; clk          ; clk         ; 20.000       ; -0.091     ; 9.154      ;
; 10.780 ; dualport_mem_synch_rw_dualclk:imem|altsyncram:mem_rtl_0|altsyncram_vod2:auto_generated|ram_block1a11~portb_we_reg ; rv32i_cpu:icpu|datapath:i_datapath|altshift_taps:PCPlus4_E_rtl_0|shift_taps_bkm:auto_generated|altsyncram_r861:altsyncram4|ram_block7a0~porta_datain_reg0 ; clk          ; clk         ; 20.000       ; -0.075     ; 9.154      ;
; 10.801 ; dualport_mem_synch_rw_dualclk:imem|altsyncram:mem_rtl_0|altsyncram_vod2:auto_generated|ram_block1a21~portb_we_reg ; rv32i_cpu:icpu|datapath:i_datapath|altshift_taps:PCPlus4_E_rtl_0|shift_taps_bkm:auto_generated|altsyncram_r861:altsyncram4|ram_block7a0~porta_datain_reg0 ; clk          ; clk         ; 20.000       ; -0.088     ; 9.120      ;
; 10.826 ; dualport_mem_synch_rw_dualclk:imem|altsyncram:mem_rtl_0|altsyncram_vod2:auto_generated|ram_block1a24~portb_we_reg ; rv32i_cpu:icpu|datapath:i_datapath|altshift_taps:PCPlus4_E_rtl_0|shift_taps_bkm:auto_generated|altsyncram_r861:altsyncram4|ram_block7a0~porta_datain_reg0 ; clk          ; clk         ; 20.000       ; -0.069     ; 9.114      ;
; 10.862 ; dualport_mem_synch_rw_dualclk:imem|altsyncram:mem_rtl_0|altsyncram_vod2:auto_generated|ram_block1a2~portb_we_reg  ; rv32i_cpu:icpu|datapath:i_datapath|rs1_data_E[8]                                                                                                          ; clk          ; clk         ; 20.000       ; -0.047     ; 9.078      ;
; 10.865 ; dualport_mem_synch_rw_dualclk:imem|altsyncram:mem_rtl_0|altsyncram_vod2:auto_generated|ram_block1a2~portb_we_reg  ; rv32i_cpu:icpu|datapath:i_datapath|rs1_data_E[2]                                                                                                          ; clk          ; clk         ; 20.000       ; -0.047     ; 9.075      ;
; 10.869 ; dualport_mem_synch_rw_dualclk:imem|altsyncram:mem_rtl_0|altsyncram_vod2:auto_generated|ram_block1a9~portb_we_reg  ; rv32i_cpu:icpu|datapath:i_datapath|altshift_taps:PCPlus4_E_rtl_0|shift_taps_bkm:auto_generated|altsyncram_r861:altsyncram4|ram_block7a0~porta_datain_reg0 ; clk          ; clk         ; 20.000       ; -0.092     ; 9.048      ;
; 10.878 ; dualport_mem_synch_rw_dualclk:imem|altsyncram:mem_rtl_0|altsyncram_vod2:auto_generated|ram_block1a2~portb_we_reg  ; rv32i_cpu:icpu|datapath:i_datapath|rs2_data_E[5]                                                                                                          ; clk          ; clk         ; 20.000       ; -0.044     ; 9.065      ;
; 10.879 ; dualport_mem_synch_rw_dualclk:imem|altsyncram:mem_rtl_0|altsyncram_vod2:auto_generated|ram_block1a2~portb_we_reg  ; rv32i_cpu:icpu|datapath:i_datapath|rs2_data_E[14]                                                                                                         ; clk          ; clk         ; 20.000       ; -0.044     ; 9.064      ;
; 10.879 ; dualport_mem_synch_rw_dualclk:imem|altsyncram:mem_rtl_0|altsyncram_vod2:auto_generated|ram_block1a2~portb_we_reg  ; rv32i_cpu:icpu|datapath:i_datapath|rs2_data_E[0]                                                                                                          ; clk          ; clk         ; 20.000       ; -0.044     ; 9.064      ;
; 10.880 ; dualport_mem_synch_rw_dualclk:imem|altsyncram:mem_rtl_0|altsyncram_vod2:auto_generated|ram_block1a2~portb_we_reg  ; rv32i_cpu:icpu|datapath:i_datapath|rs2_data_E[22]                                                                                                         ; clk          ; clk         ; 20.000       ; -0.054     ; 9.053      ;
; 10.880 ; dualport_mem_synch_rw_dualclk:imem|altsyncram:mem_rtl_0|altsyncram_vod2:auto_generated|ram_block1a2~portb_we_reg  ; rv32i_cpu:icpu|datapath:i_datapath|rs2_data_E[17]                                                                                                         ; clk          ; clk         ; 20.000       ; -0.054     ; 9.053      ;
; 10.881 ; dualport_mem_synch_rw_dualclk:imem|altsyncram:mem_rtl_0|altsyncram_vod2:auto_generated|ram_block1a2~portb_we_reg  ; rv32i_cpu:icpu|datapath:i_datapath|rs2_data_E[10]                                                                                                         ; clk          ; clk         ; 20.000       ; -0.044     ; 9.062      ;
; 10.882 ; dualport_mem_synch_rw_dualclk:imem|altsyncram:mem_rtl_0|altsyncram_vod2:auto_generated|ram_block1a2~portb_we_reg  ; rv32i_cpu:icpu|datapath:i_datapath|PC_D[29]_OTERM5_OTERM1129_OTERM1421                                                                                    ; clk          ; clk         ; 20.000       ; -0.073     ; 9.032      ;
; 10.882 ; dualport_mem_synch_rw_dualclk:imem|altsyncram:mem_rtl_0|altsyncram_vod2:auto_generated|ram_block1a2~portb_we_reg  ; rv32i_cpu:icpu|datapath:i_datapath|rs2_data_E[30]                                                                                                         ; clk          ; clk         ; 20.000       ; -0.054     ; 9.051      ;
; 10.883 ; dualport_mem_synch_rw_dualclk:imem|altsyncram:mem_rtl_0|altsyncram_vod2:auto_generated|ram_block1a2~portb_we_reg  ; rv32i_cpu:icpu|datapath:i_datapath|rs2_data_E[19]                                                                                                         ; clk          ; clk         ; 20.000       ; -0.044     ; 9.060      ;
; 10.883 ; dualport_mem_synch_rw_dualclk:imem|altsyncram:mem_rtl_0|altsyncram_vod2:auto_generated|ram_block1a2~portb_we_reg  ; rv32i_cpu:icpu|datapath:i_datapath|rs2_data_E[7]                                                                                                          ; clk          ; clk         ; 20.000       ; -0.044     ; 9.060      ;
; 10.902 ; dualport_mem_synch_rw_dualclk:imem|altsyncram:mem_rtl_0|altsyncram_vod2:auto_generated|ram_block1a16~portb_we_reg ; rv32i_cpu:icpu|datapath:i_datapath|altshift_taps:PCPlus4_E_rtl_0|shift_taps_bkm:auto_generated|altsyncram_r861:altsyncram4|ram_block7a0~porta_datain_reg0 ; clk          ; clk         ; 20.000       ; -0.063     ; 9.044      ;
; 10.914 ; dualport_mem_synch_rw_dualclk:imem|altsyncram:mem_rtl_0|altsyncram_vod2:auto_generated|ram_block1a27~portb_we_reg ; rv32i_cpu:icpu|datapath:i_datapath|altshift_taps:PCPlus4_E_rtl_0|shift_taps_bkm:auto_generated|altsyncram_r861:altsyncram4|ram_block7a0~porta_datain_reg0 ; clk          ; clk         ; 20.000       ; -0.073     ; 9.022      ;
; 10.914 ; dualport_mem_synch_rw_dualclk:imem|altsyncram:mem_rtl_0|altsyncram_vod2:auto_generated|ram_block1a2~portb_we_reg  ; rv32i_cpu:icpu|datapath:i_datapath|rs1_data_E[10]                                                                                                         ; clk          ; clk         ; 20.000       ; -0.050     ; 9.023      ;
; 10.915 ; dualport_mem_synch_rw_dualclk:imem|altsyncram:mem_rtl_0|altsyncram_vod2:auto_generated|ram_block1a2~portb_we_reg  ; rv32i_cpu:icpu|datapath:i_datapath|ImmExt_E[22]                                                                                                           ; clk          ; clk         ; 20.000       ; -0.255     ; 8.817      ;
; 10.916 ; dualport_mem_synch_rw_dualclk:imem|altsyncram:mem_rtl_0|altsyncram_vod2:auto_generated|ram_block1a2~portb_we_reg  ; rv32i_cpu:icpu|datapath:i_datapath|ImmExt_E[25]                                                                                                           ; clk          ; clk         ; 20.000       ; -0.255     ; 8.816      ;
; 10.917 ; dualport_mem_synch_rw_dualclk:imem|altsyncram:mem_rtl_0|altsyncram_vod2:auto_generated|ram_block1a2~portb_we_reg  ; rv32i_cpu:icpu|datapath:i_datapath|rs1_data_E[11]                                                                                                         ; clk          ; clk         ; 20.000       ; -0.050     ; 9.020      ;
; 10.918 ; dualport_mem_synch_rw_dualclk:imem|altsyncram:mem_rtl_0|altsyncram_vod2:auto_generated|ram_block1a2~portb_we_reg  ; rv32i_cpu:icpu|datapath:i_datapath|ImmExt_E[26]                                                                                                           ; clk          ; clk         ; 20.000       ; -0.255     ; 8.814      ;
; 10.922 ; dualport_mem_synch_rw_dualclk:imem|altsyncram:mem_rtl_0|altsyncram_vod2:auto_generated|ram_block1a2~portb_we_reg  ; rv32i_cpu:icpu|datapath:i_datapath|rs2_data_E[2]                                                                                                          ; clk          ; clk         ; 20.000       ; -0.043     ; 9.022      ;
; 10.923 ; dualport_mem_synch_rw_dualclk:imem|altsyncram:mem_rtl_0|altsyncram_vod2:auto_generated|ram_block1a2~portb_we_reg  ; rv32i_cpu:icpu|datapath:i_datapath|rs2_data_E[3]                                                                                                          ; clk          ; clk         ; 20.000       ; -0.043     ; 9.021      ;
; 10.924 ; dualport_mem_synch_rw_dualclk:imem|altsyncram:mem_rtl_0|altsyncram_vod2:auto_generated|ram_block1a2~portb_we_reg  ; rv32i_cpu:icpu|datapath:i_datapath|rs2_data_E[11]                                                                                                         ; clk          ; clk         ; 20.000       ; -0.043     ; 9.020      ;
; 10.928 ; dualport_mem_synch_rw_dualclk:imem|altsyncram:mem_rtl_0|altsyncram_vod2:auto_generated|ram_block1a2~portb_we_reg  ; rv32i_cpu:icpu|datapath:i_datapath|ImmExt_E[27]                                                                                                           ; clk          ; clk         ; 20.000       ; -0.255     ; 8.804      ;
; 10.931 ; dualport_mem_synch_rw_dualclk:imem|altsyncram:mem_rtl_0|altsyncram_vod2:auto_generated|ram_block1a2~portb_we_reg  ; rv32i_cpu:icpu|datapath:i_datapath|ImmExt_E[29]                                                                                                           ; clk          ; clk         ; 20.000       ; -0.255     ; 8.801      ;
; 10.935 ; dualport_mem_synch_rw_dualclk:imem|altsyncram:mem_rtl_0|altsyncram_vod2:auto_generated|ram_block1a17~portb_we_reg ; rv32i_cpu:icpu|datapath:i_datapath|rs1_data_E[8]                                                                                                          ; clk          ; clk         ; 20.000       ; -0.043     ; 9.009      ;
; 10.935 ; rv32i_cpu:icpu|datapath:i_datapath|Instr_E[19]                                                                    ; rv32i_cpu:icpu|datapath:i_datapath|altshift_taps:PCPlus4_E_rtl_0|shift_taps_bkm:auto_generated|altsyncram_r861:altsyncram4|ram_block7a0~porta_datain_reg0 ; clk          ; clk         ; 20.000       ; -0.100     ; 8.974      ;
; 10.936 ; dualport_mem_synch_rw_dualclk:imem|altsyncram:mem_rtl_0|altsyncram_vod2:auto_generated|ram_block1a5~portb_we_reg  ; rv32i_cpu:icpu|datapath:i_datapath|altshift_taps:PCPlus4_E_rtl_0|shift_taps_bkm:auto_generated|altsyncram_r861:altsyncram4|ram_block7a0~porta_datain_reg0 ; clk          ; clk         ; 20.000       ; -0.075     ; 8.998      ;
; 10.938 ; dualport_mem_synch_rw_dualclk:imem|altsyncram:mem_rtl_0|altsyncram_vod2:auto_generated|ram_block1a17~portb_we_reg ; rv32i_cpu:icpu|datapath:i_datapath|rs1_data_E[2]                                                                                                          ; clk          ; clk         ; 20.000       ; -0.043     ; 9.006      ;
; 10.940 ; dualport_mem_synch_rw_dualclk:imem|altsyncram:mem_rtl_0|altsyncram_vod2:auto_generated|ram_block1a2~portb_we_reg  ; rv32i_cpu:icpu|datapath:i_datapath|rs2_data_E[16]                                                                                                         ; clk          ; clk         ; 20.000       ; -0.049     ; 8.998      ;
; 10.940 ; rv32i_cpu:icpu|datapath:i_datapath|Instr_E[18]                                                                    ; rv32i_cpu:icpu|datapath:i_datapath|altshift_taps:PCPlus4_E_rtl_0|shift_taps_bkm:auto_generated|altsyncram_r861:altsyncram4|ram_block7a0~porta_datain_reg0 ; clk          ; clk         ; 20.000       ; -0.100     ; 8.969      ;
; 10.941 ; dualport_mem_synch_rw_dualclk:imem|altsyncram:mem_rtl_0|altsyncram_vod2:auto_generated|ram_block1a2~portb_we_reg  ; rv32i_cpu:icpu|datapath:i_datapath|rs2_data_E[29]                                                                                                         ; clk          ; clk         ; 20.000       ; -0.049     ; 8.997      ;
; 10.947 ; dualport_mem_synch_rw_dualclk:imem|altsyncram:mem_rtl_0|altsyncram_vod2:auto_generated|ram_block1a2~portb_we_reg  ; rv32i_cpu:icpu|datapath:i_datapath|rs1_data_E[7]                                                                                                          ; clk          ; clk         ; 20.000       ; -0.033     ; 9.007      ;
; 10.951 ; dualport_mem_synch_rw_dualclk:imem|altsyncram:mem_rtl_0|altsyncram_vod2:auto_generated|ram_block1a17~portb_we_reg ; rv32i_cpu:icpu|datapath:i_datapath|rs2_data_E[5]                                                                                                          ; clk          ; clk         ; 20.000       ; -0.040     ; 8.996      ;
; 10.951 ; dualport_mem_synch_rw_dualclk:imem|altsyncram:mem_rtl_0|altsyncram_vod2:auto_generated|ram_block1a8~portb_we_reg  ; rv32i_cpu:icpu|datapath:i_datapath|rs1_data_E[8]                                                                                                          ; clk          ; clk         ; 20.000       ; -0.026     ; 9.010      ;
; 10.952 ; dualport_mem_synch_rw_dualclk:imem|altsyncram:mem_rtl_0|altsyncram_vod2:auto_generated|ram_block1a17~portb_we_reg ; rv32i_cpu:icpu|datapath:i_datapath|rs2_data_E[14]                                                                                                         ; clk          ; clk         ; 20.000       ; -0.040     ; 8.995      ;
; 10.952 ; dualport_mem_synch_rw_dualclk:imem|altsyncram:mem_rtl_0|altsyncram_vod2:auto_generated|ram_block1a17~portb_we_reg ; rv32i_cpu:icpu|datapath:i_datapath|rs2_data_E[0]                                                                                                          ; clk          ; clk         ; 20.000       ; -0.040     ; 8.995      ;
; 10.952 ; dualport_mem_synch_rw_dualclk:imem|altsyncram:mem_rtl_0|altsyncram_vod2:auto_generated|ram_block1a2~portb_we_reg  ; rv32i_cpu:icpu|datapath:i_datapath|rs2_data_E[15]                                                                                                         ; clk          ; clk         ; 20.000       ; -0.025     ; 9.010      ;
; 10.953 ; dualport_mem_synch_rw_dualclk:imem|altsyncram:mem_rtl_0|altsyncram_vod2:auto_generated|ram_block1a17~portb_we_reg ; rv32i_cpu:icpu|datapath:i_datapath|rs2_data_E[22]                                                                                                         ; clk          ; clk         ; 20.000       ; -0.050     ; 8.984      ;
; 10.953 ; dualport_mem_synch_rw_dualclk:imem|altsyncram:mem_rtl_0|altsyncram_vod2:auto_generated|ram_block1a17~portb_we_reg ; rv32i_cpu:icpu|datapath:i_datapath|rs2_data_E[17]                                                                                                         ; clk          ; clk         ; 20.000       ; -0.050     ; 8.984      ;
; 10.953 ; dualport_mem_synch_rw_dualclk:imem|altsyncram:mem_rtl_0|altsyncram_vod2:auto_generated|ram_block1a2~portb_we_reg  ; rv32i_cpu:icpu|datapath:i_datapath|ImmExt_E[15]                                                                                                           ; clk          ; clk         ; 20.000       ; -0.245     ; 8.789      ;
; 10.953 ; dualport_mem_synch_rw_dualclk:imem|altsyncram:mem_rtl_0|altsyncram_vod2:auto_generated|ram_block1a2~portb_we_reg  ; rv32i_cpu:icpu|datapath:i_datapath|ImmExt_E[16]                                                                                                           ; clk          ; clk         ; 20.000       ; -0.245     ; 8.789      ;
; 10.953 ; dualport_mem_synch_rw_dualclk:imem|altsyncram:mem_rtl_0|altsyncram_vod2:auto_generated|ram_block1a2~portb_we_reg  ; rv32i_cpu:icpu|datapath:i_datapath|rs1_data_E[19]                                                                                                         ; clk          ; clk         ; 20.000       ; -0.046     ; 8.988      ;
; 10.953 ; dualport_mem_synch_rw_dualclk:imem|altsyncram:mem_rtl_0|altsyncram_vod2:auto_generated|ram_block1a2~portb_we_reg  ; rv32i_cpu:icpu|datapath:i_datapath|ImmExt_E[4]                                                                                                            ; clk          ; clk         ; 20.000       ; -0.249     ; 8.785      ;
; 10.953 ; dualport_mem_synch_rw_dualclk:imem|altsyncram:mem_rtl_0|altsyncram_vod2:auto_generated|ram_block1a2~portb_we_reg  ; rv32i_cpu:icpu|datapath:i_datapath|ImmExt_E[1]                                                                                                            ; clk          ; clk         ; 20.000       ; -0.249     ; 8.785      ;
; 10.953 ; rv32i_cpu:icpu|datapath:i_datapath|Instr_E[16]                                                                    ; rv32i_cpu:icpu|datapath:i_datapath|altshift_taps:PCPlus4_E_rtl_0|shift_taps_bkm:auto_generated|altsyncram_r861:altsyncram4|ram_block7a0~porta_datain_reg0 ; clk          ; clk         ; 20.000       ; -0.100     ; 8.956      ;
; 10.954 ; dualport_mem_synch_rw_dualclk:imem|altsyncram:mem_rtl_0|altsyncram_vod2:auto_generated|ram_block1a17~portb_we_reg ; rv32i_cpu:icpu|datapath:i_datapath|rs2_data_E[10]                                                                                                         ; clk          ; clk         ; 20.000       ; -0.040     ; 8.993      ;
; 10.954 ; dualport_mem_synch_rw_dualclk:imem|altsyncram:mem_rtl_0|altsyncram_vod2:auto_generated|ram_block1a2~portb_we_reg  ; rv32i_cpu:icpu|datapath:i_datapath|ImmExt_E[12]                                                                                                           ; clk          ; clk         ; 20.000       ; -0.245     ; 8.788      ;
; 10.954 ; dualport_mem_synch_rw_dualclk:imem|altsyncram:mem_rtl_0|altsyncram_vod2:auto_generated|ram_block1a2~portb_we_reg  ; rv32i_cpu:icpu|datapath:i_datapath|ImmExt_E[2]                                                                                                            ; clk          ; clk         ; 20.000       ; -0.249     ; 8.784      ;
; 10.954 ; dualport_mem_synch_rw_dualclk:imem|altsyncram:mem_rtl_0|altsyncram_vod2:auto_generated|ram_block1a8~portb_we_reg  ; rv32i_cpu:icpu|datapath:i_datapath|rs1_data_E[2]                                                                                                          ; clk          ; clk         ; 20.000       ; -0.026     ; 9.007      ;
; 10.955 ; dualport_mem_synch_rw_dualclk:imem|altsyncram:mem_rtl_0|altsyncram_vod2:auto_generated|ram_block1a17~portb_we_reg ; rv32i_cpu:icpu|datapath:i_datapath|PC_D[29]_OTERM5_OTERM1129_OTERM1421                                                                                    ; clk          ; clk         ; 20.000       ; -0.069     ; 8.963      ;
; 10.955 ; dualport_mem_synch_rw_dualclk:imem|altsyncram:mem_rtl_0|altsyncram_vod2:auto_generated|ram_block1a17~portb_we_reg ; rv32i_cpu:icpu|datapath:i_datapath|rs2_data_E[30]                                                                                                         ; clk          ; clk         ; 20.000       ; -0.050     ; 8.982      ;
; 10.955 ; dualport_mem_synch_rw_dualclk:imem|altsyncram:mem_rtl_0|altsyncram_vod2:auto_generated|ram_block1a2~portb_we_reg  ; rv32i_cpu:icpu|datapath:i_datapath|ImmExt_E[19]                                                                                                           ; clk          ; clk         ; 20.000       ; -0.245     ; 8.787      ;
; 10.956 ; dualport_mem_synch_rw_dualclk:imem|altsyncram:mem_rtl_0|altsyncram_vod2:auto_generated|ram_block1a17~portb_we_reg ; rv32i_cpu:icpu|datapath:i_datapath|rs2_data_E[19]                                                                                                         ; clk          ; clk         ; 20.000       ; -0.040     ; 8.991      ;
; 10.956 ; dualport_mem_synch_rw_dualclk:imem|altsyncram:mem_rtl_0|altsyncram_vod2:auto_generated|ram_block1a17~portb_we_reg ; rv32i_cpu:icpu|datapath:i_datapath|rs2_data_E[7]                                                                                                          ; clk          ; clk         ; 20.000       ; -0.040     ; 8.991      ;
; 10.956 ; dualport_mem_synch_rw_dualclk:imem|altsyncram:mem_rtl_0|altsyncram_vod2:auto_generated|ram_block1a2~portb_we_reg  ; rv32i_cpu:icpu|datapath:i_datapath|rs2_data_E[9]                                                                                                          ; clk          ; clk         ; 20.000       ; -0.042     ; 8.989      ;
; 10.956 ; dualport_mem_synch_rw_dualclk:imem|altsyncram:mem_rtl_0|altsyncram_vod2:auto_generated|ram_block1a2~portb_we_reg  ; rv32i_cpu:icpu|datapath:i_datapath|ImmExt_E[13]                                                                                                           ; clk          ; clk         ; 20.000       ; -0.245     ; 8.786      ;
; 10.957 ; dualport_mem_synch_rw_dualclk:imem|altsyncram:mem_rtl_0|altsyncram_vod2:auto_generated|ram_block1a2~portb_we_reg  ; rv32i_cpu:icpu|datapath:i_datapath|ImmExt_E[14]                                                                                                           ; clk          ; clk         ; 20.000       ; -0.245     ; 8.785      ;
; 10.959 ; dualport_mem_synch_rw_dualclk:imem|altsyncram:mem_rtl_0|altsyncram_vod2:auto_generated|ram_block1a2~portb_we_reg  ; rv32i_cpu:icpu|datapath:i_datapath|rs2_data_E[8]                                                                                                          ; clk          ; clk         ; 20.000       ; -0.047     ; 8.981      ;
; 10.960 ; dualport_mem_synch_rw_dualclk:imem|altsyncram:mem_rtl_0|altsyncram_vod2:auto_generated|ram_block1a2~portb_we_reg  ; rv32i_cpu:icpu|datapath:i_datapath|ImmExt_E[3]                                                                                                            ; clk          ; clk         ; 20.000       ; -0.249     ; 8.778      ;
; 10.962 ; dualport_mem_synch_rw_dualclk:imem|altsyncram:mem_rtl_0|altsyncram_vod2:auto_generated|ram_block1a2~portb_we_reg  ; rv32i_cpu:icpu|datapath:i_datapath|rs2_data_E[6]                                                                                                          ; clk          ; clk         ; 20.000       ; -0.032     ; 8.993      ;
; 10.963 ; dualport_mem_synch_rw_dualclk:imem|altsyncram:mem_rtl_0|altsyncram_vod2:auto_generated|ram_block1a2~portb_we_reg  ; rv32i_cpu:icpu|datapath:i_datapath|rs2_data_E[24]                                                                                                         ; clk          ; clk         ; 20.000       ; -0.032     ; 8.992      ;
; 10.967 ; dualport_mem_synch_rw_dualclk:imem|altsyncram:mem_rtl_0|altsyncram_vod2:auto_generated|ram_block1a8~portb_we_reg  ; rv32i_cpu:icpu|datapath:i_datapath|rs2_data_E[5]                                                                                                          ; clk          ; clk         ; 20.000       ; -0.023     ; 8.997      ;
; 10.968 ; dualport_mem_synch_rw_dualclk:imem|altsyncram:mem_rtl_0|altsyncram_vod2:auto_generated|ram_block1a8~portb_we_reg  ; rv32i_cpu:icpu|datapath:i_datapath|rs2_data_E[14]                                                                                                         ; clk          ; clk         ; 20.000       ; -0.023     ; 8.996      ;
; 10.968 ; dualport_mem_synch_rw_dualclk:imem|altsyncram:mem_rtl_0|altsyncram_vod2:auto_generated|ram_block1a8~portb_we_reg  ; rv32i_cpu:icpu|datapath:i_datapath|rs2_data_E[0]                                                                                                          ; clk          ; clk         ; 20.000       ; -0.023     ; 8.996      ;
; 10.969 ; dualport_mem_synch_rw_dualclk:imem|altsyncram:mem_rtl_0|altsyncram_vod2:auto_generated|ram_block1a8~portb_we_reg  ; rv32i_cpu:icpu|datapath:i_datapath|rs2_data_E[22]                                                                                                         ; clk          ; clk         ; 20.000       ; -0.033     ; 8.985      ;
; 10.969 ; dualport_mem_synch_rw_dualclk:imem|altsyncram:mem_rtl_0|altsyncram_vod2:auto_generated|ram_block1a8~portb_we_reg  ; rv32i_cpu:icpu|datapath:i_datapath|rs2_data_E[17]                                                                                                         ; clk          ; clk         ; 20.000       ; -0.033     ; 8.985      ;
; 10.970 ; dualport_mem_synch_rw_dualclk:imem|altsyncram:mem_rtl_0|altsyncram_vod2:auto_generated|ram_block1a8~portb_we_reg  ; rv32i_cpu:icpu|datapath:i_datapath|rs2_data_E[10]                                                                                                         ; clk          ; clk         ; 20.000       ; -0.023     ; 8.994      ;
; 10.971 ; dualport_mem_synch_rw_dualclk:imem|altsyncram:mem_rtl_0|altsyncram_vod2:auto_generated|ram_block1a2~portb_we_reg  ; rv32i_cpu:icpu|datapath:i_datapath|PC_D[29]_OTERM5_OTERM1129_OTERM1423                                                                                    ; clk          ; clk         ; 20.000       ; -0.072     ; 8.944      ;
; 10.971 ; dualport_mem_synch_rw_dualclk:imem|altsyncram:mem_rtl_0|altsyncram_vod2:auto_generated|ram_block1a2~portb_we_reg  ; rv32i_cpu:icpu|datapath:i_datapath|PC_D[29]_OTERM5_OTERM1129_OTERM1417                                                                                    ; clk          ; clk         ; 20.000       ; -0.072     ; 8.944      ;
; 10.971 ; dualport_mem_synch_rw_dualclk:imem|altsyncram:mem_rtl_0|altsyncram_vod2:auto_generated|ram_block1a2~portb_we_reg  ; rv32i_cpu:icpu|datapath:i_datapath|PC_D[29]_OTERM5_OTERM1129_OTERM1419                                                                                    ; clk          ; clk         ; 20.000       ; -0.072     ; 8.944      ;
; 10.971 ; dualport_mem_synch_rw_dualclk:imem|altsyncram:mem_rtl_0|altsyncram_vod2:auto_generated|ram_block1a8~portb_we_reg  ; rv32i_cpu:icpu|datapath:i_datapath|PC_D[29]_OTERM5_OTERM1129_OTERM1421                                                                                    ; clk          ; clk         ; 20.000       ; -0.052     ; 8.964      ;
; 10.971 ; dualport_mem_synch_rw_dualclk:imem|altsyncram:mem_rtl_0|altsyncram_vod2:auto_generated|ram_block1a8~portb_we_reg  ; rv32i_cpu:icpu|datapath:i_datapath|rs2_data_E[30]                                                                                                         ; clk          ; clk         ; 20.000       ; -0.033     ; 8.983      ;
; 10.972 ; dualport_mem_synch_rw_dualclk:imem|altsyncram:mem_rtl_0|altsyncram_vod2:auto_generated|ram_block1a8~portb_we_reg  ; rv32i_cpu:icpu|datapath:i_datapath|rs2_data_E[19]                                                                                                         ; clk          ; clk         ; 20.000       ; -0.023     ; 8.992      ;
; 10.972 ; dualport_mem_synch_rw_dualclk:imem|altsyncram:mem_rtl_0|altsyncram_vod2:auto_generated|ram_block1a8~portb_we_reg  ; rv32i_cpu:icpu|datapath:i_datapath|rs2_data_E[7]                                                                                                          ; clk          ; clk         ; 20.000       ; -0.023     ; 8.992      ;
; 10.985 ; dualport_mem_synch_rw_dualclk:imem|altsyncram:mem_rtl_0|altsyncram_vod2:auto_generated|ram_block1a2~portb_we_reg  ; rv32i_cpu:icpu|datapath:i_datapath|rs2_data_E[13]                                                                                                         ; clk          ; clk         ; 20.000       ; -0.037     ; 8.965      ;
; 10.985 ; dualport_mem_synch_rw_dualclk:imem|altsyncram:mem_rtl_0|altsyncram_vod2:auto_generated|ram_block1a2~portb_we_reg  ; rv32i_cpu:icpu|datapath:i_datapath|rs2_data_E[23]                                                                                                         ; clk          ; clk         ; 20.000       ; -0.037     ; 8.965      ;
; 10.987 ; dualport_mem_synch_rw_dualclk:imem|altsyncram:mem_rtl_0|altsyncram_vod2:auto_generated|ram_block1a17~portb_we_reg ; rv32i_cpu:icpu|datapath:i_datapath|rs1_data_E[10]                                                                                                         ; clk          ; clk         ; 20.000       ; -0.046     ; 8.954      ;
; 10.987 ; dualport_mem_synch_rw_dualclk:imem|altsyncram:mem_rtl_0|altsyncram_vod2:auto_generated|ram_block1a2~portb_we_reg  ; rv32i_cpu:icpu|datapath:i_datapath|rs2_data_E[18]                                                                                                         ; clk          ; clk         ; 20.000       ; -0.274     ; 8.726      ;
; 10.988 ; dualport_mem_synch_rw_dualclk:imem|altsyncram:mem_rtl_0|altsyncram_vod2:auto_generated|ram_block1a17~portb_we_reg ; rv32i_cpu:icpu|datapath:i_datapath|ImmExt_E[22]                                                                                                           ; clk          ; clk         ; 20.000       ; -0.251     ; 8.748      ;
; 10.989 ; dualport_mem_synch_rw_dualclk:imem|altsyncram:mem_rtl_0|altsyncram_vod2:auto_generated|ram_block1a17~portb_we_reg ; rv32i_cpu:icpu|datapath:i_datapath|ImmExt_E[25]                                                                                                           ; clk          ; clk         ; 20.000       ; -0.251     ; 8.747      ;
; 10.990 ; dualport_mem_synch_rw_dualclk:imem|altsyncram:mem_rtl_0|altsyncram_vod2:auto_generated|ram_block1a17~portb_we_reg ; rv32i_cpu:icpu|datapath:i_datapath|rs1_data_E[11]                                                                                                         ; clk          ; clk         ; 20.000       ; -0.046     ; 8.951      ;
; 10.990 ; dualport_mem_synch_rw_dualclk:imem|altsyncram:mem_rtl_0|altsyncram_vod2:auto_generated|ram_block1a2~portb_we_reg  ; rv32i_cpu:icpu|datapath:i_datapath|rs2_data_E[12]                                                                                                         ; clk          ; clk         ; 20.000       ; -0.037     ; 8.960      ;
; 10.991 ; dualport_mem_synch_rw_dualclk:imem|altsyncram:mem_rtl_0|altsyncram_vod2:auto_generated|ram_block1a17~portb_we_reg ; rv32i_cpu:icpu|datapath:i_datapath|ImmExt_E[26]                                                                                                           ; clk          ; clk         ; 20.000       ; -0.251     ; 8.745      ;
; 10.995 ; dualport_mem_synch_rw_dualclk:imem|altsyncram:mem_rtl_0|altsyncram_vod2:auto_generated|ram_block1a17~portb_we_reg ; rv32i_cpu:icpu|datapath:i_datapath|rs2_data_E[2]                                                                                                          ; clk          ; clk         ; 20.000       ; -0.039     ; 8.953      ;
; 10.996 ; dualport_mem_synch_rw_dualclk:imem|altsyncram:mem_rtl_0|altsyncram_vod2:auto_generated|ram_block1a17~portb_we_reg ; rv32i_cpu:icpu|datapath:i_datapath|rs2_data_E[3]                                                                                                          ; clk          ; clk         ; 20.000       ; -0.039     ; 8.952      ;
; 10.997 ; dualport_mem_synch_rw_dualclk:imem|altsyncram:mem_rtl_0|altsyncram_vod2:auto_generated|ram_block1a17~portb_we_reg ; rv32i_cpu:icpu|datapath:i_datapath|rs2_data_E[11]                                                                                                         ; clk          ; clk         ; 20.000       ; -0.039     ; 8.951      ;
; 10.997 ; dualport_mem_synch_rw_dualclk:imem|altsyncram:mem_rtl_0|altsyncram_vod2:auto_generated|ram_block1a0~portb_we_reg  ; rv32i_cpu:icpu|datapath:i_datapath|rs1_data_E[8]                                                                                                          ; clk          ; clk         ; 20.000       ; -0.027     ; 8.963      ;
; 11.000 ; dualport_mem_synch_rw_dualclk:imem|altsyncram:mem_rtl_0|altsyncram_vod2:auto_generated|ram_block1a0~portb_we_reg  ; rv32i_cpu:icpu|datapath:i_datapath|rs1_data_E[2]                                                                                                          ; clk          ; clk         ; 20.000       ; -0.027     ; 8.960      ;
+--------+-------------------------------------------------------------------------------------------------------------------+-----------------------------------------------------------------------------------------------------------------------------------------------------------+--------------+-------------+--------------+------------+------------+


+-----------------------------------------------------------------------------------------------------------------------------------------------------------------------------------------------------------------------------------------+
; Fast 1200mV 0C Model Hold: 'clk'                                                                                                                                                                                                        ;
+-------+-----------------------------------------------------------------------------+-----------------------------------------------------------------------------+--------------+-------------+--------------+------------+------------+
; Slack ; From Node                                                                   ; To Node                                                                     ; Launch Clock ; Latch Clock ; Relationship ; Clock Skew ; Data Delay ;
+-------+-----------------------------------------------------------------------------+-----------------------------------------------------------------------------+--------------+-------------+--------------+------------+------------+
; 0.173 ; GPIO:iGPIO|SW_StatusR[1]                                                    ; GPIO:iGPIO|SW_StatusR[1]                                                    ; clk          ; clk         ; 0.000        ; 0.050      ; 0.307      ;
; 0.173 ; GPIO:iGPIO|SW_StatusR[2]                                                    ; GPIO:iGPIO|SW_StatusR[2]                                                    ; clk          ; clk         ; 0.000        ; 0.050      ; 0.307      ;
; 0.173 ; GPIO:iGPIO|SW_StatusR[3]                                                    ; GPIO:iGPIO|SW_StatusR[3]                                                    ; clk          ; clk         ; 0.000        ; 0.050      ; 0.307      ;
; 0.173 ; rv32i_cpu:icpu|datapath:i_datapath|pc_flopr:pcreg|q[1]_OTERM137             ; rv32i_cpu:icpu|datapath:i_datapath|pc_flopr:pcreg|q[1]_OTERM137             ; clk          ; clk         ; 0.000        ; 0.050      ; 0.307      ;
; 0.174 ; GPIO:iGPIO|SW_StatusR[4]                                                    ; GPIO:iGPIO|SW_StatusR[4]                                                    ; clk          ; clk         ; 0.000        ; 0.049      ; 0.307      ;
; 0.174 ; GPIO:iGPIO|SW_StatusR[7]                                                    ; GPIO:iGPIO|SW_StatusR[7]                                                    ; clk          ; clk         ; 0.000        ; 0.049      ; 0.307      ;
; 0.174 ; rv32i_cpu:icpu|datapath:i_datapath|PC_D[11]_OTERM53_OTERM1177               ; rv32i_cpu:icpu|datapath:i_datapath|PC_D[11]_OTERM53_OTERM1177               ; clk          ; clk         ; 0.000        ; 0.049      ; 0.307      ;
; 0.174 ; rv32i_cpu:icpu|datapath:i_datapath|PC_D[1]_OTERM41_OTERM1201                ; rv32i_cpu:icpu|datapath:i_datapath|PC_D[1]_OTERM41_OTERM1201                ; clk          ; clk         ; 0.000        ; 0.049      ; 0.307      ;
; 0.175 ; rv32i_cpu:icpu|datapath:i_datapath|pc_flopr:pcreg|q[0]_OTERM161             ; rv32i_cpu:icpu|datapath:i_datapath|pc_flopr:pcreg|q[0]_OTERM161             ; clk          ; clk         ; 0.000        ; 0.048      ; 0.307      ;
; 0.175 ; rv32i_cpu:icpu|datapath:i_datapath|PC_D[29]_OTERM5_OTERM1133_OTERM1425      ; rv32i_cpu:icpu|datapath:i_datapath|PC_D[29]_OTERM5_OTERM1133_OTERM1425      ; clk          ; clk         ; 0.000        ; 0.048      ; 0.307      ;
; 0.175 ; rv32i_cpu:icpu|datapath:i_datapath|PC_D[29]_OTERM5_OTERM1131_OTERM1431      ; rv32i_cpu:icpu|datapath:i_datapath|PC_D[29]_OTERM5_OTERM1131_OTERM1431      ; clk          ; clk         ; 0.000        ; 0.048      ; 0.307      ;
; 0.181 ; GPIO:iGPIO|SW_StatusR[9]                                                    ; GPIO:iGPIO|SW_StatusR[9]                                                    ; clk          ; clk         ; 0.000        ; 0.042      ; 0.307      ;
; 0.181 ; GPIO:iGPIO|SW_StatusR[8]                                                    ; GPIO:iGPIO|SW_StatusR[8]                                                    ; clk          ; clk         ; 0.000        ; 0.042      ; 0.307      ;
; 0.181 ; GPIO:iGPIO|SW_StatusR[0]                                                    ; GPIO:iGPIO|SW_StatusR[0]                                                    ; clk          ; clk         ; 0.000        ; 0.042      ; 0.307      ;
; 0.181 ; TimerCounter:iTimer|StatusR[0]                                              ; TimerCounter:iTimer|StatusR[0]                                              ; clk          ; clk         ; 0.000        ; 0.042      ; 0.307      ;
; 0.181 ; uart_wrap:iuart_wrap|uart:u_uart|uart_transmitter:uatransmit|bit_counter[1] ; uart_wrap:iuart_wrap|uart:u_uart|uart_transmitter:uatransmit|bit_counter[1] ; clk          ; clk         ; 0.000        ; 0.042      ; 0.307      ;
; 0.181 ; uart_wrap:iuart_wrap|uart:u_uart|uart_transmitter:uatransmit|bit_counter[3] ; uart_wrap:iuart_wrap|uart:u_uart|uart_transmitter:uatransmit|bit_counter[3] ; clk          ; clk         ; 0.000        ; 0.042      ; 0.307      ;
; 0.181 ; uart_wrap:iuart_wrap|uart:u_uart|uart_receiver:uareceive|has_byte           ; uart_wrap:iuart_wrap|uart:u_uart|uart_receiver:uareceive|has_byte           ; clk          ; clk         ; 0.000        ; 0.042      ; 0.307      ;
; 0.181 ; uart_wrap:iuart_wrap|uart:u_uart|uart_receiver:uareceive|bit_counter[0]     ; uart_wrap:iuart_wrap|uart:u_uart|uart_receiver:uareceive|bit_counter[0]     ; clk          ; clk         ; 0.000        ; 0.042      ; 0.307      ;
; 0.181 ; rv32i_cpu:icpu|datapath:i_datapath|PC_D[29]_OTERM5_OTERM1131_OTERM1429      ; rv32i_cpu:icpu|datapath:i_datapath|PC_D[29]_OTERM5_OTERM1131_OTERM1431      ; clk          ; clk         ; 0.000        ; 0.048      ; 0.313      ;
; 0.182 ; GPIO:iGPIO|BUTTON_StatusR[1]                                                ; GPIO:iGPIO|BUTTON_StatusR[1]                                                ; clk          ; clk         ; 0.000        ; 0.041      ; 0.307      ;
; 0.182 ; GPIO:iGPIO|SW_StatusR[5]                                                    ; GPIO:iGPIO|SW_StatusR[5]                                                    ; clk          ; clk         ; 0.000        ; 0.041      ; 0.307      ;
; 0.182 ; GPIO:iGPIO|SW_StatusR[6]                                                    ; GPIO:iGPIO|SW_StatusR[6]                                                    ; clk          ; clk         ; 0.000        ; 0.041      ; 0.307      ;
; 0.182 ; GPIO:iGPIO|BUTTON_StatusR[2]                                                ; GPIO:iGPIO|BUTTON_StatusR[2]                                                ; clk          ; clk         ; 0.000        ; 0.041      ; 0.307      ;
; 0.182 ; uart_wrap:iuart_wrap|uart:u_uart|uart_transmitter:uatransmit|bit_counter[0] ; uart_wrap:iuart_wrap|uart:u_uart|uart_transmitter:uatransmit|bit_counter[0] ; clk          ; clk         ; 0.000        ; 0.041      ; 0.307      ;
; 0.182 ; rv32i_cpu:icpu|datapath:i_datapath|PCPlus4_D[31]_OTERM131_OTERM1269         ; rv32i_cpu:icpu|datapath:i_datapath|PCPlus4_D[31]_OTERM131_OTERM1269         ; clk          ; clk         ; 0.000        ; 0.041      ; 0.307      ;
; 0.182 ; rv32i_cpu:icpu|datapath:i_datapath|PCPlus4_D[28]_OTERM125_OTERM1281         ; rv32i_cpu:icpu|datapath:i_datapath|PCPlus4_D[28]_OTERM125_OTERM1281         ; clk          ; clk         ; 0.000        ; 0.041      ; 0.307      ;
; 0.182 ; rv32i_cpu:icpu|datapath:i_datapath|PCPlus4_D[24]_OTERM117_OTERM1297         ; rv32i_cpu:icpu|datapath:i_datapath|PCPlus4_D[24]_OTERM117_OTERM1297         ; clk          ; clk         ; 0.000        ; 0.041      ; 0.307      ;
; 0.182 ; rv32i_cpu:icpu|datapath:i_datapath|PCPlus4_D[23]_OTERM115_OTERM1301         ; rv32i_cpu:icpu|datapath:i_datapath|PCPlus4_D[23]_OTERM115_OTERM1301         ; clk          ; clk         ; 0.000        ; 0.041      ; 0.307      ;
; 0.182 ; rv32i_cpu:icpu|datapath:i_datapath|PCPlus4_D[18]_OTERM105_OTERM1321         ; rv32i_cpu:icpu|datapath:i_datapath|PCPlus4_D[18]_OTERM105_OTERM1321         ; clk          ; clk         ; 0.000        ; 0.041      ; 0.307      ;
; 0.182 ; rv32i_cpu:icpu|datapath:i_datapath|PCPlus4_D[12]_OTERM95_OTERM1341          ; rv32i_cpu:icpu|datapath:i_datapath|PCPlus4_D[12]_OTERM95_OTERM1341          ; clk          ; clk         ; 0.000        ; 0.041      ; 0.307      ;
; 0.182 ; rv32i_cpu:icpu|datapath:i_datapath|PCPlus4_D[2]_OTERM83_OTERM1363           ; rv32i_cpu:icpu|datapath:i_datapath|PCPlus4_D[2]_OTERM83_OTERM1363           ; clk          ; clk         ; 0.000        ; 0.041      ; 0.307      ;
; 0.182 ; rv32i_cpu:icpu|datapath:i_datapath|PC_D[2]_OTERM45_OTERM1193                ; rv32i_cpu:icpu|datapath:i_datapath|PC_D[2]_OTERM45_OTERM1193                ; clk          ; clk         ; 0.000        ; 0.041      ; 0.307      ;
; 0.182 ; rv32i_cpu:icpu|datapath:i_datapath|PC_D[11]_OTERM53_OTERM1179               ; rv32i_cpu:icpu|datapath:i_datapath|PC_D[11]_OTERM53_OTERM1177               ; clk          ; clk         ; 0.000        ; 0.049      ; 0.315      ;
; 0.183 ; rv32i_cpu:icpu|datapath:i_datapath|PCPlus4_D[3]_OTERM81_OTERM1367           ; rv32i_cpu:icpu|datapath:i_datapath|PCPlus4_D[3]_OTERM81_OTERM1367           ; clk          ; clk         ; 0.000        ; 0.040      ; 0.307      ;
; 0.183 ; rv32i_cpu:icpu|datapath:i_datapath|PCPlus4_D[27]_OTERM123_OTERM1285         ; rv32i_cpu:icpu|datapath:i_datapath|PCPlus4_D[27]_OTERM123_OTERM1285         ; clk          ; clk         ; 0.000        ; 0.040      ; 0.307      ;
; 0.183 ; rv32i_cpu:icpu|datapath:i_datapath|PCPlus4_D[25]_OTERM119_OTERM1293         ; rv32i_cpu:icpu|datapath:i_datapath|PCPlus4_D[25]_OTERM119_OTERM1293         ; clk          ; clk         ; 0.000        ; 0.040      ; 0.307      ;
; 0.183 ; rv32i_cpu:icpu|datapath:i_datapath|PCPlus4_D[19]_OTERM107_OTERM1317         ; rv32i_cpu:icpu|datapath:i_datapath|PCPlus4_D[19]_OTERM107_OTERM1317         ; clk          ; clk         ; 0.000        ; 0.040      ; 0.307      ;
; 0.183 ; rv32i_cpu:icpu|datapath:i_datapath|PCPlus4_D[16]_OTERM101_OTERM1329         ; rv32i_cpu:icpu|datapath:i_datapath|PCPlus4_D[16]_OTERM101_OTERM1329         ; clk          ; clk         ; 0.000        ; 0.040      ; 0.307      ;
; 0.183 ; rv32i_cpu:icpu|datapath:i_datapath|PCPlus4_D[15]_OTERM99_OTERM1333          ; rv32i_cpu:icpu|datapath:i_datapath|PCPlus4_D[15]_OTERM99_OTERM1333          ; clk          ; clk         ; 0.000        ; 0.040      ; 0.307      ;
; 0.183 ; rv32i_cpu:icpu|datapath:i_datapath|PCPlus4_D[13]_OTERM93_OTERM1345          ; rv32i_cpu:icpu|datapath:i_datapath|PCPlus4_D[13]_OTERM93_OTERM1345          ; clk          ; clk         ; 0.000        ; 0.040      ; 0.307      ;
; 0.183 ; rv32i_cpu:icpu|datapath:i_datapath|PCPlus4_D[11]_OTERM91_OTERM1349          ; rv32i_cpu:icpu|datapath:i_datapath|PCPlus4_D[11]_OTERM91_OTERM1349          ; clk          ; clk         ; 0.000        ; 0.040      ; 0.307      ;
; 0.183 ; rv32i_cpu:icpu|datapath:i_datapath|PCPlus4_D[10]_OTERM89_OTERM1353          ; rv32i_cpu:icpu|datapath:i_datapath|PCPlus4_D[10]_OTERM89_OTERM1353          ; clk          ; clk         ; 0.000        ; 0.040      ; 0.307      ;
; 0.183 ; rv32i_cpu:icpu|datapath:i_datapath|PCPlus4_D[9]_OTERM87_OTERM1357           ; rv32i_cpu:icpu|datapath:i_datapath|PCPlus4_D[9]_OTERM87_OTERM1357           ; clk          ; clk         ; 0.000        ; 0.040      ; 0.307      ;
; 0.183 ; rv32i_cpu:icpu|datapath:i_datapath|PCPlus4_D[6]_OTERM75_OTERM1379           ; rv32i_cpu:icpu|datapath:i_datapath|PCPlus4_D[6]_OTERM75_OTERM1379           ; clk          ; clk         ; 0.000        ; 0.040      ; 0.307      ;
; 0.183 ; rv32i_cpu:icpu|datapath:i_datapath|PCPlus4_D[5]_OTERM73_OTERM1383           ; rv32i_cpu:icpu|datapath:i_datapath|PCPlus4_D[5]_OTERM73_OTERM1383           ; clk          ; clk         ; 0.000        ; 0.040      ; 0.307      ;
; 0.183 ; rv32i_cpu:icpu|datapath:i_datapath|PCPlus4_D[4]_OTERM79_OTERM1371           ; rv32i_cpu:icpu|datapath:i_datapath|PCPlus4_D[4]_OTERM79_OTERM1371           ; clk          ; clk         ; 0.000        ; 0.040      ; 0.307      ;
; 0.183 ; rv32i_cpu:icpu|datapath:i_datapath|PC_D[16]_OTERM29_OTERM1223               ; rv32i_cpu:icpu|datapath:i_datapath|PC_D[16]_OTERM29_OTERM1223               ; clk          ; clk         ; 0.000        ; 0.040      ; 0.307      ;
; 0.183 ; rv32i_cpu:icpu|datapath:i_datapath|PC_D[23]_OTERM63_OTERM1157               ; rv32i_cpu:icpu|datapath:i_datapath|PC_D[23]_OTERM63_OTERM1157               ; clk          ; clk         ; 0.000        ; 0.040      ; 0.307      ;
; 0.183 ; rv32i_cpu:icpu|datapath:i_datapath|PC_D[12]_OTERM57_OTERM1169               ; rv32i_cpu:icpu|datapath:i_datapath|PC_D[12]_OTERM57_OTERM1169               ; clk          ; clk         ; 0.000        ; 0.040      ; 0.307      ;
; 0.183 ; rv32i_cpu:icpu|datapath:i_datapath|PC_D[27]_OTERM37_OTERM1207               ; rv32i_cpu:icpu|datapath:i_datapath|PC_D[27]_OTERM37_OTERM1207               ; clk          ; clk         ; 0.000        ; 0.040      ; 0.307      ;
; 0.183 ; rv32i_cpu:icpu|datapath:i_datapath|PC_D[26]_OTERM27_OTERM1227               ; rv32i_cpu:icpu|datapath:i_datapath|PC_D[26]_OTERM27_OTERM1227               ; clk          ; clk         ; 0.000        ; 0.040      ; 0.307      ;
; 0.183 ; rv32i_cpu:icpu|datapath:i_datapath|PC_D[24]_OTERM35_OTERM1211               ; rv32i_cpu:icpu|datapath:i_datapath|PC_D[24]_OTERM35_OTERM1211               ; clk          ; clk         ; 0.000        ; 0.040      ; 0.307      ;
; 0.183 ; rv32i_cpu:icpu|datapath:i_datapath|PC_D[20]_OTERM23_OTERM1235               ; rv32i_cpu:icpu|datapath:i_datapath|PC_D[20]_OTERM23_OTERM1235               ; clk          ; clk         ; 0.000        ; 0.040      ; 0.307      ;
; 0.183 ; rv32i_cpu:icpu|datapath:i_datapath|PC_D[7]_OTERM71_OTERM1141                ; rv32i_cpu:icpu|datapath:i_datapath|PC_D[7]_OTERM71_OTERM1141                ; clk          ; clk         ; 0.000        ; 0.040      ; 0.307      ;
; 0.183 ; rv32i_cpu:icpu|datapath:i_datapath|PC_D[19]_OTERM31_OTERM1219               ; rv32i_cpu:icpu|datapath:i_datapath|PC_D[19]_OTERM31_OTERM1219               ; clk          ; clk         ; 0.000        ; 0.040      ; 0.307      ;
; 0.183 ; rv32i_cpu:icpu|datapath:i_datapath|PC_D[29]_OTERM1_OTERM1265                ; rv32i_cpu:icpu|datapath:i_datapath|PC_D[29]_OTERM1_OTERM1265                ; clk          ; clk         ; 0.000        ; 0.040      ; 0.307      ;
; 0.184 ; rv32i_cpu:icpu|datapath:i_datapath|PCPlus4_D[29]_OTERM127_OTERM1277         ; rv32i_cpu:icpu|datapath:i_datapath|PCPlus4_D[29]_OTERM127_OTERM1277         ; clk          ; clk         ; 0.000        ; 0.039      ; 0.307      ;
; 0.184 ; rv32i_cpu:icpu|datapath:i_datapath|PCPlus4_D[26]_OTERM121_OTERM1289         ; rv32i_cpu:icpu|datapath:i_datapath|PCPlus4_D[26]_OTERM121_OTERM1289         ; clk          ; clk         ; 0.000        ; 0.039      ; 0.307      ;
; 0.184 ; rv32i_cpu:icpu|datapath:i_datapath|PCPlus4_D[22]_OTERM113_OTERM1305         ; rv32i_cpu:icpu|datapath:i_datapath|PCPlus4_D[22]_OTERM113_OTERM1305         ; clk          ; clk         ; 0.000        ; 0.039      ; 0.307      ;
; 0.184 ; rv32i_cpu:icpu|datapath:i_datapath|PCPlus4_D[21]_OTERM111_OTERM1309         ; rv32i_cpu:icpu|datapath:i_datapath|PCPlus4_D[21]_OTERM111_OTERM1309         ; clk          ; clk         ; 0.000        ; 0.039      ; 0.307      ;
; 0.184 ; rv32i_cpu:icpu|datapath:i_datapath|PCPlus4_D[20]_OTERM109_OTERM1313         ; rv32i_cpu:icpu|datapath:i_datapath|PCPlus4_D[20]_OTERM109_OTERM1313         ; clk          ; clk         ; 0.000        ; 0.039      ; 0.307      ;
; 0.184 ; rv32i_cpu:icpu|datapath:i_datapath|PCPlus4_D[17]_OTERM103_OTERM1325         ; rv32i_cpu:icpu|datapath:i_datapath|PCPlus4_D[17]_OTERM103_OTERM1325         ; clk          ; clk         ; 0.000        ; 0.039      ; 0.307      ;
; 0.184 ; rv32i_cpu:icpu|datapath:i_datapath|PCPlus4_D[14]_OTERM97_OTERM1337          ; rv32i_cpu:icpu|datapath:i_datapath|PCPlus4_D[14]_OTERM97_OTERM1337          ; clk          ; clk         ; 0.000        ; 0.039      ; 0.307      ;
; 0.184 ; rv32i_cpu:icpu|datapath:i_datapath|PCPlus4_D[8]_OTERM85_OTERM1361           ; rv32i_cpu:icpu|datapath:i_datapath|PCPlus4_D[8]_OTERM85_OTERM1361           ; clk          ; clk         ; 0.000        ; 0.039      ; 0.307      ;
; 0.184 ; rv32i_cpu:icpu|datapath:i_datapath|PCPlus4_D[7]_OTERM77_OTERM1375           ; rv32i_cpu:icpu|datapath:i_datapath|PCPlus4_D[7]_OTERM77_OTERM1375           ; clk          ; clk         ; 0.000        ; 0.039      ; 0.307      ;
; 0.184 ; rv32i_cpu:icpu|datapath:i_datapath|PC_D[29]_OTERM5_OTERM1127_OTERM1435      ; rv32i_cpu:icpu|datapath:i_datapath|PC_D[29]_OTERM5_OTERM1127_OTERM1435      ; clk          ; clk         ; 0.000        ; 0.039      ; 0.307      ;
; 0.184 ; rv32i_cpu:icpu|datapath:i_datapath|PC_D[0]_OTERM65_OTERM1155                ; rv32i_cpu:icpu|datapath:i_datapath|PC_D[0]_OTERM65_OTERM1155                ; clk          ; clk         ; 0.000        ; 0.039      ; 0.307      ;
; 0.184 ; rv32i_cpu:icpu|datapath:i_datapath|PC_D[30]_OTERM7_OTERM1257                ; rv32i_cpu:icpu|datapath:i_datapath|PC_D[30]_OTERM7_OTERM1257                ; clk          ; clk         ; 0.000        ; 0.039      ; 0.307      ;
; 0.184 ; rv32i_cpu:icpu|datapath:i_datapath|PC_D[17]_OTERM17_OTERM1247               ; rv32i_cpu:icpu|datapath:i_datapath|PC_D[17]_OTERM17_OTERM1247               ; clk          ; clk         ; 0.000        ; 0.039      ; 0.307      ;
; 0.184 ; rv32i_cpu:icpu|datapath:i_datapath|PC_D[15]_OTERM61_OTERM1161               ; rv32i_cpu:icpu|datapath:i_datapath|PC_D[15]_OTERM61_OTERM1161               ; clk          ; clk         ; 0.000        ; 0.039      ; 0.307      ;
; 0.184 ; rv32i_cpu:icpu|datapath:i_datapath|PC_D[31]_OTERM9_OTERM1253                ; rv32i_cpu:icpu|datapath:i_datapath|PC_D[31]_OTERM9_OTERM1253                ; clk          ; clk         ; 0.000        ; 0.039      ; 0.307      ;
; 0.184 ; rv32i_cpu:icpu|datapath:i_datapath|PC_D[29]_OTERM3_OTERM1261                ; rv32i_cpu:icpu|datapath:i_datapath|PC_D[29]_OTERM3_OTERM1261                ; clk          ; clk         ; 0.000        ; 0.039      ; 0.307      ;
; 0.184 ; rv32i_cpu:icpu|datapath:i_datapath|PC_D[28]_OTERM11_OTERM1139               ; rv32i_cpu:icpu|datapath:i_datapath|PC_D[28]_OTERM11_OTERM1139               ; clk          ; clk         ; 0.000        ; 0.039      ; 0.307      ;
; 0.184 ; rv32i_cpu:icpu|datapath:i_datapath|PC_D[28]_OTERM13_OTERM1251               ; rv32i_cpu:icpu|datapath:i_datapath|PC_D[28]_OTERM13_OTERM1251               ; clk          ; clk         ; 0.000        ; 0.039      ; 0.307      ;
; 0.184 ; rv32i_cpu:icpu|datapath:i_datapath|PC_D[14]_OTERM59_OTERM1165               ; rv32i_cpu:icpu|datapath:i_datapath|PC_D[14]_OTERM59_OTERM1165               ; clk          ; clk         ; 0.000        ; 0.039      ; 0.307      ;
; 0.184 ; rv32i_cpu:icpu|datapath:i_datapath|PC_D[6]_OTERM69_OTERM1145                ; rv32i_cpu:icpu|datapath:i_datapath|PC_D[6]_OTERM69_OTERM1145                ; clk          ; clk         ; 0.000        ; 0.039      ; 0.307      ;
; 0.184 ; rv32i_cpu:icpu|datapath:i_datapath|PC_D[25]_OTERM25_OTERM1231               ; rv32i_cpu:icpu|datapath:i_datapath|PC_D[25]_OTERM25_OTERM1231               ; clk          ; clk         ; 0.000        ; 0.039      ; 0.307      ;
; 0.184 ; rv32i_cpu:icpu|datapath:i_datapath|PC_D[22]_OTERM33_OTERM1215               ; rv32i_cpu:icpu|datapath:i_datapath|PC_D[22]_OTERM33_OTERM1215               ; clk          ; clk         ; 0.000        ; 0.039      ; 0.307      ;
; 0.184 ; rv32i_cpu:icpu|datapath:i_datapath|PC_D[21]_OTERM19_OTERM1243               ; rv32i_cpu:icpu|datapath:i_datapath|PC_D[21]_OTERM19_OTERM1243               ; clk          ; clk         ; 0.000        ; 0.039      ; 0.307      ;
; 0.184 ; rv32i_cpu:icpu|datapath:i_datapath|PC_D[8]_OTERM47_OTERM1189                ; rv32i_cpu:icpu|datapath:i_datapath|PC_D[8]_OTERM47_OTERM1189                ; clk          ; clk         ; 0.000        ; 0.039      ; 0.307      ;
; 0.184 ; rv32i_cpu:icpu|datapath:i_datapath|PC_D[10]_OTERM51_OTERM1181               ; rv32i_cpu:icpu|datapath:i_datapath|PC_D[10]_OTERM51_OTERM1181               ; clk          ; clk         ; 0.000        ; 0.039      ; 0.307      ;
; 0.184 ; rv32i_cpu:icpu|datapath:i_datapath|PC_D[9]_OTERM49_OTERM1185                ; rv32i_cpu:icpu|datapath:i_datapath|PC_D[9]_OTERM49_OTERM1185                ; clk          ; clk         ; 0.000        ; 0.039      ; 0.307      ;
; 0.184 ; rv32i_cpu:icpu|datapath:i_datapath|PC_D[13]_OTERM55_OTERM1173               ; rv32i_cpu:icpu|datapath:i_datapath|PC_D[13]_OTERM55_OTERM1173               ; clk          ; clk         ; 0.000        ; 0.039      ; 0.307      ;
; 0.184 ; rv32i_cpu:icpu|datapath:i_datapath|PC_D[18]_OTERM21_OTERM1239               ; rv32i_cpu:icpu|datapath:i_datapath|PC_D[18]_OTERM21_OTERM1239               ; clk          ; clk         ; 0.000        ; 0.039      ; 0.307      ;
; 0.184 ; rv32i_cpu:icpu|datapath:i_datapath|PC_D[5]_OTERM67_OTERM1149                ; rv32i_cpu:icpu|datapath:i_datapath|PC_D[5]_OTERM67_OTERM1149                ; clk          ; clk         ; 0.000        ; 0.039      ; 0.307      ;
; 0.184 ; rv32i_cpu:icpu|datapath:i_datapath|PC_D[4]_OTERM39_OTERM1203                ; rv32i_cpu:icpu|datapath:i_datapath|PC_D[4]_OTERM39_OTERM1203                ; clk          ; clk         ; 0.000        ; 0.039      ; 0.307      ;
; 0.187 ; GPIO:iGPIO|pulse_gen:sw0|c_state.S2                                         ; GPIO:iGPIO|pulse_gen:sw0|c_state.S3                                         ; clk          ; clk         ; 0.000        ; 0.042      ; 0.313      ;
; 0.187 ; GPIO:iGPIO|SW_StatusR[0]                                                    ; data_mux:u_data_mux|r_read_data_gpio[0]                                     ; clk          ; clk         ; 0.000        ; 0.042      ; 0.313      ;
; 0.187 ; GPIO:iGPIO|pulse_gen:sw8|c_state.S11                                        ; GPIO:iGPIO|pulse_gen:sw8|c_state.S12                                        ; clk          ; clk         ; 0.000        ; 0.042      ; 0.313      ;
; 0.187 ; GPIO:iGPIO|pulse_gen:sw8|c_state.S1                                         ; GPIO:iGPIO|pulse_gen:sw8|c_state.S2                                         ; clk          ; clk         ; 0.000        ; 0.042      ; 0.313      ;
; 0.187 ; GPIO:iGPIO|pulse_gen:button2|c_state.S13                                    ; GPIO:iGPIO|pulse_gen:button2|c_state.S14                                    ; clk          ; clk         ; 0.000        ; 0.042      ; 0.313      ;
; 0.187 ; GPIO:iGPIO|pulse_gen:button1|c_state.S1                                     ; GPIO:iGPIO|pulse_gen:button1|c_state.S2                                     ; clk          ; clk         ; 0.000        ; 0.042      ; 0.313      ;
; 0.188 ; GPIO:iGPIO|pulse_gen:sw0|c_state.S11                                        ; GPIO:iGPIO|pulse_gen:sw0|c_state.S12                                        ; clk          ; clk         ; 0.000        ; 0.042      ; 0.314      ;
; 0.188 ; GPIO:iGPIO|pulse_gen:sw0|c_state.S4                                         ; GPIO:iGPIO|pulse_gen:sw0|c_state.S5                                         ; clk          ; clk         ; 0.000        ; 0.042      ; 0.314      ;
; 0.188 ; GPIO:iGPIO|pulse_gen:sw6|c_state.S2                                         ; GPIO:iGPIO|pulse_gen:sw6|c_state.S3                                         ; clk          ; clk         ; 0.000        ; 0.041      ; 0.313      ;
; 0.188 ; GPIO:iGPIO|pulse_gen:sw5|c_state.S7                                         ; GPIO:iGPIO|pulse_gen:sw5|c_state.S8                                         ; clk          ; clk         ; 0.000        ; 0.042      ; 0.314      ;
; 0.188 ; GPIO:iGPIO|pulse_gen:sw5|c_state.S6                                         ; GPIO:iGPIO|pulse_gen:sw5|c_state.S7                                         ; clk          ; clk         ; 0.000        ; 0.042      ; 0.314      ;
; 0.188 ; GPIO:iGPIO|pulse_gen:sw5|c_state.S5                                         ; GPIO:iGPIO|pulse_gen:sw5|c_state.S6                                         ; clk          ; clk         ; 0.000        ; 0.042      ; 0.314      ;
; 0.188 ; GPIO:iGPIO|pulse_gen:sw5|c_state.S4                                         ; GPIO:iGPIO|pulse_gen:sw5|c_state.S5                                         ; clk          ; clk         ; 0.000        ; 0.042      ; 0.314      ;
+-------+-----------------------------------------------------------------------------+-----------------------------------------------------------------------------+--------------+-------------+--------------+------------+------------+


+-----------------------------------------------------------------------------------------------------------------------------------------------------------------------+
; Fast 1200mV 0C Model Recovery: 'clk'                                                                                                                                  ;
+--------+-----------+----------------------------------------------------------------------------+--------------+-------------+--------------+------------+------------+
; Slack  ; From Node ; To Node                                                                    ; Launch Clock ; Latch Clock ; Relationship ; Clock Skew ; Data Delay ;
+--------+-----------+----------------------------------------------------------------------------+--------------+-------------+--------------+------------+------------+
; 17.943 ; reset_ff  ; rv32i_cpu:icpu|datapath:i_datapath|ALUControl_E[3]_OTERM141                ; clk          ; clk         ; 20.000       ; -0.088     ; 1.956      ;
; 17.943 ; reset_ff  ; rv32i_cpu:icpu|datapath:i_datapath|funct3_W[0]                             ; clk          ; clk         ; 20.000       ; -0.070     ; 1.974      ;
; 17.943 ; reset_ff  ; rv32i_cpu:icpu|datapath:i_datapath|ALUResult_W[1]                          ; clk          ; clk         ; 20.000       ; -0.070     ; 1.974      ;
; 17.943 ; reset_ff  ; rv32i_cpu:icpu|datapath:i_datapath|funct3_W[1]                             ; clk          ; clk         ; 20.000       ; -0.070     ; 1.974      ;
; 17.943 ; reset_ff  ; rv32i_cpu:icpu|datapath:i_datapath|ResultSrc_E[0]_OTERM711                 ; clk          ; clk         ; 20.000       ; -0.088     ; 1.956      ;
; 17.943 ; reset_ff  ; rv32i_cpu:icpu|datapath:i_datapath|ResultSrc_W[0]                          ; clk          ; clk         ; 20.000       ; -0.070     ; 1.974      ;
; 17.943 ; reset_ff  ; rv32i_cpu:icpu|datapath:i_datapath|Instr_E[9]_OTERM177                     ; clk          ; clk         ; 20.000       ; -0.075     ; 1.969      ;
; 17.943 ; reset_ff  ; rv32i_cpu:icpu|datapath:i_datapath|Instr_E[9]_OTERM179                     ; clk          ; clk         ; 20.000       ; -0.074     ; 1.970      ;
; 17.943 ; reset_ff  ; rv32i_cpu:icpu|datapath:i_datapath|Instr_E[9]_OTERM173                     ; clk          ; clk         ; 20.000       ; -0.075     ; 1.969      ;
; 17.943 ; reset_ff  ; rv32i_cpu:icpu|datapath:i_datapath|Instr_E[11]_OTERM181                    ; clk          ; clk         ; 20.000       ; -0.074     ; 1.970      ;
; 17.943 ; reset_ff  ; rv32i_cpu:icpu|datapath:i_datapath|Instr_E[11]_OTERM183                    ; clk          ; clk         ; 20.000       ; -0.074     ; 1.970      ;
; 17.943 ; reset_ff  ; rv32i_cpu:icpu|datapath:i_datapath|RegWrite_E_OTERM687                     ; clk          ; clk         ; 20.000       ; -0.090     ; 1.954      ;
; 17.943 ; reset_ff  ; rv32i_cpu:icpu|datapath:i_datapath|ImmExt_E[31]_OTERM717                   ; clk          ; clk         ; 20.000       ; -0.074     ; 1.970      ;
; 17.943 ; reset_ff  ; rv32i_cpu:icpu|datapath:i_datapath|MemWrite_E_OTERM689                     ; clk          ; clk         ; 20.000       ; -0.090     ; 1.954      ;
; 17.943 ; reset_ff  ; rv32i_cpu:icpu|datapath:i_datapath|ImmExt_E[10]_OTERM221                   ; clk          ; clk         ; 20.000       ; -0.075     ; 1.969      ;
; 17.943 ; reset_ff  ; rv32i_cpu:icpu|datapath:i_datapath|ImmExt_E[10]_OTERM219                   ; clk          ; clk         ; 20.000       ; -0.075     ; 1.969      ;
; 17.943 ; reset_ff  ; rv32i_cpu:icpu|datapath:i_datapath|ALUResult_W[7]                          ; clk          ; clk         ; 20.000       ; -0.070     ; 1.974      ;
; 17.943 ; reset_ff  ; rv32i_cpu:icpu|datapath:i_datapath|ImmExt_E[7]_OTERM249                    ; clk          ; clk         ; 20.000       ; -0.075     ; 1.969      ;
; 17.943 ; reset_ff  ; rv32i_cpu:icpu|datapath:i_datapath|ImmExt_E[7]_OTERM251                    ; clk          ; clk         ; 20.000       ; -0.075     ; 1.969      ;
; 17.943 ; reset_ff  ; rv32i_cpu:icpu|datapath:i_datapath|ImmExt_E[8]_OTERM227                    ; clk          ; clk         ; 20.000       ; -0.075     ; 1.969      ;
; 17.943 ; reset_ff  ; rv32i_cpu:icpu|datapath:i_datapath|ImmExt_E[8]_OTERM225                    ; clk          ; clk         ; 20.000       ; -0.075     ; 1.969      ;
; 17.943 ; reset_ff  ; rv32i_cpu:icpu|datapath:i_datapath|WriteData_M[8]                          ; clk          ; clk         ; 20.000       ; -0.073     ; 1.971      ;
; 17.943 ; reset_ff  ; rv32i_cpu:icpu|datapath:i_datapath|ImmExt_E[28]_OTERM725                   ; clk          ; clk         ; 20.000       ; -0.075     ; 1.969      ;
; 17.943 ; reset_ff  ; rv32i_cpu:icpu|datapath:i_datapath|ImmExt_E[30]_OTERM723                   ; clk          ; clk         ; 20.000       ; -0.075     ; 1.969      ;
; 17.943 ; reset_ff  ; rv32i_cpu:icpu|datapath:i_datapath|ImmExt_E[30]_OTERM721                   ; clk          ; clk         ; 20.000       ; -0.090     ; 1.954      ;
; 17.943 ; reset_ff  ; rv32i_cpu:icpu|datapath:i_datapath|ImmExt_E[30]_OTERM719                   ; clk          ; clk         ; 20.000       ; -0.075     ; 1.969      ;
; 17.943 ; reset_ff  ; rv32i_cpu:icpu|datapath:i_datapath|ALUResult_W[9]                          ; clk          ; clk         ; 20.000       ; -0.073     ; 1.971      ;
; 17.943 ; reset_ff  ; rv32i_cpu:icpu|datapath:i_datapath|WriteData_M[9]                          ; clk          ; clk         ; 20.000       ; -0.073     ; 1.971      ;
; 17.943 ; reset_ff  ; rv32i_cpu:icpu|datapath:i_datapath|jal_E_OTERM713                          ; clk          ; clk         ; 20.000       ; -0.090     ; 1.954      ;
; 17.943 ; reset_ff  ; rv32i_cpu:icpu|datapath:i_datapath|Instr_E[13]_OTERM203                    ; clk          ; clk         ; 20.000       ; -0.088     ; 1.956      ;
; 17.943 ; reset_ff  ; rv32i_cpu:icpu|datapath:i_datapath|WriteData_M[4]                          ; clk          ; clk         ; 20.000       ; -0.074     ; 1.970      ;
; 17.943 ; reset_ff  ; rv32i_cpu:icpu|datapath:i_datapath|Branch_E_OTERM715                       ; clk          ; clk         ; 20.000       ; -0.090     ; 1.954      ;
; 17.943 ; reset_ff  ; rv32i_cpu:icpu|datapath:i_datapath|Instr_E[8]_OTERM187                     ; clk          ; clk         ; 20.000       ; -0.074     ; 1.970      ;
; 17.943 ; reset_ff  ; rv32i_cpu:icpu|datapath:i_datapath|Instr_E[8]_OTERM185                     ; clk          ; clk         ; 20.000       ; -0.074     ; 1.970      ;
; 17.943 ; reset_ff  ; rv32i_cpu:icpu|datapath:i_datapath|jalr_E_OTERM709                         ; clk          ; clk         ; 20.000       ; -0.090     ; 1.954      ;
; 17.943 ; reset_ff  ; rv32i_cpu:icpu|datapath:i_datapath|ALUResult_W[3]                          ; clk          ; clk         ; 20.000       ; -0.072     ; 1.972      ;
; 17.944 ; reset_ff  ; rv32i_cpu:icpu|datapath:i_datapath|ALUControl_E[3]_OTERM145                ; clk          ; clk         ; 20.000       ; -0.086     ; 1.957      ;
; 17.944 ; reset_ff  ; rv32i_cpu:icpu|datapath:i_datapath|pc_flopr:pcreg|q[4]_OTERM695_OTERM1119  ; clk          ; clk         ; 20.000       ; -0.087     ; 1.956      ;
; 17.944 ; reset_ff  ; rv32i_cpu:icpu|datapath:i_datapath|ImmExt_E[5]_OTERM255                    ; clk          ; clk         ; 20.000       ; -0.076     ; 1.967      ;
; 17.944 ; reset_ff  ; rv32i_cpu:icpu|datapath:i_datapath|ImmExt_E[5]_OTERM257                    ; clk          ; clk         ; 20.000       ; -0.076     ; 1.967      ;
; 17.944 ; reset_ff  ; rv32i_cpu:icpu|datapath:i_datapath|MemWrite_M                              ; clk          ; clk         ; 20.000       ; -0.091     ; 1.952      ;
; 17.944 ; reset_ff  ; rv32i_cpu:icpu|datapath:i_datapath|ImmExt_E[19]                            ; clk          ; clk         ; 20.000       ; -0.074     ; 1.969      ;
; 17.944 ; reset_ff  ; rv32i_cpu:icpu|datapath:i_datapath|ImmExt_E[13]                            ; clk          ; clk         ; 20.000       ; -0.074     ; 1.969      ;
; 17.944 ; reset_ff  ; rv32i_cpu:icpu|datapath:i_datapath|ImmExt_E[14]                            ; clk          ; clk         ; 20.000       ; -0.074     ; 1.969      ;
; 17.944 ; reset_ff  ; rv32i_cpu:icpu|datapath:i_datapath|ImmExt_E[9]_OTERM229                    ; clk          ; clk         ; 20.000       ; -0.076     ; 1.967      ;
; 17.944 ; reset_ff  ; rv32i_cpu:icpu|datapath:i_datapath|ImmExt_E[9]_OTERM231                    ; clk          ; clk         ; 20.000       ; -0.076     ; 1.967      ;
; 17.944 ; reset_ff  ; rv32i_cpu:icpu|datapath:i_datapath|pc_flopr:pcreg|q[10]_OTERM667_OTERM1091 ; clk          ; clk         ; 20.000       ; -0.091     ; 1.952      ;
; 17.944 ; reset_ff  ; rv32i_cpu:icpu|datapath:i_datapath|ImmExt_E[6]_OTERM279                    ; clk          ; clk         ; 20.000       ; -0.076     ; 1.967      ;
; 17.944 ; reset_ff  ; rv32i_cpu:icpu|datapath:i_datapath|ImmExt_E[6]_OTERM277                    ; clk          ; clk         ; 20.000       ; -0.076     ; 1.967      ;
; 17.944 ; reset_ff  ; rv32i_cpu:icpu|datapath:i_datapath|pc_flopr:pcreg|q[11]_OTERM663_OTERM1087 ; clk          ; clk         ; 20.000       ; -0.087     ; 1.956      ;
; 17.944 ; reset_ff  ; rv32i_cpu:icpu|datapath:i_datapath|pc_flopr:pcreg|q[24]_OTERM609_OTERM1035 ; clk          ; clk         ; 20.000       ; -0.092     ; 1.951      ;
; 17.944 ; reset_ff  ; rv32i_cpu:icpu|datapath:i_datapath|pc_flopr:pcreg|q[12]_OTERM659_OTERM1083 ; clk          ; clk         ; 20.000       ; -0.089     ; 1.954      ;
; 17.944 ; reset_ff  ; rv32i_cpu:icpu|datapath:i_datapath|ImmExt_E[12]                            ; clk          ; clk         ; 20.000       ; -0.074     ; 1.969      ;
; 17.944 ; reset_ff  ; rv32i_cpu:icpu|datapath:i_datapath|ImmExt_E[15]                            ; clk          ; clk         ; 20.000       ; -0.074     ; 1.969      ;
; 17.944 ; reset_ff  ; rv32i_cpu:icpu|datapath:i_datapath|ImmExt_E[16]                            ; clk          ; clk         ; 20.000       ; -0.074     ; 1.969      ;
; 17.944 ; reset_ff  ; rv32i_cpu:icpu|datapath:i_datapath|ALUControl_E[2]_OTERM163                ; clk          ; clk         ; 20.000       ; -0.086     ; 1.957      ;
; 17.944 ; reset_ff  ; rv32i_cpu:icpu|datapath:i_datapath|pc_flopr:pcreg|q[2]_OTERM703_OTERM1111  ; clk          ; clk         ; 20.000       ; -0.089     ; 1.954      ;
; 17.944 ; reset_ff  ; rv32i_cpu:icpu|datapath:i_datapath|ALUControl_E[1]_OTERM167                ; clk          ; clk         ; 20.000       ; -0.086     ; 1.957      ;
; 17.944 ; reset_ff  ; rv32i_cpu:icpu|datapath:i_datapath|ALUControl_E[1]_OTERM171                ; clk          ; clk         ; 20.000       ; -0.086     ; 1.957      ;
; 17.944 ; reset_ff  ; rv32i_cpu:icpu|datapath:i_datapath|ALUControl_E[1]_OTERM165                ; clk          ; clk         ; 20.000       ; -0.086     ; 1.957      ;
; 17.944 ; reset_ff  ; rv32i_cpu:icpu|datapath:i_datapath|ALUControl_E[0]_OTERM193                ; clk          ; clk         ; 20.000       ; -0.086     ; 1.957      ;
; 17.945 ; reset_ff  ; rv32i_cpu:icpu|datapath:i_datapath|ResultSrc_M[0]                          ; clk          ; clk         ; 20.000       ; -0.080     ; 1.962      ;
; 17.945 ; reset_ff  ; rv32i_cpu:icpu|datapath:i_datapath|Instr_M[9]                              ; clk          ; clk         ; 20.000       ; -0.079     ; 1.963      ;
; 17.945 ; reset_ff  ; rv32i_cpu:icpu|datapath:i_datapath|Rd_W[2]                                 ; clk          ; clk         ; 20.000       ; -0.078     ; 1.964      ;
; 17.945 ; reset_ff  ; rv32i_cpu:icpu|datapath:i_datapath|Rd_W[1]                                 ; clk          ; clk         ; 20.000       ; -0.078     ; 1.964      ;
; 17.945 ; reset_ff  ; rv32i_cpu:icpu|datapath:i_datapath|Instr_E[10]_OTERM189                    ; clk          ; clk         ; 20.000       ; -0.078     ; 1.964      ;
; 17.945 ; reset_ff  ; rv32i_cpu:icpu|datapath:i_datapath|Rd_W[3]                                 ; clk          ; clk         ; 20.000       ; -0.079     ; 1.963      ;
; 17.945 ; reset_ff  ; rv32i_cpu:icpu|datapath:i_datapath|Rd_W[4]                                 ; clk          ; clk         ; 20.000       ; -0.078     ; 1.964      ;
; 17.945 ; reset_ff  ; rv32i_cpu:icpu|datapath:i_datapath|Rd_W[0]                                 ; clk          ; clk         ; 20.000       ; -0.079     ; 1.963      ;
; 17.945 ; reset_ff  ; rv32i_cpu:icpu|datapath:i_datapath|RegWrite_W                              ; clk          ; clk         ; 20.000       ; -0.078     ; 1.964      ;
; 17.945 ; reset_ff  ; rv32i_cpu:icpu|datapath:i_datapath|pc_flopr:pcreg|q[16]_OTERM645_OTERM1067 ; clk          ; clk         ; 20.000       ; -0.093     ; 1.949      ;
; 17.945 ; reset_ff  ; rv32i_cpu:icpu|datapath:i_datapath|ImmExt_E[2]                             ; clk          ; clk         ; 20.000       ; -0.078     ; 1.964      ;
; 17.945 ; reset_ff  ; rv32i_cpu:icpu|datapath:i_datapath|ImmExt_E[3]                             ; clk          ; clk         ; 20.000       ; -0.078     ; 1.964      ;
; 17.945 ; reset_ff  ; rv32i_cpu:icpu|datapath:i_datapath|ImmExt_E[4]                             ; clk          ; clk         ; 20.000       ; -0.078     ; 1.964      ;
; 17.945 ; reset_ff  ; rv32i_cpu:icpu|datapath:i_datapath|ImmExt_E[10]_OTERM223                   ; clk          ; clk         ; 20.000       ; -0.078     ; 1.964      ;
; 17.945 ; reset_ff  ; rv32i_cpu:icpu|datapath:i_datapath|ImmExt_E[1]                             ; clk          ; clk         ; 20.000       ; -0.078     ; 1.964      ;
; 17.945 ; reset_ff  ; rv32i_cpu:icpu|datapath:i_datapath|PCPlus4_W[0]                            ; clk          ; clk         ; 20.000       ; -0.074     ; 1.968      ;
; 17.945 ; reset_ff  ; rv32i_cpu:icpu|datapath:i_datapath|ImmExt_E[29]                            ; clk          ; clk         ; 20.000       ; -0.084     ; 1.958      ;
; 17.945 ; reset_ff  ; rv32i_cpu:icpu|datapath:i_datapath|pc_flopr:pcreg|q[8]_OTERM675_OTERM1099  ; clk          ; clk         ; 20.000       ; -0.093     ; 1.949      ;
; 17.945 ; reset_ff  ; rv32i_cpu:icpu|datapath:i_datapath|WriteData_M[0]                          ; clk          ; clk         ; 20.000       ; -0.074     ; 1.968      ;
; 17.945 ; reset_ff  ; rv32i_cpu:icpu|datapath:i_datapath|ImmExt_E[26]                            ; clk          ; clk         ; 20.000       ; -0.084     ; 1.958      ;
; 17.945 ; reset_ff  ; rv32i_cpu:icpu|datapath:i_datapath|ImmExt_E[22]                            ; clk          ; clk         ; 20.000       ; -0.084     ; 1.958      ;
; 17.945 ; reset_ff  ; rv32i_cpu:icpu|datapath:i_datapath|ImmExt_E[25]                            ; clk          ; clk         ; 20.000       ; -0.084     ; 1.958      ;
; 17.945 ; reset_ff  ; rv32i_cpu:icpu|datapath:i_datapath|ImmExt_E[27]                            ; clk          ; clk         ; 20.000       ; -0.084     ; 1.958      ;
; 17.945 ; reset_ff  ; rv32i_cpu:icpu|datapath:i_datapath|pc_flopr:pcreg|q[17]_OTERM641_OTERM1063 ; clk          ; clk         ; 20.000       ; -0.081     ; 1.961      ;
; 17.945 ; reset_ff  ; rv32i_cpu:icpu|datapath:i_datapath|ALUResult_W[17]                         ; clk          ; clk         ; 20.000       ; -0.080     ; 1.962      ;
; 17.945 ; reset_ff  ; rv32i_cpu:icpu|datapath:i_datapath|ALUResult_W[28]                         ; clk          ; clk         ; 20.000       ; -0.080     ; 1.962      ;
; 17.945 ; reset_ff  ; rv32i_cpu:icpu|datapath:i_datapath|pc_flopr:pcreg|q[30]_OTERM593_OTERM1015 ; clk          ; clk         ; 20.000       ; -0.083     ; 1.959      ;
; 17.945 ; reset_ff  ; rv32i_cpu:icpu|datapath:i_datapath|ALUResult_W[30]                         ; clk          ; clk         ; 20.000       ; -0.080     ; 1.962      ;
; 17.945 ; reset_ff  ; rv32i_cpu:icpu|datapath:i_datapath|ALUResult_M[30]                         ; clk          ; clk         ; 20.000       ; -0.083     ; 1.959      ;
; 17.945 ; reset_ff  ; rv32i_cpu:icpu|datapath:i_datapath|WriteData_M[30]                         ; clk          ; clk         ; 20.000       ; -0.083     ; 1.959      ;
; 17.945 ; reset_ff  ; rv32i_cpu:icpu|datapath:i_datapath|WriteData_M[20]                         ; clk          ; clk         ; 20.000       ; -0.074     ; 1.968      ;
; 17.945 ; reset_ff  ; rv32i_cpu:icpu|datapath:i_datapath|WriteData_M[28]                         ; clk          ; clk         ; 20.000       ; -0.080     ; 1.962      ;
; 17.945 ; reset_ff  ; rv32i_cpu:icpu|datapath:i_datapath|ALUControl_E[4]_OTERM215_OTERM583       ; clk          ; clk         ; 20.000       ; -0.089     ; 1.953      ;
; 17.945 ; reset_ff  ; rv32i_cpu:icpu|datapath:i_datapath|ALUControl_E[4]_OTERM217_OTERM581       ; clk          ; clk         ; 20.000       ; -0.089     ; 1.953      ;
; 17.945 ; reset_ff  ; rv32i_cpu:icpu|datapath:i_datapath|ALUControl_E[4]_OTERM217_OTERM579       ; clk          ; clk         ; 20.000       ; -0.089     ; 1.953      ;
; 17.945 ; reset_ff  ; rv32i_cpu:icpu|datapath:i_datapath|ALUControl_E[3]_OTERM147                ; clk          ; clk         ; 20.000       ; -0.089     ; 1.953      ;
; 17.946 ; reset_ff  ; rv32i_cpu:icpu|datapath:i_datapath|WriteData_M[3]                          ; clk          ; clk         ; 20.000       ; -0.095     ; 1.946      ;
; 17.946 ; reset_ff  ; rv32i_cpu:icpu|datapath:i_datapath|pc_flopr:pcreg|q[7]_OTERM679_OTERM1103  ; clk          ; clk         ; 20.000       ; -0.099     ; 1.942      ;
; 17.946 ; reset_ff  ; rv32i_cpu:icpu|datapath:i_datapath|pc_flopr:pcreg|q[6]_OTERM683_OTERM1107  ; clk          ; clk         ; 20.000       ; -0.099     ; 1.942      ;
+--------+-----------+----------------------------------------------------------------------------+--------------+-------------+--------------+------------+------------+


+-------------------------------------------------------------------------------------------------------------------------------------------------------------------------------------------------------------------------------------------------------------------------------------------------------------------------------+
; Fast 1200mV 0C Model Removal: 'clk'                                                                                                                                                                                                                                                                                           ;
+-------+------------------------------------------------------------------------------------------------------+------------------------------------------------------------------------------------------------------------------------------------------+--------------+-------------+--------------+------------+------------+
; Slack ; From Node                                                                                            ; To Node                                                                                                                                  ; Launch Clock ; Latch Clock ; Relationship ; Clock Skew ; Data Delay ;
+-------+------------------------------------------------------------------------------------------------------+------------------------------------------------------------------------------------------------------------------------------------------+--------------+-------------+--------------+------------+------------+
; 0.982 ; rv32i_cpu:icpu|datapath:i_datapath|altshift_taps:PCPlus4_E_rtl_0|shift_taps_bkm:auto_generated|dffe6 ; rv32i_cpu:icpu|datapath:i_datapath|altshift_taps:PCPlus4_E_rtl_0|shift_taps_bkm:auto_generated|altsyncram_r861:altsyncram4|ram_block7a0  ; clk          ; clk         ; 0.000        ; 0.218      ; 1.290      ;
; 0.982 ; rv32i_cpu:icpu|datapath:i_datapath|altshift_taps:PCPlus4_E_rtl_0|shift_taps_bkm:auto_generated|dffe6 ; rv32i_cpu:icpu|datapath:i_datapath|altshift_taps:PCPlus4_E_rtl_0|shift_taps_bkm:auto_generated|altsyncram_r861:altsyncram4|ram_block7a1  ; clk          ; clk         ; 0.000        ; 0.218      ; 1.290      ;
; 0.982 ; rv32i_cpu:icpu|datapath:i_datapath|altshift_taps:PCPlus4_E_rtl_0|shift_taps_bkm:auto_generated|dffe6 ; rv32i_cpu:icpu|datapath:i_datapath|altshift_taps:PCPlus4_E_rtl_0|shift_taps_bkm:auto_generated|altsyncram_r861:altsyncram4|ram_block7a2  ; clk          ; clk         ; 0.000        ; 0.218      ; 1.290      ;
; 0.982 ; rv32i_cpu:icpu|datapath:i_datapath|altshift_taps:PCPlus4_E_rtl_0|shift_taps_bkm:auto_generated|dffe6 ; rv32i_cpu:icpu|datapath:i_datapath|altshift_taps:PCPlus4_E_rtl_0|shift_taps_bkm:auto_generated|altsyncram_r861:altsyncram4|ram_block7a3  ; clk          ; clk         ; 0.000        ; 0.218      ; 1.290      ;
; 0.982 ; rv32i_cpu:icpu|datapath:i_datapath|altshift_taps:PCPlus4_E_rtl_0|shift_taps_bkm:auto_generated|dffe6 ; rv32i_cpu:icpu|datapath:i_datapath|altshift_taps:PCPlus4_E_rtl_0|shift_taps_bkm:auto_generated|altsyncram_r861:altsyncram4|ram_block7a4  ; clk          ; clk         ; 0.000        ; 0.218      ; 1.290      ;
; 0.982 ; rv32i_cpu:icpu|datapath:i_datapath|altshift_taps:PCPlus4_E_rtl_0|shift_taps_bkm:auto_generated|dffe6 ; rv32i_cpu:icpu|datapath:i_datapath|altshift_taps:PCPlus4_E_rtl_0|shift_taps_bkm:auto_generated|altsyncram_r861:altsyncram4|ram_block7a5  ; clk          ; clk         ; 0.000        ; 0.218      ; 1.290      ;
; 0.982 ; rv32i_cpu:icpu|datapath:i_datapath|altshift_taps:PCPlus4_E_rtl_0|shift_taps_bkm:auto_generated|dffe6 ; rv32i_cpu:icpu|datapath:i_datapath|altshift_taps:PCPlus4_E_rtl_0|shift_taps_bkm:auto_generated|altsyncram_r861:altsyncram4|ram_block7a6  ; clk          ; clk         ; 0.000        ; 0.218      ; 1.290      ;
; 0.982 ; rv32i_cpu:icpu|datapath:i_datapath|altshift_taps:PCPlus4_E_rtl_0|shift_taps_bkm:auto_generated|dffe6 ; rv32i_cpu:icpu|datapath:i_datapath|altshift_taps:PCPlus4_E_rtl_0|shift_taps_bkm:auto_generated|altsyncram_r861:altsyncram4|ram_block7a7  ; clk          ; clk         ; 0.000        ; 0.218      ; 1.290      ;
; 0.982 ; rv32i_cpu:icpu|datapath:i_datapath|altshift_taps:PCPlus4_E_rtl_0|shift_taps_bkm:auto_generated|dffe6 ; rv32i_cpu:icpu|datapath:i_datapath|altshift_taps:PCPlus4_E_rtl_0|shift_taps_bkm:auto_generated|altsyncram_r861:altsyncram4|ram_block7a8  ; clk          ; clk         ; 0.000        ; 0.218      ; 1.290      ;
; 0.982 ; rv32i_cpu:icpu|datapath:i_datapath|altshift_taps:PCPlus4_E_rtl_0|shift_taps_bkm:auto_generated|dffe6 ; rv32i_cpu:icpu|datapath:i_datapath|altshift_taps:PCPlus4_E_rtl_0|shift_taps_bkm:auto_generated|altsyncram_r861:altsyncram4|ram_block7a9  ; clk          ; clk         ; 0.000        ; 0.218      ; 1.290      ;
; 0.982 ; rv32i_cpu:icpu|datapath:i_datapath|altshift_taps:PCPlus4_E_rtl_0|shift_taps_bkm:auto_generated|dffe6 ; rv32i_cpu:icpu|datapath:i_datapath|altshift_taps:PCPlus4_E_rtl_0|shift_taps_bkm:auto_generated|altsyncram_r861:altsyncram4|ram_block7a10 ; clk          ; clk         ; 0.000        ; 0.218      ; 1.290      ;
; 0.982 ; rv32i_cpu:icpu|datapath:i_datapath|altshift_taps:PCPlus4_E_rtl_0|shift_taps_bkm:auto_generated|dffe6 ; rv32i_cpu:icpu|datapath:i_datapath|altshift_taps:PCPlus4_E_rtl_0|shift_taps_bkm:auto_generated|altsyncram_r861:altsyncram4|ram_block7a11 ; clk          ; clk         ; 0.000        ; 0.218      ; 1.290      ;
; 0.982 ; rv32i_cpu:icpu|datapath:i_datapath|altshift_taps:PCPlus4_E_rtl_0|shift_taps_bkm:auto_generated|dffe6 ; rv32i_cpu:icpu|datapath:i_datapath|altshift_taps:PCPlus4_E_rtl_0|shift_taps_bkm:auto_generated|altsyncram_r861:altsyncram4|ram_block7a12 ; clk          ; clk         ; 0.000        ; 0.218      ; 1.290      ;
; 0.982 ; rv32i_cpu:icpu|datapath:i_datapath|altshift_taps:PCPlus4_E_rtl_0|shift_taps_bkm:auto_generated|dffe6 ; rv32i_cpu:icpu|datapath:i_datapath|altshift_taps:PCPlus4_E_rtl_0|shift_taps_bkm:auto_generated|altsyncram_r861:altsyncram4|ram_block7a13 ; clk          ; clk         ; 0.000        ; 0.218      ; 1.290      ;
; 0.982 ; rv32i_cpu:icpu|datapath:i_datapath|altshift_taps:PCPlus4_E_rtl_0|shift_taps_bkm:auto_generated|dffe6 ; rv32i_cpu:icpu|datapath:i_datapath|altshift_taps:PCPlus4_E_rtl_0|shift_taps_bkm:auto_generated|altsyncram_r861:altsyncram4|ram_block7a14 ; clk          ; clk         ; 0.000        ; 0.218      ; 1.290      ;
; 0.982 ; rv32i_cpu:icpu|datapath:i_datapath|altshift_taps:PCPlus4_E_rtl_0|shift_taps_bkm:auto_generated|dffe6 ; rv32i_cpu:icpu|datapath:i_datapath|altshift_taps:PCPlus4_E_rtl_0|shift_taps_bkm:auto_generated|altsyncram_r861:altsyncram4|ram_block7a15 ; clk          ; clk         ; 0.000        ; 0.218      ; 1.290      ;
; 0.982 ; rv32i_cpu:icpu|datapath:i_datapath|altshift_taps:PCPlus4_E_rtl_0|shift_taps_bkm:auto_generated|dffe6 ; rv32i_cpu:icpu|datapath:i_datapath|altshift_taps:PCPlus4_E_rtl_0|shift_taps_bkm:auto_generated|altsyncram_r861:altsyncram4|ram_block7a16 ; clk          ; clk         ; 0.000        ; 0.218      ; 1.290      ;
; 0.982 ; rv32i_cpu:icpu|datapath:i_datapath|altshift_taps:PCPlus4_E_rtl_0|shift_taps_bkm:auto_generated|dffe6 ; rv32i_cpu:icpu|datapath:i_datapath|altshift_taps:PCPlus4_E_rtl_0|shift_taps_bkm:auto_generated|altsyncram_r861:altsyncram4|ram_block7a17 ; clk          ; clk         ; 0.000        ; 0.218      ; 1.290      ;
; 0.982 ; rv32i_cpu:icpu|datapath:i_datapath|altshift_taps:PCPlus4_E_rtl_0|shift_taps_bkm:auto_generated|dffe6 ; rv32i_cpu:icpu|datapath:i_datapath|altshift_taps:PCPlus4_E_rtl_0|shift_taps_bkm:auto_generated|altsyncram_r861:altsyncram4|ram_block7a18 ; clk          ; clk         ; 0.000        ; 0.218      ; 1.290      ;
; 0.982 ; rv32i_cpu:icpu|datapath:i_datapath|altshift_taps:PCPlus4_E_rtl_0|shift_taps_bkm:auto_generated|dffe6 ; rv32i_cpu:icpu|datapath:i_datapath|altshift_taps:PCPlus4_E_rtl_0|shift_taps_bkm:auto_generated|altsyncram_r861:altsyncram4|ram_block7a19 ; clk          ; clk         ; 0.000        ; 0.218      ; 1.290      ;
; 0.982 ; rv32i_cpu:icpu|datapath:i_datapath|altshift_taps:PCPlus4_E_rtl_0|shift_taps_bkm:auto_generated|dffe6 ; rv32i_cpu:icpu|datapath:i_datapath|altshift_taps:PCPlus4_E_rtl_0|shift_taps_bkm:auto_generated|altsyncram_r861:altsyncram4|ram_block7a20 ; clk          ; clk         ; 0.000        ; 0.218      ; 1.290      ;
; 0.982 ; rv32i_cpu:icpu|datapath:i_datapath|altshift_taps:PCPlus4_E_rtl_0|shift_taps_bkm:auto_generated|dffe6 ; rv32i_cpu:icpu|datapath:i_datapath|altshift_taps:PCPlus4_E_rtl_0|shift_taps_bkm:auto_generated|altsyncram_r861:altsyncram4|ram_block7a21 ; clk          ; clk         ; 0.000        ; 0.218      ; 1.290      ;
; 0.982 ; rv32i_cpu:icpu|datapath:i_datapath|altshift_taps:PCPlus4_E_rtl_0|shift_taps_bkm:auto_generated|dffe6 ; rv32i_cpu:icpu|datapath:i_datapath|altshift_taps:PCPlus4_E_rtl_0|shift_taps_bkm:auto_generated|altsyncram_r861:altsyncram4|ram_block7a22 ; clk          ; clk         ; 0.000        ; 0.218      ; 1.290      ;
; 0.982 ; rv32i_cpu:icpu|datapath:i_datapath|altshift_taps:PCPlus4_E_rtl_0|shift_taps_bkm:auto_generated|dffe6 ; rv32i_cpu:icpu|datapath:i_datapath|altshift_taps:PCPlus4_E_rtl_0|shift_taps_bkm:auto_generated|altsyncram_r861:altsyncram4|ram_block7a23 ; clk          ; clk         ; 0.000        ; 0.218      ; 1.290      ;
; 0.982 ; rv32i_cpu:icpu|datapath:i_datapath|altshift_taps:PCPlus4_E_rtl_0|shift_taps_bkm:auto_generated|dffe6 ; rv32i_cpu:icpu|datapath:i_datapath|altshift_taps:PCPlus4_E_rtl_0|shift_taps_bkm:auto_generated|altsyncram_r861:altsyncram4|ram_block7a24 ; clk          ; clk         ; 0.000        ; 0.218      ; 1.290      ;
; 0.982 ; rv32i_cpu:icpu|datapath:i_datapath|altshift_taps:PCPlus4_E_rtl_0|shift_taps_bkm:auto_generated|dffe6 ; rv32i_cpu:icpu|datapath:i_datapath|altshift_taps:PCPlus4_E_rtl_0|shift_taps_bkm:auto_generated|altsyncram_r861:altsyncram4|ram_block7a25 ; clk          ; clk         ; 0.000        ; 0.218      ; 1.290      ;
; 0.982 ; rv32i_cpu:icpu|datapath:i_datapath|altshift_taps:PCPlus4_E_rtl_0|shift_taps_bkm:auto_generated|dffe6 ; rv32i_cpu:icpu|datapath:i_datapath|altshift_taps:PCPlus4_E_rtl_0|shift_taps_bkm:auto_generated|altsyncram_r861:altsyncram4|ram_block7a26 ; clk          ; clk         ; 0.000        ; 0.218      ; 1.290      ;
; 0.982 ; rv32i_cpu:icpu|datapath:i_datapath|altshift_taps:PCPlus4_E_rtl_0|shift_taps_bkm:auto_generated|dffe6 ; rv32i_cpu:icpu|datapath:i_datapath|altshift_taps:PCPlus4_E_rtl_0|shift_taps_bkm:auto_generated|altsyncram_r861:altsyncram4|ram_block7a27 ; clk          ; clk         ; 0.000        ; 0.218      ; 1.290      ;
; 0.982 ; rv32i_cpu:icpu|datapath:i_datapath|altshift_taps:PCPlus4_E_rtl_0|shift_taps_bkm:auto_generated|dffe6 ; rv32i_cpu:icpu|datapath:i_datapath|altshift_taps:PCPlus4_E_rtl_0|shift_taps_bkm:auto_generated|altsyncram_r861:altsyncram4|ram_block7a28 ; clk          ; clk         ; 0.000        ; 0.218      ; 1.290      ;
; 0.982 ; rv32i_cpu:icpu|datapath:i_datapath|altshift_taps:PCPlus4_E_rtl_0|shift_taps_bkm:auto_generated|dffe6 ; rv32i_cpu:icpu|datapath:i_datapath|altshift_taps:PCPlus4_E_rtl_0|shift_taps_bkm:auto_generated|altsyncram_r861:altsyncram4|ram_block7a29 ; clk          ; clk         ; 0.000        ; 0.218      ; 1.290      ;
; 0.982 ; rv32i_cpu:icpu|datapath:i_datapath|altshift_taps:PCPlus4_E_rtl_0|shift_taps_bkm:auto_generated|dffe6 ; rv32i_cpu:icpu|datapath:i_datapath|altshift_taps:PCPlus4_E_rtl_0|shift_taps_bkm:auto_generated|altsyncram_r861:altsyncram4|ram_block7a30 ; clk          ; clk         ; 0.000        ; 0.218      ; 1.290      ;
; 1.442 ; reset_ff                                                                                             ; rv32i_cpu:icpu|datapath:i_datapath|rs1_data_E[20]                                                                                        ; clk          ; clk         ; 0.000        ; 0.238      ; 1.764      ;
; 1.442 ; reset_ff                                                                                             ; rv32i_cpu:icpu|datapath:i_datapath|rs1_data_E[22]                                                                                        ; clk          ; clk         ; 0.000        ; 0.253      ; 1.779      ;
; 1.442 ; reset_ff                                                                                             ; rv32i_cpu:icpu|datapath:i_datapath|rs2_data_E[13]                                                                                        ; clk          ; clk         ; 0.000        ; 0.256      ; 1.782      ;
; 1.442 ; reset_ff                                                                                             ; rv32i_cpu:icpu|datapath:i_datapath|rs1_data_E[31]                                                                                        ; clk          ; clk         ; 0.000        ; 0.253      ; 1.779      ;
; 1.442 ; reset_ff                                                                                             ; rv32i_cpu:icpu|datapath:i_datapath|rs1_data_E[23]                                                                                        ; clk          ; clk         ; 0.000        ; 0.253      ; 1.779      ;
; 1.442 ; reset_ff                                                                                             ; rv32i_cpu:icpu|datapath:i_datapath|rs2_data_E[25]                                                                                        ; clk          ; clk         ; 0.000        ; 0.238      ; 1.764      ;
; 1.442 ; reset_ff                                                                                             ; rv32i_cpu:icpu|datapath:i_datapath|ALUResult_M[20]                                                                                       ; clk          ; clk         ; 0.000        ; 0.238      ; 1.764      ;
; 1.442 ; reset_ff                                                                                             ; rv32i_cpu:icpu|datapath:i_datapath|rs2_data_E[12]                                                                                        ; clk          ; clk         ; 0.000        ; 0.256      ; 1.782      ;
; 1.442 ; reset_ff                                                                                             ; rv32i_cpu:icpu|datapath:i_datapath|rs2_data_E[23]                                                                                        ; clk          ; clk         ; 0.000        ; 0.256      ; 1.782      ;
; 1.443 ; reset_ff                                                                                             ; rv32i_cpu:icpu|datapath:i_datapath|rs1_data_E[19]                                                                                        ; clk          ; clk         ; 0.000        ; 0.247      ; 1.774      ;
; 1.444 ; reset_ff                                                                                             ; rv32i_cpu:icpu|datapath:i_datapath|rs1_data_E[26]                                                                                        ; clk          ; clk         ; 0.000        ; 0.237      ; 1.765      ;
; 1.444 ; reset_ff                                                                                             ; rv32i_cpu:icpu|datapath:i_datapath|Instr_E[7]_OTERM205                                                                                   ; clk          ; clk         ; 0.000        ; 0.252      ; 1.780      ;
; 1.444 ; reset_ff                                                                                             ; rv32i_cpu:icpu|datapath:i_datapath|RegWrite_M                                                                                            ; clk          ; clk         ; 0.000        ; 0.260      ; 1.788      ;
; 1.444 ; reset_ff                                                                                             ; rv32i_cpu:icpu|datapath:i_datapath|rs1_data_E[1]                                                                                         ; clk          ; clk         ; 0.000        ; 0.252      ; 1.780      ;
; 1.444 ; reset_ff                                                                                             ; rv32i_cpu:icpu|datapath:i_datapath|pc_flopr:pcreg|q[1]_OTERM137                                                                          ; clk          ; clk         ; 0.000        ; 0.252      ; 1.780      ;
; 1.444 ; reset_ff                                                                                             ; rv32i_cpu:icpu|datapath:i_datapath|PCPlus4_E[1]_OTERM289                                                                                 ; clk          ; clk         ; 0.000        ; 0.252      ; 1.780      ;
; 1.444 ; reset_ff                                                                                             ; rv32i_cpu:icpu|datapath:i_datapath|rs1_data_E[7]                                                                                         ; clk          ; clk         ; 0.000        ; 0.260      ; 1.788      ;
; 1.444 ; reset_ff                                                                                             ; rv32i_cpu:icpu|datapath:i_datapath|ALUResult_M[25]                                                                                       ; clk          ; clk         ; 0.000        ; 0.237      ; 1.765      ;
; 1.444 ; reset_ff                                                                                             ; rv32i_cpu:icpu|datapath:i_datapath|ALUResult_M[22]                                                                                       ; clk          ; clk         ; 0.000        ; 0.222      ; 1.750      ;
; 1.444 ; reset_ff                                                                                             ; rv32i_cpu:icpu|datapath:i_datapath|ALUResult_M[29]                                                                                       ; clk          ; clk         ; 0.000        ; 0.237      ; 1.765      ;
; 1.444 ; reset_ff                                                                                             ; rv32i_cpu:icpu|datapath:i_datapath|ALUResult_M[28]                                                                                       ; clk          ; clk         ; 0.000        ; 0.226      ; 1.754      ;
; 1.444 ; reset_ff                                                                                             ; rv32i_cpu:icpu|datapath:i_datapath|rs1_data_E[28]                                                                                        ; clk          ; clk         ; 0.000        ; 0.237      ; 1.765      ;
; 1.444 ; reset_ff                                                                                             ; rv32i_cpu:icpu|datapath:i_datapath|PCPlus4_M[1]                                                                                          ; clk          ; clk         ; 0.000        ; 0.252      ; 1.780      ;
; 1.444 ; reset_ff                                                                                             ; rv32i_cpu:icpu|datapath:i_datapath|ALUControl_E[4]_OTERM217_OTERM577                                                                     ; clk          ; clk         ; 0.000        ; 0.226      ; 1.754      ;
; 1.444 ; reset_ff                                                                                             ; rv32i_cpu:icpu|datapath:i_datapath|PC_D[29]_OTERM5_OTERM1127_OTERM1433                                                                   ; clk          ; clk         ; 0.000        ; 0.226      ; 1.754      ;
; 1.444 ; reset_ff                                                                                             ; rv32i_cpu:icpu|datapath:i_datapath|ALUResult_M[7]                                                                                        ; clk          ; clk         ; 0.000        ; 0.260      ; 1.788      ;
; 1.444 ; reset_ff                                                                                             ; rv32i_cpu:icpu|datapath:i_datapath|rs1_data_E[25]                                                                                        ; clk          ; clk         ; 0.000        ; 0.237      ; 1.765      ;
; 1.444 ; reset_ff                                                                                             ; rv32i_cpu:icpu|datapath:i_datapath|ALUResult_M[23]                                                                                       ; clk          ; clk         ; 0.000        ; 0.222      ; 1.750      ;
; 1.444 ; reset_ff                                                                                             ; rv32i_cpu:icpu|datapath:i_datapath|ALUResult_M[0]_OTERM307                                                                               ; clk          ; clk         ; 0.000        ; 0.237      ; 1.765      ;
; 1.444 ; reset_ff                                                                                             ; rv32i_cpu:icpu|datapath:i_datapath|ALUResult_M[0]_OTERM305                                                                               ; clk          ; clk         ; 0.000        ; 0.237      ; 1.765      ;
; 1.445 ; reset_ff                                                                                             ; rv32i_cpu:icpu|datapath:i_datapath|rs2_data_E[6]                                                                                         ; clk          ; clk         ; 0.000        ; 0.261      ; 1.790      ;
; 1.445 ; reset_ff                                                                                             ; rv32i_cpu:icpu|datapath:i_datapath|rs2_data_E[24]                                                                                        ; clk          ; clk         ; 0.000        ; 0.261      ; 1.790      ;
; 1.445 ; reset_ff                                                                                             ; rv32i_cpu:icpu|datapath:i_datapath|rs2_data_E[15]                                                                                        ; clk          ; clk         ; 0.000        ; 0.268      ; 1.797      ;
; 1.445 ; reset_ff                                                                                             ; rv32i_cpu:icpu|datapath:i_datapath|WriteData_M[15]                                                                                       ; clk          ; clk         ; 0.000        ; 0.268      ; 1.797      ;
; 1.449 ; reset_ff                                                                                             ; rv32i_cpu:icpu|datapath:i_datapath|rs2_data_E[20]                                                                                        ; clk          ; clk         ; 0.000        ; 0.242      ; 1.775      ;
; 1.449 ; reset_ff                                                                                             ; rv32i_cpu:icpu|datapath:i_datapath|rs1_data_E[18]                                                                                        ; clk          ; clk         ; 0.000        ; 0.237      ; 1.770      ;
; 1.449 ; reset_ff                                                                                             ; rv32i_cpu:icpu|datapath:i_datapath|rs2_data_E[22]                                                                                        ; clk          ; clk         ; 0.000        ; 0.238      ; 1.771      ;
; 1.449 ; reset_ff                                                                                             ; rv32i_cpu:icpu|datapath:i_datapath|rs1_data_E[27]                                                                                        ; clk          ; clk         ; 0.000        ; 0.237      ; 1.770      ;
; 1.449 ; reset_ff                                                                                             ; rv32i_cpu:icpu|datapath:i_datapath|rs2_data_E[27]                                                                                        ; clk          ; clk         ; 0.000        ; 0.237      ; 1.770      ;
; 1.449 ; reset_ff                                                                                             ; rv32i_cpu:icpu|datapath:i_datapath|rs1_data_E[14]                                                                                        ; clk          ; clk         ; 0.000        ; 0.237      ; 1.770      ;
; 1.449 ; reset_ff                                                                                             ; rv32i_cpu:icpu|datapath:i_datapath|rs1_data_E[29]                                                                                        ; clk          ; clk         ; 0.000        ; 0.237      ; 1.770      ;
; 1.449 ; reset_ff                                                                                             ; rv32i_cpu:icpu|datapath:i_datapath|rs2_data_E[29]                                                                                        ; clk          ; clk         ; 0.000        ; 0.243      ; 1.776      ;
; 1.449 ; reset_ff                                                                                             ; rv32i_cpu:icpu|datapath:i_datapath|rs2_data_E[17]                                                                                        ; clk          ; clk         ; 0.000        ; 0.238      ; 1.771      ;
; 1.449 ; reset_ff                                                                                             ; rv32i_cpu:icpu|datapath:i_datapath|rs1_data_E[16]                                                                                        ; clk          ; clk         ; 0.000        ; 0.234      ; 1.767      ;
; 1.449 ; reset_ff                                                                                             ; rv32i_cpu:icpu|datapath:i_datapath|ALUResult_M[14]                                                                                       ; clk          ; clk         ; 0.000        ; 0.237      ; 1.770      ;
; 1.449 ; reset_ff                                                                                             ; rv32i_cpu:icpu|datapath:i_datapath|WriteData_M[27]                                                                                       ; clk          ; clk         ; 0.000        ; 0.235      ; 1.768      ;
; 1.449 ; reset_ff                                                                                             ; rv32i_cpu:icpu|datapath:i_datapath|ALUResult_W[22]                                                                                       ; clk          ; clk         ; 0.000        ; 0.230      ; 1.763      ;
; 1.449 ; reset_ff                                                                                             ; rv32i_cpu:icpu|datapath:i_datapath|rs1_data_E[21]                                                                                        ; clk          ; clk         ; 0.000        ; 0.242      ; 1.775      ;
; 1.449 ; reset_ff                                                                                             ; rv32i_cpu:icpu|datapath:i_datapath|ALUResult_W[27]                                                                                       ; clk          ; clk         ; 0.000        ; 0.235      ; 1.768      ;
; 1.449 ; reset_ff                                                                                             ; rv32i_cpu:icpu|datapath:i_datapath|rs2_data_E[28]                                                                                        ; clk          ; clk         ; 0.000        ; 0.237      ; 1.770      ;
; 1.449 ; reset_ff                                                                                             ; rv32i_cpu:icpu|datapath:i_datapath|rs2_data_E[1]                                                                                         ; clk          ; clk         ; 0.000        ; 0.242      ; 1.775      ;
; 1.449 ; reset_ff                                                                                             ; rv32i_cpu:icpu|datapath:i_datapath|rs1_data_E[30]                                                                                        ; clk          ; clk         ; 0.000        ; 0.237      ; 1.770      ;
; 1.449 ; reset_ff                                                                                             ; rv32i_cpu:icpu|datapath:i_datapath|rs2_data_E[30]                                                                                        ; clk          ; clk         ; 0.000        ; 0.238      ; 1.771      ;
; 1.449 ; reset_ff                                                                                             ; rv32i_cpu:icpu|datapath:i_datapath|ALUResult_M[16]                                                                                       ; clk          ; clk         ; 0.000        ; 0.234      ; 1.767      ;
; 1.449 ; reset_ff                                                                                             ; rv32i_cpu:icpu|datapath:i_datapath|ALUResult_W[16]                                                                                       ; clk          ; clk         ; 0.000        ; 0.234      ; 1.767      ;
; 1.449 ; reset_ff                                                                                             ; rv32i_cpu:icpu|datapath:i_datapath|WriteData_M[16]                                                                                       ; clk          ; clk         ; 0.000        ; 0.234      ; 1.767      ;
; 1.449 ; reset_ff                                                                                             ; rv32i_cpu:icpu|datapath:i_datapath|rs2_data_E[16]                                                                                        ; clk          ; clk         ; 0.000        ; 0.243      ; 1.776      ;
; 1.449 ; reset_ff                                                                                             ; rv32i_cpu:icpu|datapath:i_datapath|ALUResult_W[18]                                                                                       ; clk          ; clk         ; 0.000        ; 0.235      ; 1.768      ;
; 1.449 ; reset_ff                                                                                             ; rv32i_cpu:icpu|datapath:i_datapath|PC_D[2]_OTERM45_OTERM1195                                                                             ; clk          ; clk         ; 0.000        ; 0.229      ; 1.762      ;
; 1.449 ; reset_ff                                                                                             ; rv32i_cpu:icpu|datapath:i_datapath|WriteData_M[22]                                                                                       ; clk          ; clk         ; 0.000        ; 0.245      ; 1.778      ;
; 1.449 ; reset_ff                                                                                             ; rv32i_cpu:icpu|datapath:i_datapath|WriteData_M[26]                                                                                       ; clk          ; clk         ; 0.000        ; 0.235      ; 1.768      ;
; 1.449 ; reset_ff                                                                                             ; rv32i_cpu:icpu|datapath:i_datapath|ALUResult_W[25]                                                                                       ; clk          ; clk         ; 0.000        ; 0.230      ; 1.763      ;
; 1.449 ; reset_ff                                                                                             ; rv32i_cpu:icpu|datapath:i_datapath|ALUResult_W[23]                                                                                       ; clk          ; clk         ; 0.000        ; 0.245      ; 1.778      ;
; 1.449 ; reset_ff                                                                                             ; rv32i_cpu:icpu|datapath:i_datapath|WriteData_M[23]                                                                                       ; clk          ; clk         ; 0.000        ; 0.245      ; 1.778      ;
; 1.449 ; reset_ff                                                                                             ; rv32i_cpu:icpu|datapath:i_datapath|Instr_E[22]                                                                                           ; clk          ; clk         ; 0.000        ; 0.229      ; 1.762      ;
; 1.449 ; reset_ff                                                                                             ; rv32i_cpu:icpu|datapath:i_datapath|Instr_E[14]_OTERM199                                                                                  ; clk          ; clk         ; 0.000        ; 0.236      ; 1.769      ;
; 1.450 ; reset_ff                                                                                             ; rv32i_cpu:icpu|datapath:i_datapath|rs2_data_E[26]                                                                                        ; clk          ; clk         ; 0.000        ; 0.232      ; 1.766      ;
; 1.450 ; reset_ff                                                                                             ; rv32i_cpu:icpu|datapath:i_datapath|pc_flopr:pcreg|q[28]_OTERM149                                                                         ; clk          ; clk         ; 0.000        ; 0.218      ; 1.752      ;
; 1.450 ; reset_ff                                                                                             ; rv32i_cpu:icpu|datapath:i_datapath|ALUResult_M[26]                                                                                       ; clk          ; clk         ; 0.000        ; 0.232      ; 1.766      ;
+-------+------------------------------------------------------------------------------------------------------+------------------------------------------------------------------------------------------------------------------------------------------+--------------+-------------+--------------+------------+------------+


----------------------------------------------
; Fast 1200mV 0C Model Metastability Summary ;
----------------------------------------------
No synchronizer chains to report.


+-----------------------------------------------------------------------------+
; Multicorner Timing Analysis Summary                                         ;
+------------------+-------+-------+----------+---------+---------------------+
; Clock            ; Setup ; Hold  ; Recovery ; Removal ; Minimum Pulse Width ;
+------------------+-------+-------+----------+---------+---------------------+
; Worst-case Slack ; 0.528 ; 0.173 ; 16.195   ; 0.982   ; 9.372               ;
;  clk             ; 0.528 ; 0.173 ; 16.195   ; 0.982   ; 9.372               ;
; Design-wide TNS  ; 0.0   ; 0.0   ; 0.0      ; 0.0     ; 0.0                 ;
;  clk             ; 0.000 ; 0.000 ; 0.000    ; 0.000   ; 0.000               ;
+------------------+-------+-------+----------+---------+---------------------+


+------------------------------------------------------------------------------------------------------------------------------------------------------------------------------------------------------------------------------------------------------------------------------------------------------------------------------------------------------------------------------------------------------------------+
; Board Trace Model Assignments                                                                                                                                                                                                                                                                                                                                                                                    ;
+---------------+--------------+-------------------+-------------------------+-------------------------+---------------+---------------------+----------------+------------------+--------+------------------+------------------------+------------------------+--------------+---------------+-----------------+-------+---------------------+--------------------+---------------+-----------------+-------------+
; Pin           ; I/O Standard ; Near Tline Length ; Near Tline L per Length ; Near Tline C per Length ; Near Series R ; Near Differential R ; Near Pull-up R ; Near Pull-down R ; Near C ; Far Tline Length ; Far Tline L per Length ; Far Tline C per Length ; Far Series R ; Far Pull-up R ; Far Pull-down R ; Far C ; Termination Voltage ; Far Differential R ; EBD File Name ; EBD Signal Name ; EBD Far-end ;
+---------------+--------------+-------------------+-------------------------+-------------------------+---------------+---------------------+----------------+------------------+--------+------------------+------------------------+------------------------+--------------+---------------+-----------------+-------+---------------------+--------------------+---------------+-----------------+-------------+
; HEX3[0]       ; 2.5 V        ; 0 in              ; 0 H/in                  ; 0 F/in                  ; short         ; -                   ; open           ; open             ; open   ; 0 in             ; 0 H/in                 ; 0 F/in                 ; short        ; open          ; open            ; open  ; 0 V                 ; -                  ; n/a           ; n/a             ; n/a         ;
; HEX3[1]       ; 2.5 V        ; 0 in              ; 0 H/in                  ; 0 F/in                  ; short         ; -                   ; open           ; open             ; open   ; 0 in             ; 0 H/in                 ; 0 F/in                 ; short        ; open          ; open            ; open  ; 0 V                 ; -                  ; n/a           ; n/a             ; n/a         ;
; HEX3[2]       ; 2.5 V        ; 0 in              ; 0 H/in                  ; 0 F/in                  ; short         ; -                   ; open           ; open             ; open   ; 0 in             ; 0 H/in                 ; 0 F/in                 ; short        ; open          ; open            ; open  ; 0 V                 ; -                  ; n/a           ; n/a             ; n/a         ;
; HEX3[3]       ; 2.5 V        ; 0 in              ; 0 H/in                  ; 0 F/in                  ; short         ; -                   ; open           ; open             ; open   ; 0 in             ; 0 H/in                 ; 0 F/in                 ; short        ; open          ; open            ; open  ; 0 V                 ; -                  ; n/a           ; n/a             ; n/a         ;
; HEX3[4]       ; 2.5 V        ; 0 in              ; 0 H/in                  ; 0 F/in                  ; short         ; -                   ; open           ; open             ; open   ; 0 in             ; 0 H/in                 ; 0 F/in                 ; short        ; open          ; open            ; open  ; 0 V                 ; -                  ; n/a           ; n/a             ; n/a         ;
; HEX3[5]       ; 2.5 V        ; 0 in              ; 0 H/in                  ; 0 F/in                  ; short         ; -                   ; open           ; open             ; open   ; 0 in             ; 0 H/in                 ; 0 F/in                 ; short        ; open          ; open            ; open  ; 0 V                 ; -                  ; n/a           ; n/a             ; n/a         ;
; HEX3[6]       ; 2.5 V        ; 0 in              ; 0 H/in                  ; 0 F/in                  ; short         ; -                   ; open           ; open             ; open   ; 0 in             ; 0 H/in                 ; 0 F/in                 ; short        ; open          ; open            ; open  ; 0 V                 ; -                  ; n/a           ; n/a             ; n/a         ;
; HEX2[0]       ; 2.5 V        ; 0 in              ; 0 H/in                  ; 0 F/in                  ; short         ; -                   ; open           ; open             ; open   ; 0 in             ; 0 H/in                 ; 0 F/in                 ; short        ; open          ; open            ; open  ; 0 V                 ; -                  ; n/a           ; n/a             ; n/a         ;
; HEX2[1]       ; 2.5 V        ; 0 in              ; 0 H/in                  ; 0 F/in                  ; short         ; -                   ; open           ; open             ; open   ; 0 in             ; 0 H/in                 ; 0 F/in                 ; short        ; open          ; open            ; open  ; 0 V                 ; -                  ; n/a           ; n/a             ; n/a         ;
; HEX2[2]       ; 2.5 V        ; 0 in              ; 0 H/in                  ; 0 F/in                  ; short         ; -                   ; open           ; open             ; open   ; 0 in             ; 0 H/in                 ; 0 F/in                 ; short        ; open          ; open            ; open  ; 0 V                 ; -                  ; n/a           ; n/a             ; n/a         ;
; HEX2[3]       ; 2.5 V        ; 0 in              ; 0 H/in                  ; 0 F/in                  ; short         ; -                   ; open           ; open             ; open   ; 0 in             ; 0 H/in                 ; 0 F/in                 ; short        ; open          ; open            ; open  ; 0 V                 ; -                  ; n/a           ; n/a             ; n/a         ;
; HEX2[4]       ; 2.5 V        ; 0 in              ; 0 H/in                  ; 0 F/in                  ; short         ; -                   ; open           ; open             ; open   ; 0 in             ; 0 H/in                 ; 0 F/in                 ; short        ; open          ; open            ; open  ; 0 V                 ; -                  ; n/a           ; n/a             ; n/a         ;
; HEX2[5]       ; 2.5 V        ; 0 in              ; 0 H/in                  ; 0 F/in                  ; short         ; -                   ; open           ; open             ; open   ; 0 in             ; 0 H/in                 ; 0 F/in                 ; short        ; open          ; open            ; open  ; 0 V                 ; -                  ; n/a           ; n/a             ; n/a         ;
; HEX2[6]       ; 2.5 V        ; 0 in              ; 0 H/in                  ; 0 F/in                  ; short         ; -                   ; open           ; open             ; open   ; 0 in             ; 0 H/in                 ; 0 F/in                 ; short        ; open          ; open            ; open  ; 0 V                 ; -                  ; n/a           ; n/a             ; n/a         ;
; HEX1[0]       ; 2.5 V        ; 0 in              ; 0 H/in                  ; 0 F/in                  ; short         ; -                   ; open           ; open             ; open   ; 0 in             ; 0 H/in                 ; 0 F/in                 ; short        ; open          ; open            ; open  ; 0 V                 ; -                  ; n/a           ; n/a             ; n/a         ;
; HEX1[1]       ; 2.5 V        ; 0 in              ; 0 H/in                  ; 0 F/in                  ; short         ; -                   ; open           ; open             ; open   ; 0 in             ; 0 H/in                 ; 0 F/in                 ; short        ; open          ; open            ; open  ; 0 V                 ; -                  ; n/a           ; n/a             ; n/a         ;
; HEX1[2]       ; 2.5 V        ; 0 in              ; 0 H/in                  ; 0 F/in                  ; short         ; -                   ; open           ; open             ; open   ; 0 in             ; 0 H/in                 ; 0 F/in                 ; short        ; open          ; open            ; open  ; 0 V                 ; -                  ; n/a           ; n/a             ; n/a         ;
; HEX1[3]       ; 2.5 V        ; 0 in              ; 0 H/in                  ; 0 F/in                  ; short         ; -                   ; open           ; open             ; open   ; 0 in             ; 0 H/in                 ; 0 F/in                 ; short        ; open          ; open            ; open  ; 0 V                 ; -                  ; n/a           ; n/a             ; n/a         ;
; HEX1[4]       ; 2.5 V        ; 0 in              ; 0 H/in                  ; 0 F/in                  ; short         ; -                   ; open           ; open             ; open   ; 0 in             ; 0 H/in                 ; 0 F/in                 ; short        ; open          ; open            ; open  ; 0 V                 ; -                  ; n/a           ; n/a             ; n/a         ;
; HEX1[5]       ; 2.5 V        ; 0 in              ; 0 H/in                  ; 0 F/in                  ; short         ; -                   ; open           ; open             ; open   ; 0 in             ; 0 H/in                 ; 0 F/in                 ; short        ; open          ; open            ; open  ; 0 V                 ; -                  ; n/a           ; n/a             ; n/a         ;
; HEX1[6]       ; 2.5 V        ; 0 in              ; 0 H/in                  ; 0 F/in                  ; short         ; -                   ; open           ; open             ; open   ; 0 in             ; 0 H/in                 ; 0 F/in                 ; short        ; open          ; open            ; open  ; 0 V                 ; -                  ; n/a           ; n/a             ; n/a         ;
; HEX0[0]       ; 2.5 V        ; 0 in              ; 0 H/in                  ; 0 F/in                  ; short         ; -                   ; open           ; open             ; open   ; 0 in             ; 0 H/in                 ; 0 F/in                 ; short        ; open          ; open            ; open  ; 0 V                 ; -                  ; n/a           ; n/a             ; n/a         ;
; HEX0[1]       ; 2.5 V        ; 0 in              ; 0 H/in                  ; 0 F/in                  ; short         ; -                   ; open           ; open             ; open   ; 0 in             ; 0 H/in                 ; 0 F/in                 ; short        ; open          ; open            ; open  ; 0 V                 ; -                  ; n/a           ; n/a             ; n/a         ;
; HEX0[2]       ; 2.5 V        ; 0 in              ; 0 H/in                  ; 0 F/in                  ; short         ; -                   ; open           ; open             ; open   ; 0 in             ; 0 H/in                 ; 0 F/in                 ; short        ; open          ; open            ; open  ; 0 V                 ; -                  ; n/a           ; n/a             ; n/a         ;
; HEX0[3]       ; 2.5 V        ; 0 in              ; 0 H/in                  ; 0 F/in                  ; short         ; -                   ; open           ; open             ; open   ; 0 in             ; 0 H/in                 ; 0 F/in                 ; short        ; open          ; open            ; open  ; 0 V                 ; -                  ; n/a           ; n/a             ; n/a         ;
; HEX0[4]       ; 2.5 V        ; 0 in              ; 0 H/in                  ; 0 F/in                  ; short         ; -                   ; open           ; open             ; open   ; 0 in             ; 0 H/in                 ; 0 F/in                 ; short        ; open          ; open            ; open  ; 0 V                 ; -                  ; n/a           ; n/a             ; n/a         ;
; HEX0[5]       ; 2.5 V        ; 0 in              ; 0 H/in                  ; 0 F/in                  ; short         ; -                   ; open           ; open             ; open   ; 0 in             ; 0 H/in                 ; 0 F/in                 ; short        ; open          ; open            ; open  ; 0 V                 ; -                  ; n/a           ; n/a             ; n/a         ;
; HEX0[6]       ; 2.5 V        ; 0 in              ; 0 H/in                  ; 0 F/in                  ; short         ; -                   ; open           ; open             ; open   ; 0 in             ; 0 H/in                 ; 0 F/in                 ; short        ; open          ; open            ; open  ; 0 V                 ; -                  ; n/a           ; n/a             ; n/a         ;
; LEDR[0]       ; 2.5 V        ; 0 in              ; 0 H/in                  ; 0 F/in                  ; short         ; -                   ; open           ; open             ; open   ; 0 in             ; 0 H/in                 ; 0 F/in                 ; short        ; open          ; open            ; open  ; 0 V                 ; -                  ; n/a           ; n/a             ; n/a         ;
; LEDR[1]       ; 2.5 V        ; 0 in              ; 0 H/in                  ; 0 F/in                  ; short         ; -                   ; open           ; open             ; open   ; 0 in             ; 0 H/in                 ; 0 F/in                 ; short        ; open          ; open            ; open  ; 0 V                 ; -                  ; n/a           ; n/a             ; n/a         ;
; LEDR[2]       ; 2.5 V        ; 0 in              ; 0 H/in                  ; 0 F/in                  ; short         ; -                   ; open           ; open             ; open   ; 0 in             ; 0 H/in                 ; 0 F/in                 ; short        ; open          ; open            ; open  ; 0 V                 ; -                  ; n/a           ; n/a             ; n/a         ;
; LEDR[3]       ; 2.5 V        ; 0 in              ; 0 H/in                  ; 0 F/in                  ; short         ; -                   ; open           ; open             ; open   ; 0 in             ; 0 H/in                 ; 0 F/in                 ; short        ; open          ; open            ; open  ; 0 V                 ; -                  ; n/a           ; n/a             ; n/a         ;
; LEDR[4]       ; 2.5 V        ; 0 in              ; 0 H/in                  ; 0 F/in                  ; short         ; -                   ; open           ; open             ; open   ; 0 in             ; 0 H/in                 ; 0 F/in                 ; short        ; open          ; open            ; open  ; 0 V                 ; -                  ; n/a           ; n/a             ; n/a         ;
; LEDR[5]       ; 2.5 V        ; 0 in              ; 0 H/in                  ; 0 F/in                  ; short         ; -                   ; open           ; open             ; open   ; 0 in             ; 0 H/in                 ; 0 F/in                 ; short        ; open          ; open            ; open  ; 0 V                 ; -                  ; n/a           ; n/a             ; n/a         ;
; LEDR[6]       ; 2.5 V        ; 0 in              ; 0 H/in                  ; 0 F/in                  ; short         ; -                   ; open           ; open             ; open   ; 0 in             ; 0 H/in                 ; 0 F/in                 ; short        ; open          ; open            ; open  ; 0 V                 ; -                  ; n/a           ; n/a             ; n/a         ;
; LEDR[7]       ; 2.5 V        ; 0 in              ; 0 H/in                  ; 0 F/in                  ; short         ; -                   ; open           ; open             ; open   ; 0 in             ; 0 H/in                 ; 0 F/in                 ; short        ; open          ; open            ; open  ; 0 V                 ; -                  ; n/a           ; n/a             ; n/a         ;
; LEDR[8]       ; 2.5 V        ; 0 in              ; 0 H/in                  ; 0 F/in                  ; short         ; -                   ; open           ; open             ; open   ; 0 in             ; 0 H/in                 ; 0 F/in                 ; short        ; open          ; open            ; open  ; 0 V                 ; -                  ; n/a           ; n/a             ; n/a         ;
; LEDR[9]       ; 2.5 V        ; 0 in              ; 0 H/in                  ; 0 F/in                  ; short         ; -                   ; open           ; open             ; open   ; 0 in             ; 0 H/in                 ; 0 F/in                 ; short        ; open          ; open            ; open  ; 0 V                 ; -                  ; n/a           ; n/a             ; n/a         ;
; UART_TXD      ; 2.5 V        ; 0 in              ; 0 H/in                  ; 0 F/in                  ; short         ; -                   ; open           ; open             ; open   ; 0 in             ; 0 H/in                 ; 0 F/in                 ; short        ; open          ; open            ; open  ; 0 V                 ; -                  ; n/a           ; n/a             ; n/a         ;
; ~ALTERA_DCLK~ ; 2.5 V        ; 0 in              ; 0 H/in                  ; 0 F/in                  ; short         ; -                   ; open           ; open             ; open   ; 0 in             ; 0 H/in                 ; 0 F/in                 ; short        ; open          ; open            ; open  ; 0 V                 ; -                  ; n/a           ; n/a             ; n/a         ;
; ~ALTERA_nCEO~ ; 2.5 V        ; 0 in              ; 0 H/in                  ; 0 F/in                  ; short         ; -                   ; open           ; open             ; open   ; 0 in             ; 0 H/in                 ; 0 F/in                 ; short        ; open          ; open            ; open  ; 0 V                 ; -                  ; n/a           ; n/a             ; n/a         ;
+---------------+--------------+-------------------+-------------------------+-------------------------+---------------+---------------------+----------------+------------------+--------+------------------+------------------------+------------------------+--------------+---------------+-----------------+-------+---------------------+--------------------+---------------+-----------------+-------------+


+----------------------------------------------------------------------------+
; Input Transition Times                                                     ;
+-------------------------+--------------+-----------------+-----------------+
; Pin                     ; I/O Standard ; 10-90 Rise Time ; 90-10 Fall Time ;
+-------------------------+--------------+-----------------+-----------------+
; CLOCK_50                ; 2.5 V        ; 2000 ps         ; 2000 ps         ;
; BUTTON[0]               ; 2.5 V        ; 2000 ps         ; 2000 ps         ;
; SW[0]                   ; 2.5 V        ; 2000 ps         ; 2000 ps         ;
; SW[8]                   ; 2.5 V        ; 2000 ps         ; 2000 ps         ;
; SW[7]                   ; 2.5 V        ; 2000 ps         ; 2000 ps         ;
; SW[9]                   ; 2.5 V        ; 2000 ps         ; 2000 ps         ;
; SW[2]                   ; 2.5 V        ; 2000 ps         ; 2000 ps         ;
; BUTTON[2]               ; 2.5 V        ; 2000 ps         ; 2000 ps         ;
; SW[3]                   ; 2.5 V        ; 2000 ps         ; 2000 ps         ;
; UART_RXD                ; 2.5 V        ; 2000 ps         ; 2000 ps         ;
; SW[1]                   ; 2.5 V        ; 2000 ps         ; 2000 ps         ;
; BUTTON[1]               ; 2.5 V        ; 2000 ps         ; 2000 ps         ;
; SW[4]                   ; 2.5 V        ; 2000 ps         ; 2000 ps         ;
; SW[6]                   ; 2.5 V        ; 2000 ps         ; 2000 ps         ;
; SW[5]                   ; 2.5 V        ; 2000 ps         ; 2000 ps         ;
; ~ALTERA_ASDO_DATA1~     ; 2.5 V        ; 2000 ps         ; 2000 ps         ;
; ~ALTERA_FLASH_nCE_nCSO~ ; 2.5 V        ; 2000 ps         ; 2000 ps         ;
; ~ALTERA_DATA0~          ; 2.5 V        ; 2000 ps         ; 2000 ps         ;
+-------------------------+--------------+-----------------+-----------------+


+--------------------------------------------------------------------------------------------------------------------------------------------------------------------------------------------------------------------------------------------------------------------------------------------------------------------------------------------------------------------------------------------------------------------------------------------------------------------------------------------------------------------------------------------------------------------------------------------------------------------------------------------------------------------------------------------+
; Signal Integrity Metrics (Slow 1200mv 0c Model)                                                                                                                                                                                                                                                                                                                                                                                                                                                                                                                                                                                                                                            ;
+---------------+--------------+---------------------+---------------------+------------------------------+------------------------------+---------------------+---------------------+--------------------------------------+--------------------------------------+-----------------------------+-----------------------------+----------------------------+----------------------------+-----------------------------+-----------------------------+--------------------+--------------------+-------------------------------------+-------------------------------------+----------------------------+----------------------------+---------------------------+---------------------------+
; Pin           ; I/O Standard ; Board Delay on Rise ; Board Delay on Fall ; Steady State Voh at FPGA Pin ; Steady State Vol at FPGA Pin ; Voh Max at FPGA Pin ; Vol Min at FPGA Pin ; Ringback Voltage on Rise at FPGA Pin ; Ringback Voltage on Fall at FPGA Pin ; 10-90 Rise Time at FPGA Pin ; 90-10 Fall Time at FPGA Pin ; Monotonic Rise at FPGA Pin ; Monotonic Fall at FPGA Pin ; Steady State Voh at Far-end ; Steady State Vol at Far-end ; Voh Max at Far-end ; Vol Min at Far-end ; Ringback Voltage on Rise at Far-end ; Ringback Voltage on Fall at Far-end ; 10-90 Rise Time at Far-end ; 90-10 Fall Time at Far-end ; Monotonic Rise at Far-end ; Monotonic Fall at Far-end ;
+---------------+--------------+---------------------+---------------------+------------------------------+------------------------------+---------------------+---------------------+--------------------------------------+--------------------------------------+-----------------------------+-----------------------------+----------------------------+----------------------------+-----------------------------+-----------------------------+--------------------+--------------------+-------------------------------------+-------------------------------------+----------------------------+----------------------------+---------------------------+---------------------------+
; HEX3[0]       ; 2.5 V        ; 0 s                 ; 0 s                 ; 2.32 V                       ; 3.07e-09 V                   ; 2.37 V              ; -0.00994 V          ; 0.186 V                              ; 0.028 V                              ; 4.98e-10 s                  ; 4.96e-10 s                  ; Yes                        ; Yes                        ; 2.32 V                      ; 3.07e-09 V                  ; 2.37 V             ; -0.00994 V         ; 0.186 V                             ; 0.028 V                             ; 4.98e-10 s                 ; 4.96e-10 s                 ; Yes                       ; Yes                       ;
; HEX3[1]       ; 2.5 V        ; 0 s                 ; 0 s                 ; 2.32 V                       ; 3.07e-09 V                   ; 2.38 V              ; -0.0144 V           ; 0.227 V                              ; 0.024 V                              ; 3.14e-10 s                  ; 3.39e-10 s                  ; Yes                        ; Yes                        ; 2.32 V                      ; 3.07e-09 V                  ; 2.38 V             ; -0.0144 V          ; 0.227 V                             ; 0.024 V                             ; 3.14e-10 s                 ; 3.39e-10 s                 ; Yes                       ; Yes                       ;
; HEX3[2]       ; 2.5 V        ; 0 s                 ; 0 s                 ; 2.32 V                       ; 4.49e-09 V                   ; 2.33 V              ; -0.00467 V          ; 0.226 V                              ; 0.087 V                              ; 2.91e-09 s                  ; 2.74e-09 s                  ; Yes                        ; Yes                        ; 2.32 V                      ; 4.49e-09 V                  ; 2.33 V             ; -0.00467 V         ; 0.226 V                             ; 0.087 V                             ; 2.91e-09 s                 ; 2.74e-09 s                 ; Yes                       ; Yes                       ;
; HEX3[3]       ; 2.5 V        ; 0 s                 ; 0 s                 ; 2.32 V                       ; 4.49e-09 V                   ; 2.38 V              ; -0.00552 V          ; 0.096 V                              ; 0.019 V                              ; 4.18e-10 s                  ; 3.59e-10 s                  ; No                         ; Yes                        ; 2.32 V                      ; 4.49e-09 V                  ; 2.38 V             ; -0.00552 V         ; 0.096 V                             ; 0.019 V                             ; 4.18e-10 s                 ; 3.59e-10 s                 ; No                        ; Yes                       ;
; HEX3[4]       ; 2.5 V        ; 0 s                 ; 0 s                 ; 2.32 V                       ; 4.49e-09 V                   ; 2.38 V              ; -0.00552 V          ; 0.096 V                              ; 0.019 V                              ; 4.18e-10 s                  ; 3.59e-10 s                  ; No                         ; Yes                        ; 2.32 V                      ; 4.49e-09 V                  ; 2.38 V             ; -0.00552 V         ; 0.096 V                             ; 0.019 V                             ; 4.18e-10 s                 ; 3.59e-10 s                 ; No                        ; Yes                       ;
; HEX3[5]       ; 2.5 V        ; 0 s                 ; 0 s                 ; 2.32 V                       ; 4.49e-09 V                   ; 2.38 V              ; -0.00552 V          ; 0.096 V                              ; 0.019 V                              ; 4.18e-10 s                  ; 3.59e-10 s                  ; No                         ; Yes                        ; 2.32 V                      ; 4.49e-09 V                  ; 2.38 V             ; -0.00552 V         ; 0.096 V                             ; 0.019 V                             ; 4.18e-10 s                 ; 3.59e-10 s                 ; No                        ; Yes                       ;
; HEX3[6]       ; 2.5 V        ; 0 s                 ; 0 s                 ; 2.32 V                       ; 4.49e-09 V                   ; 2.38 V              ; -0.00552 V          ; 0.096 V                              ; 0.019 V                              ; 4.18e-10 s                  ; 3.59e-10 s                  ; No                         ; Yes                        ; 2.32 V                      ; 4.49e-09 V                  ; 2.38 V             ; -0.00552 V         ; 0.096 V                             ; 0.019 V                             ; 4.18e-10 s                 ; 3.59e-10 s                 ; No                        ; Yes                       ;
; HEX2[0]       ; 2.5 V        ; 0 s                 ; 0 s                 ; 2.32 V                       ; 3.07e-09 V                   ; 2.37 V              ; -0.00994 V          ; 0.186 V                              ; 0.028 V                              ; 4.98e-10 s                  ; 4.96e-10 s                  ; Yes                        ; Yes                        ; 2.32 V                      ; 3.07e-09 V                  ; 2.37 V             ; -0.00994 V         ; 0.186 V                             ; 0.028 V                             ; 4.98e-10 s                 ; 4.96e-10 s                 ; Yes                       ; Yes                       ;
; HEX2[1]       ; 2.5 V        ; 0 s                 ; 0 s                 ; 2.32 V                       ; 3.07e-09 V                   ; 2.37 V              ; -0.00994 V          ; 0.186 V                              ; 0.028 V                              ; 4.98e-10 s                  ; 4.96e-10 s                  ; Yes                        ; Yes                        ; 2.32 V                      ; 3.07e-09 V                  ; 2.37 V             ; -0.00994 V         ; 0.186 V                             ; 0.028 V                             ; 4.98e-10 s                 ; 4.96e-10 s                 ; Yes                       ; Yes                       ;
; HEX2[2]       ; 2.5 V        ; 0 s                 ; 0 s                 ; 2.32 V                       ; 3.07e-09 V                   ; 2.37 V              ; -0.00994 V          ; 0.186 V                              ; 0.028 V                              ; 4.98e-10 s                  ; 4.96e-10 s                  ; Yes                        ; Yes                        ; 2.32 V                      ; 3.07e-09 V                  ; 2.37 V             ; -0.00994 V         ; 0.186 V                             ; 0.028 V                             ; 4.98e-10 s                 ; 4.96e-10 s                 ; Yes                       ; Yes                       ;
; HEX2[3]       ; 2.5 V        ; 0 s                 ; 0 s                 ; 2.32 V                       ; 3.07e-09 V                   ; 2.37 V              ; -0.00994 V          ; 0.186 V                              ; 0.028 V                              ; 4.98e-10 s                  ; 4.96e-10 s                  ; Yes                        ; Yes                        ; 2.32 V                      ; 3.07e-09 V                  ; 2.37 V             ; -0.00994 V         ; 0.186 V                             ; 0.028 V                             ; 4.98e-10 s                 ; 4.96e-10 s                 ; Yes                       ; Yes                       ;
; HEX2[4]       ; 2.5 V        ; 0 s                 ; 0 s                 ; 2.32 V                       ; 3.07e-09 V                   ; 2.37 V              ; -0.00994 V          ; 0.186 V                              ; 0.028 V                              ; 4.98e-10 s                  ; 4.96e-10 s                  ; Yes                        ; Yes                        ; 2.32 V                      ; 3.07e-09 V                  ; 2.37 V             ; -0.00994 V         ; 0.186 V                             ; 0.028 V                             ; 4.98e-10 s                 ; 4.96e-10 s                 ; Yes                       ; Yes                       ;
; HEX2[5]       ; 2.5 V        ; 0 s                 ; 0 s                 ; 2.32 V                       ; 3.07e-09 V                   ; 2.37 V              ; -0.00994 V          ; 0.186 V                              ; 0.028 V                              ; 4.98e-10 s                  ; 4.96e-10 s                  ; Yes                        ; Yes                        ; 2.32 V                      ; 3.07e-09 V                  ; 2.37 V             ; -0.00994 V         ; 0.186 V                             ; 0.028 V                             ; 4.98e-10 s                 ; 4.96e-10 s                 ; Yes                       ; Yes                       ;
; HEX2[6]       ; 2.5 V        ; 0 s                 ; 0 s                 ; 2.32 V                       ; 3.07e-09 V                   ; 2.37 V              ; -0.00994 V          ; 0.186 V                              ; 0.028 V                              ; 4.98e-10 s                  ; 4.96e-10 s                  ; Yes                        ; Yes                        ; 2.32 V                      ; 3.07e-09 V                  ; 2.37 V             ; -0.00994 V         ; 0.186 V                             ; 0.028 V                             ; 4.98e-10 s                 ; 4.96e-10 s                 ; Yes                       ; Yes                       ;
; HEX1[0]       ; 2.5 V        ; 0 s                 ; 0 s                 ; 2.32 V                       ; 3.07e-09 V                   ; 2.38 V              ; -0.0144 V           ; 0.227 V                              ; 0.024 V                              ; 3.14e-10 s                  ; 3.39e-10 s                  ; Yes                        ; Yes                        ; 2.32 V                      ; 3.07e-09 V                  ; 2.38 V             ; -0.0144 V          ; 0.227 V                             ; 0.024 V                             ; 3.14e-10 s                 ; 3.39e-10 s                 ; Yes                       ; Yes                       ;
; HEX1[1]       ; 2.5 V        ; 0 s                 ; 0 s                 ; 2.32 V                       ; 3.07e-09 V                   ; 2.37 V              ; -0.00994 V          ; 0.186 V                              ; 0.028 V                              ; 4.98e-10 s                  ; 4.96e-10 s                  ; Yes                        ; Yes                        ; 2.32 V                      ; 3.07e-09 V                  ; 2.37 V             ; -0.00994 V         ; 0.186 V                             ; 0.028 V                             ; 4.98e-10 s                 ; 4.96e-10 s                 ; Yes                       ; Yes                       ;
; HEX1[2]       ; 2.5 V        ; 0 s                 ; 0 s                 ; 2.32 V                       ; 3.07e-09 V                   ; 2.37 V              ; -0.00994 V          ; 0.186 V                              ; 0.028 V                              ; 4.98e-10 s                  ; 4.96e-10 s                  ; Yes                        ; Yes                        ; 2.32 V                      ; 3.07e-09 V                  ; 2.37 V             ; -0.00994 V         ; 0.186 V                             ; 0.028 V                             ; 4.98e-10 s                 ; 4.96e-10 s                 ; Yes                       ; Yes                       ;
; HEX1[3]       ; 2.5 V        ; 0 s                 ; 0 s                 ; 2.32 V                       ; 3.07e-09 V                   ; 2.37 V              ; -0.00994 V          ; 0.186 V                              ; 0.028 V                              ; 4.98e-10 s                  ; 4.96e-10 s                  ; Yes                        ; Yes                        ; 2.32 V                      ; 3.07e-09 V                  ; 2.37 V             ; -0.00994 V         ; 0.186 V                             ; 0.028 V                             ; 4.98e-10 s                 ; 4.96e-10 s                 ; Yes                       ; Yes                       ;
; HEX1[4]       ; 2.5 V        ; 0 s                 ; 0 s                 ; 2.32 V                       ; 3.07e-09 V                   ; 2.37 V              ; -0.00994 V          ; 0.186 V                              ; 0.028 V                              ; 4.98e-10 s                  ; 4.96e-10 s                  ; Yes                        ; Yes                        ; 2.32 V                      ; 3.07e-09 V                  ; 2.37 V             ; -0.00994 V         ; 0.186 V                             ; 0.028 V                             ; 4.98e-10 s                 ; 4.96e-10 s                 ; Yes                       ; Yes                       ;
; HEX1[5]       ; 2.5 V        ; 0 s                 ; 0 s                 ; 2.32 V                       ; 3.07e-09 V                   ; 2.33 V              ; -0.00496 V          ; 0.223 V                              ; 0.086 V                              ; 2.9e-09 s                   ; 2.73e-09 s                  ; Yes                        ; Yes                        ; 2.32 V                      ; 3.07e-09 V                  ; 2.33 V             ; -0.00496 V         ; 0.223 V                             ; 0.086 V                             ; 2.9e-09 s                  ; 2.73e-09 s                 ; Yes                       ; Yes                       ;
; HEX1[6]       ; 2.5 V        ; 0 s                 ; 0 s                 ; 2.32 V                       ; 3.07e-09 V                   ; 2.33 V              ; -0.00496 V          ; 0.223 V                              ; 0.086 V                              ; 2.9e-09 s                   ; 2.73e-09 s                  ; Yes                        ; Yes                        ; 2.32 V                      ; 3.07e-09 V                  ; 2.33 V             ; -0.00496 V         ; 0.223 V                             ; 0.086 V                             ; 2.9e-09 s                  ; 2.73e-09 s                 ; Yes                       ; Yes                       ;
; HEX0[0]       ; 2.5 V        ; 0 s                 ; 0 s                 ; 2.32 V                       ; 4.49e-09 V                   ; 2.38 V              ; -0.00552 V          ; 0.096 V                              ; 0.019 V                              ; 4.18e-10 s                  ; 3.59e-10 s                  ; No                         ; Yes                        ; 2.32 V                      ; 4.49e-09 V                  ; 2.38 V             ; -0.00552 V         ; 0.096 V                             ; 0.019 V                             ; 4.18e-10 s                 ; 3.59e-10 s                 ; No                        ; Yes                       ;
; HEX0[1]       ; 2.5 V        ; 0 s                 ; 0 s                 ; 2.32 V                       ; 4.49e-09 V                   ; 2.33 V              ; -0.00467 V          ; 0.226 V                              ; 0.087 V                              ; 2.91e-09 s                  ; 2.74e-09 s                  ; Yes                        ; Yes                        ; 2.32 V                      ; 4.49e-09 V                  ; 2.33 V             ; -0.00467 V         ; 0.226 V                             ; 0.087 V                             ; 2.91e-09 s                 ; 2.74e-09 s                 ; Yes                       ; Yes                       ;
; HEX0[2]       ; 2.5 V        ; 0 s                 ; 0 s                 ; 2.32 V                       ; 4.49e-09 V                   ; 2.38 V              ; -0.00552 V          ; 0.096 V                              ; 0.019 V                              ; 4.18e-10 s                  ; 3.59e-10 s                  ; No                         ; Yes                        ; 2.32 V                      ; 4.49e-09 V                  ; 2.38 V             ; -0.00552 V         ; 0.096 V                             ; 0.019 V                             ; 4.18e-10 s                 ; 3.59e-10 s                 ; No                        ; Yes                       ;
; HEX0[3]       ; 2.5 V        ; 0 s                 ; 0 s                 ; 2.32 V                       ; 3.07e-09 V                   ; 2.38 V              ; -0.0144 V           ; 0.227 V                              ; 0.024 V                              ; 3.14e-10 s                  ; 3.39e-10 s                  ; Yes                        ; Yes                        ; 2.32 V                      ; 3.07e-09 V                  ; 2.38 V             ; -0.0144 V          ; 0.227 V                             ; 0.024 V                             ; 3.14e-10 s                 ; 3.39e-10 s                 ; Yes                       ; Yes                       ;
; HEX0[4]       ; 2.5 V        ; 0 s                 ; 0 s                 ; 2.32 V                       ; 3.07e-09 V                   ; 2.38 V              ; -0.0144 V           ; 0.227 V                              ; 0.024 V                              ; 3.14e-10 s                  ; 3.39e-10 s                  ; Yes                        ; Yes                        ; 2.32 V                      ; 3.07e-09 V                  ; 2.38 V             ; -0.0144 V          ; 0.227 V                             ; 0.024 V                             ; 3.14e-10 s                 ; 3.39e-10 s                 ; Yes                       ; Yes                       ;
; HEX0[5]       ; 2.5 V        ; 0 s                 ; 0 s                 ; 2.32 V                       ; 3.07e-09 V                   ; 2.33 V              ; -0.00496 V          ; 0.223 V                              ; 0.086 V                              ; 2.9e-09 s                   ; 2.73e-09 s                  ; Yes                        ; Yes                        ; 2.32 V                      ; 3.07e-09 V                  ; 2.33 V             ; -0.00496 V         ; 0.223 V                             ; 0.086 V                             ; 2.9e-09 s                  ; 2.73e-09 s                 ; Yes                       ; Yes                       ;
; HEX0[6]       ; 2.5 V        ; 0 s                 ; 0 s                 ; 2.32 V                       ; 3.07e-09 V                   ; 2.38 V              ; -0.0144 V           ; 0.227 V                              ; 0.024 V                              ; 3.14e-10 s                  ; 3.39e-10 s                  ; Yes                        ; Yes                        ; 2.32 V                      ; 3.07e-09 V                  ; 2.38 V             ; -0.0144 V          ; 0.227 V                             ; 0.024 V                             ; 3.14e-10 s                 ; 3.39e-10 s                 ; Yes                       ; Yes                       ;
; LEDR[0]       ; 2.5 V        ; 0 s                 ; 0 s                 ; 2.32 V                       ; 4.49e-09 V                   ; 2.38 V              ; -0.00552 V          ; 0.096 V                              ; 0.019 V                              ; 4.18e-10 s                  ; 3.59e-10 s                  ; No                         ; Yes                        ; 2.32 V                      ; 4.49e-09 V                  ; 2.38 V             ; -0.00552 V         ; 0.096 V                             ; 0.019 V                             ; 4.18e-10 s                 ; 3.59e-10 s                 ; No                        ; Yes                       ;
; LEDR[1]       ; 2.5 V        ; 0 s                 ; 0 s                 ; 2.32 V                       ; 4.49e-09 V                   ; 2.38 V              ; -0.00552 V          ; 0.096 V                              ; 0.019 V                              ; 4.18e-10 s                  ; 3.59e-10 s                  ; No                         ; Yes                        ; 2.32 V                      ; 4.49e-09 V                  ; 2.38 V             ; -0.00552 V         ; 0.096 V                             ; 0.019 V                             ; 4.18e-10 s                 ; 3.59e-10 s                 ; No                        ; Yes                       ;
; LEDR[2]       ; 2.5 V        ; 0 s                 ; 0 s                 ; 2.32 V                       ; 4.49e-09 V                   ; 2.38 V              ; -0.00552 V          ; 0.096 V                              ; 0.019 V                              ; 4.18e-10 s                  ; 3.59e-10 s                  ; No                         ; Yes                        ; 2.32 V                      ; 4.49e-09 V                  ; 2.38 V             ; -0.00552 V         ; 0.096 V                             ; 0.019 V                             ; 4.18e-10 s                 ; 3.59e-10 s                 ; No                        ; Yes                       ;
; LEDR[3]       ; 2.5 V        ; 0 s                 ; 0 s                 ; 2.32 V                       ; 4.49e-09 V                   ; 2.38 V              ; -0.00552 V          ; 0.096 V                              ; 0.019 V                              ; 4.18e-10 s                  ; 3.59e-10 s                  ; No                         ; Yes                        ; 2.32 V                      ; 4.49e-09 V                  ; 2.38 V             ; -0.00552 V         ; 0.096 V                             ; 0.019 V                             ; 4.18e-10 s                 ; 3.59e-10 s                 ; No                        ; Yes                       ;
; LEDR[4]       ; 2.5 V        ; 0 s                 ; 0 s                 ; 2.32 V                       ; 4.49e-09 V                   ; 2.38 V              ; -0.00552 V          ; 0.096 V                              ; 0.019 V                              ; 4.18e-10 s                  ; 3.59e-10 s                  ; No                         ; Yes                        ; 2.32 V                      ; 4.49e-09 V                  ; 2.38 V             ; -0.00552 V         ; 0.096 V                             ; 0.019 V                             ; 4.18e-10 s                 ; 3.59e-10 s                 ; No                        ; Yes                       ;
; LEDR[5]       ; 2.5 V        ; 0 s                 ; 0 s                 ; 2.32 V                       ; 4.49e-09 V                   ; 2.38 V              ; -0.00552 V          ; 0.096 V                              ; 0.019 V                              ; 4.18e-10 s                  ; 3.59e-10 s                  ; No                         ; Yes                        ; 2.32 V                      ; 4.49e-09 V                  ; 2.38 V             ; -0.00552 V         ; 0.096 V                             ; 0.019 V                             ; 4.18e-10 s                 ; 3.59e-10 s                 ; No                        ; Yes                       ;
; LEDR[6]       ; 2.5 V        ; 0 s                 ; 0 s                 ; 2.32 V                       ; 4.49e-09 V                   ; 2.38 V              ; -0.00552 V          ; 0.096 V                              ; 0.019 V                              ; 4.18e-10 s                  ; 3.59e-10 s                  ; No                         ; Yes                        ; 2.32 V                      ; 4.49e-09 V                  ; 2.38 V             ; -0.00552 V         ; 0.096 V                             ; 0.019 V                             ; 4.18e-10 s                 ; 3.59e-10 s                 ; No                        ; Yes                       ;
; LEDR[7]       ; 2.5 V        ; 0 s                 ; 0 s                 ; 2.32 V                       ; 4.49e-09 V                   ; 2.38 V              ; -0.00552 V          ; 0.096 V                              ; 0.019 V                              ; 4.18e-10 s                  ; 3.59e-10 s                  ; No                         ; Yes                        ; 2.32 V                      ; 4.49e-09 V                  ; 2.38 V             ; -0.00552 V         ; 0.096 V                             ; 0.019 V                             ; 4.18e-10 s                 ; 3.59e-10 s                 ; No                        ; Yes                       ;
; LEDR[8]       ; 2.5 V        ; 0 s                 ; 0 s                 ; 2.32 V                       ; 4.49e-09 V                   ; 2.38 V              ; -0.00552 V          ; 0.096 V                              ; 0.019 V                              ; 4.18e-10 s                  ; 3.59e-10 s                  ; No                         ; Yes                        ; 2.32 V                      ; 4.49e-09 V                  ; 2.38 V             ; -0.00552 V         ; 0.096 V                             ; 0.019 V                             ; 4.18e-10 s                 ; 3.59e-10 s                 ; No                        ; Yes                       ;
; LEDR[9]       ; 2.5 V        ; 0 s                 ; 0 s                 ; 2.32 V                       ; 4.49e-09 V                   ; 2.33 V              ; -0.00467 V          ; 0.226 V                              ; 0.087 V                              ; 2.91e-09 s                  ; 2.74e-09 s                  ; Yes                        ; Yes                        ; 2.32 V                      ; 4.49e-09 V                  ; 2.33 V             ; -0.00467 V         ; 0.226 V                             ; 0.087 V                             ; 2.91e-09 s                 ; 2.74e-09 s                 ; Yes                       ; Yes                       ;
; UART_TXD      ; 2.5 V        ; 0 s                 ; 0 s                 ; 2.32 V                       ; 4.49e-09 V                   ; 2.33 V              ; -0.00467 V          ; 0.226 V                              ; 0.087 V                              ; 2.91e-09 s                  ; 2.74e-09 s                  ; Yes                        ; Yes                        ; 2.32 V                      ; 4.49e-09 V                  ; 2.33 V             ; -0.00467 V         ; 0.226 V                             ; 0.087 V                             ; 2.91e-09 s                 ; 2.74e-09 s                 ; Yes                       ; Yes                       ;
; ~ALTERA_DCLK~ ; 2.5 V        ; 0 s                 ; 0 s                 ; 2.32 V                       ; 2.67e-09 V                   ; 2.38 V              ; -0.0485 V           ; 0.167 V                              ; 0.096 V                              ; 2.95e-10 s                  ; 2.73e-10 s                  ; Yes                        ; Yes                        ; 2.32 V                      ; 2.67e-09 V                  ; 2.38 V             ; -0.0485 V          ; 0.167 V                             ; 0.096 V                             ; 2.95e-10 s                 ; 2.73e-10 s                 ; Yes                       ; Yes                       ;
; ~ALTERA_nCEO~ ; 2.5 V        ; 0 s                 ; 0 s                 ; 2.32 V                       ; 4.18e-09 V                   ; 2.38 V              ; -0.00483 V          ; 0.152 V                              ; 0.012 V                              ; 4.81e-10 s                  ; 6.29e-10 s                  ; Yes                        ; Yes                        ; 2.32 V                      ; 4.18e-09 V                  ; 2.38 V             ; -0.00483 V         ; 0.152 V                             ; 0.012 V                             ; 4.81e-10 s                 ; 6.29e-10 s                 ; Yes                       ; Yes                       ;
+---------------+--------------+---------------------+---------------------+------------------------------+------------------------------+---------------------+---------------------+--------------------------------------+--------------------------------------+-----------------------------+-----------------------------+----------------------------+----------------------------+-----------------------------+-----------------------------+--------------------+--------------------+-------------------------------------+-------------------------------------+----------------------------+----------------------------+---------------------------+---------------------------+


+--------------------------------------------------------------------------------------------------------------------------------------------------------------------------------------------------------------------------------------------------------------------------------------------------------------------------------------------------------------------------------------------------------------------------------------------------------------------------------------------------------------------------------------------------------------------------------------------------------------------------------------------------------------------------------------------+
; Signal Integrity Metrics (Slow 1200mv 85c Model)                                                                                                                                                                                                                                                                                                                                                                                                                                                                                                                                                                                                                                           ;
+---------------+--------------+---------------------+---------------------+------------------------------+------------------------------+---------------------+---------------------+--------------------------------------+--------------------------------------+-----------------------------+-----------------------------+----------------------------+----------------------------+-----------------------------+-----------------------------+--------------------+--------------------+-------------------------------------+-------------------------------------+----------------------------+----------------------------+---------------------------+---------------------------+
; Pin           ; I/O Standard ; Board Delay on Rise ; Board Delay on Fall ; Steady State Voh at FPGA Pin ; Steady State Vol at FPGA Pin ; Voh Max at FPGA Pin ; Vol Min at FPGA Pin ; Ringback Voltage on Rise at FPGA Pin ; Ringback Voltage on Fall at FPGA Pin ; 10-90 Rise Time at FPGA Pin ; 90-10 Fall Time at FPGA Pin ; Monotonic Rise at FPGA Pin ; Monotonic Fall at FPGA Pin ; Steady State Voh at Far-end ; Steady State Vol at Far-end ; Voh Max at Far-end ; Vol Min at Far-end ; Ringback Voltage on Rise at Far-end ; Ringback Voltage on Fall at Far-end ; 10-90 Rise Time at Far-end ; 90-10 Fall Time at Far-end ; Monotonic Rise at Far-end ; Monotonic Fall at Far-end ;
+---------------+--------------+---------------------+---------------------+------------------------------+------------------------------+---------------------+---------------------+--------------------------------------+--------------------------------------+-----------------------------+-----------------------------+----------------------------+----------------------------+-----------------------------+-----------------------------+--------------------+--------------------+-------------------------------------+-------------------------------------+----------------------------+----------------------------+---------------------------+---------------------------+
; HEX3[0]       ; 2.5 V        ; 0 s                 ; 0 s                 ; 2.32 V                       ; 4.67e-07 V                   ; 2.35 V              ; -0.00942 V          ; 0.116 V                              ; 0.033 V                              ; 6.66e-10 s                  ; 6.27e-10 s                  ; Yes                        ; Yes                        ; 2.32 V                      ; 4.67e-07 V                  ; 2.35 V             ; -0.00942 V         ; 0.116 V                             ; 0.033 V                             ; 6.66e-10 s                 ; 6.27e-10 s                 ; Yes                       ; Yes                       ;
; HEX3[1]       ; 2.5 V        ; 0 s                 ; 0 s                 ; 2.32 V                       ; 4.67e-07 V                   ; 2.36 V              ; -0.00552 V          ; 0.11 V                               ; 0.007 V                              ; 4.54e-10 s                  ; 4.35e-10 s                  ; Yes                        ; Yes                        ; 2.32 V                      ; 4.67e-07 V                  ; 2.36 V             ; -0.00552 V         ; 0.11 V                              ; 0.007 V                             ; 4.54e-10 s                 ; 4.35e-10 s                 ; Yes                       ; Yes                       ;
; HEX3[2]       ; 2.5 V        ; 0 s                 ; 0 s                 ; 2.32 V                       ; 6.92e-07 V                   ; 2.33 V              ; -0.00265 V          ; 0.133 V                              ; 0.056 V                              ; 3.55e-09 s                  ; 3.31e-09 s                  ; Yes                        ; Yes                        ; 2.32 V                      ; 6.92e-07 V                  ; 2.33 V             ; -0.00265 V         ; 0.133 V                             ; 0.056 V                             ; 3.55e-09 s                 ; 3.31e-09 s                 ; Yes                       ; Yes                       ;
; HEX3[3]       ; 2.5 V        ; 0 s                 ; 0 s                 ; 2.32 V                       ; 6.92e-07 V                   ; 2.35 V              ; -0.00996 V          ; 0.121 V                              ; 0.03 V                               ; 4.64e-10 s                  ; 4.47e-10 s                  ; Yes                        ; Yes                        ; 2.32 V                      ; 6.92e-07 V                  ; 2.35 V             ; -0.00996 V         ; 0.121 V                             ; 0.03 V                              ; 4.64e-10 s                 ; 4.47e-10 s                 ; Yes                       ; Yes                       ;
; HEX3[4]       ; 2.5 V        ; 0 s                 ; 0 s                 ; 2.32 V                       ; 6.92e-07 V                   ; 2.35 V              ; -0.00996 V          ; 0.121 V                              ; 0.03 V                               ; 4.64e-10 s                  ; 4.47e-10 s                  ; Yes                        ; Yes                        ; 2.32 V                      ; 6.92e-07 V                  ; 2.35 V             ; -0.00996 V         ; 0.121 V                             ; 0.03 V                              ; 4.64e-10 s                 ; 4.47e-10 s                 ; Yes                       ; Yes                       ;
; HEX3[5]       ; 2.5 V        ; 0 s                 ; 0 s                 ; 2.32 V                       ; 6.92e-07 V                   ; 2.35 V              ; -0.00996 V          ; 0.121 V                              ; 0.03 V                               ; 4.64e-10 s                  ; 4.47e-10 s                  ; Yes                        ; Yes                        ; 2.32 V                      ; 6.92e-07 V                  ; 2.35 V             ; -0.00996 V         ; 0.121 V                             ; 0.03 V                              ; 4.64e-10 s                 ; 4.47e-10 s                 ; Yes                       ; Yes                       ;
; HEX3[6]       ; 2.5 V        ; 0 s                 ; 0 s                 ; 2.32 V                       ; 6.92e-07 V                   ; 2.35 V              ; -0.00996 V          ; 0.121 V                              ; 0.03 V                               ; 4.64e-10 s                  ; 4.47e-10 s                  ; Yes                        ; Yes                        ; 2.32 V                      ; 6.92e-07 V                  ; 2.35 V             ; -0.00996 V         ; 0.121 V                             ; 0.03 V                              ; 4.64e-10 s                 ; 4.47e-10 s                 ; Yes                       ; Yes                       ;
; HEX2[0]       ; 2.5 V        ; 0 s                 ; 0 s                 ; 2.32 V                       ; 4.67e-07 V                   ; 2.35 V              ; -0.00942 V          ; 0.116 V                              ; 0.033 V                              ; 6.66e-10 s                  ; 6.27e-10 s                  ; Yes                        ; Yes                        ; 2.32 V                      ; 4.67e-07 V                  ; 2.35 V             ; -0.00942 V         ; 0.116 V                             ; 0.033 V                             ; 6.66e-10 s                 ; 6.27e-10 s                 ; Yes                       ; Yes                       ;
; HEX2[1]       ; 2.5 V        ; 0 s                 ; 0 s                 ; 2.32 V                       ; 4.67e-07 V                   ; 2.35 V              ; -0.00942 V          ; 0.116 V                              ; 0.033 V                              ; 6.66e-10 s                  ; 6.27e-10 s                  ; Yes                        ; Yes                        ; 2.32 V                      ; 4.67e-07 V                  ; 2.35 V             ; -0.00942 V         ; 0.116 V                             ; 0.033 V                             ; 6.66e-10 s                 ; 6.27e-10 s                 ; Yes                       ; Yes                       ;
; HEX2[2]       ; 2.5 V        ; 0 s                 ; 0 s                 ; 2.32 V                       ; 4.67e-07 V                   ; 2.35 V              ; -0.00942 V          ; 0.116 V                              ; 0.033 V                              ; 6.66e-10 s                  ; 6.27e-10 s                  ; Yes                        ; Yes                        ; 2.32 V                      ; 4.67e-07 V                  ; 2.35 V             ; -0.00942 V         ; 0.116 V                             ; 0.033 V                             ; 6.66e-10 s                 ; 6.27e-10 s                 ; Yes                       ; Yes                       ;
; HEX2[3]       ; 2.5 V        ; 0 s                 ; 0 s                 ; 2.32 V                       ; 4.67e-07 V                   ; 2.35 V              ; -0.00942 V          ; 0.116 V                              ; 0.033 V                              ; 6.66e-10 s                  ; 6.27e-10 s                  ; Yes                        ; Yes                        ; 2.32 V                      ; 4.67e-07 V                  ; 2.35 V             ; -0.00942 V         ; 0.116 V                             ; 0.033 V                             ; 6.66e-10 s                 ; 6.27e-10 s                 ; Yes                       ; Yes                       ;
; HEX2[4]       ; 2.5 V        ; 0 s                 ; 0 s                 ; 2.32 V                       ; 4.67e-07 V                   ; 2.35 V              ; -0.00942 V          ; 0.116 V                              ; 0.033 V                              ; 6.66e-10 s                  ; 6.27e-10 s                  ; Yes                        ; Yes                        ; 2.32 V                      ; 4.67e-07 V                  ; 2.35 V             ; -0.00942 V         ; 0.116 V                             ; 0.033 V                             ; 6.66e-10 s                 ; 6.27e-10 s                 ; Yes                       ; Yes                       ;
; HEX2[5]       ; 2.5 V        ; 0 s                 ; 0 s                 ; 2.32 V                       ; 4.67e-07 V                   ; 2.35 V              ; -0.00942 V          ; 0.116 V                              ; 0.033 V                              ; 6.66e-10 s                  ; 6.27e-10 s                  ; Yes                        ; Yes                        ; 2.32 V                      ; 4.67e-07 V                  ; 2.35 V             ; -0.00942 V         ; 0.116 V                             ; 0.033 V                             ; 6.66e-10 s                 ; 6.27e-10 s                 ; Yes                       ; Yes                       ;
; HEX2[6]       ; 2.5 V        ; 0 s                 ; 0 s                 ; 2.32 V                       ; 4.67e-07 V                   ; 2.35 V              ; -0.00942 V          ; 0.116 V                              ; 0.033 V                              ; 6.66e-10 s                  ; 6.27e-10 s                  ; Yes                        ; Yes                        ; 2.32 V                      ; 4.67e-07 V                  ; 2.35 V             ; -0.00942 V         ; 0.116 V                             ; 0.033 V                             ; 6.66e-10 s                 ; 6.27e-10 s                 ; Yes                       ; Yes                       ;
; HEX1[0]       ; 2.5 V        ; 0 s                 ; 0 s                 ; 2.32 V                       ; 4.67e-07 V                   ; 2.36 V              ; -0.00552 V          ; 0.11 V                               ; 0.007 V                              ; 4.54e-10 s                  ; 4.35e-10 s                  ; Yes                        ; Yes                        ; 2.32 V                      ; 4.67e-07 V                  ; 2.36 V             ; -0.00552 V         ; 0.11 V                              ; 0.007 V                             ; 4.54e-10 s                 ; 4.35e-10 s                 ; Yes                       ; Yes                       ;
; HEX1[1]       ; 2.5 V        ; 0 s                 ; 0 s                 ; 2.32 V                       ; 4.67e-07 V                   ; 2.35 V              ; -0.00942 V          ; 0.116 V                              ; 0.033 V                              ; 6.66e-10 s                  ; 6.27e-10 s                  ; Yes                        ; Yes                        ; 2.32 V                      ; 4.67e-07 V                  ; 2.35 V             ; -0.00942 V         ; 0.116 V                             ; 0.033 V                             ; 6.66e-10 s                 ; 6.27e-10 s                 ; Yes                       ; Yes                       ;
; HEX1[2]       ; 2.5 V        ; 0 s                 ; 0 s                 ; 2.32 V                       ; 4.67e-07 V                   ; 2.35 V              ; -0.00942 V          ; 0.116 V                              ; 0.033 V                              ; 6.66e-10 s                  ; 6.27e-10 s                  ; Yes                        ; Yes                        ; 2.32 V                      ; 4.67e-07 V                  ; 2.35 V             ; -0.00942 V         ; 0.116 V                             ; 0.033 V                             ; 6.66e-10 s                 ; 6.27e-10 s                 ; Yes                       ; Yes                       ;
; HEX1[3]       ; 2.5 V        ; 0 s                 ; 0 s                 ; 2.32 V                       ; 4.67e-07 V                   ; 2.35 V              ; -0.00942 V          ; 0.116 V                              ; 0.033 V                              ; 6.66e-10 s                  ; 6.27e-10 s                  ; Yes                        ; Yes                        ; 2.32 V                      ; 4.67e-07 V                  ; 2.35 V             ; -0.00942 V         ; 0.116 V                             ; 0.033 V                             ; 6.66e-10 s                 ; 6.27e-10 s                 ; Yes                       ; Yes                       ;
; HEX1[4]       ; 2.5 V        ; 0 s                 ; 0 s                 ; 2.32 V                       ; 4.67e-07 V                   ; 2.35 V              ; -0.00942 V          ; 0.116 V                              ; 0.033 V                              ; 6.66e-10 s                  ; 6.27e-10 s                  ; Yes                        ; Yes                        ; 2.32 V                      ; 4.67e-07 V                  ; 2.35 V             ; -0.00942 V         ; 0.116 V                             ; 0.033 V                             ; 6.66e-10 s                 ; 6.27e-10 s                 ; Yes                       ; Yes                       ;
; HEX1[5]       ; 2.5 V        ; 0 s                 ; 0 s                 ; 2.32 V                       ; 4.67e-07 V                   ; 2.33 V              ; -0.00269 V          ; 0.13 V                               ; 0.055 V                              ; 3.54e-09 s                  ; 3.29e-09 s                  ; Yes                        ; Yes                        ; 2.32 V                      ; 4.67e-07 V                  ; 2.33 V             ; -0.00269 V         ; 0.13 V                              ; 0.055 V                             ; 3.54e-09 s                 ; 3.29e-09 s                 ; Yes                       ; Yes                       ;
; HEX1[6]       ; 2.5 V        ; 0 s                 ; 0 s                 ; 2.32 V                       ; 4.67e-07 V                   ; 2.33 V              ; -0.00269 V          ; 0.13 V                               ; 0.055 V                              ; 3.54e-09 s                  ; 3.29e-09 s                  ; Yes                        ; Yes                        ; 2.32 V                      ; 4.67e-07 V                  ; 2.33 V             ; -0.00269 V         ; 0.13 V                              ; 0.055 V                             ; 3.54e-09 s                 ; 3.29e-09 s                 ; Yes                       ; Yes                       ;
; HEX0[0]       ; 2.5 V        ; 0 s                 ; 0 s                 ; 2.32 V                       ; 6.92e-07 V                   ; 2.35 V              ; -0.00996 V          ; 0.121 V                              ; 0.03 V                               ; 4.64e-10 s                  ; 4.47e-10 s                  ; Yes                        ; Yes                        ; 2.32 V                      ; 6.92e-07 V                  ; 2.35 V             ; -0.00996 V         ; 0.121 V                             ; 0.03 V                              ; 4.64e-10 s                 ; 4.47e-10 s                 ; Yes                       ; Yes                       ;
; HEX0[1]       ; 2.5 V        ; 0 s                 ; 0 s                 ; 2.32 V                       ; 6.92e-07 V                   ; 2.33 V              ; -0.00265 V          ; 0.133 V                              ; 0.056 V                              ; 3.55e-09 s                  ; 3.31e-09 s                  ; Yes                        ; Yes                        ; 2.32 V                      ; 6.92e-07 V                  ; 2.33 V             ; -0.00265 V         ; 0.133 V                             ; 0.056 V                             ; 3.55e-09 s                 ; 3.31e-09 s                 ; Yes                       ; Yes                       ;
; HEX0[2]       ; 2.5 V        ; 0 s                 ; 0 s                 ; 2.32 V                       ; 6.92e-07 V                   ; 2.35 V              ; -0.00996 V          ; 0.121 V                              ; 0.03 V                               ; 4.64e-10 s                  ; 4.47e-10 s                  ; Yes                        ; Yes                        ; 2.32 V                      ; 6.92e-07 V                  ; 2.35 V             ; -0.00996 V         ; 0.121 V                             ; 0.03 V                              ; 4.64e-10 s                 ; 4.47e-10 s                 ; Yes                       ; Yes                       ;
; HEX0[3]       ; 2.5 V        ; 0 s                 ; 0 s                 ; 2.32 V                       ; 4.67e-07 V                   ; 2.36 V              ; -0.00552 V          ; 0.11 V                               ; 0.007 V                              ; 4.54e-10 s                  ; 4.35e-10 s                  ; Yes                        ; Yes                        ; 2.32 V                      ; 4.67e-07 V                  ; 2.36 V             ; -0.00552 V         ; 0.11 V                              ; 0.007 V                             ; 4.54e-10 s                 ; 4.35e-10 s                 ; Yes                       ; Yes                       ;
; HEX0[4]       ; 2.5 V        ; 0 s                 ; 0 s                 ; 2.32 V                       ; 4.67e-07 V                   ; 2.36 V              ; -0.00552 V          ; 0.11 V                               ; 0.007 V                              ; 4.54e-10 s                  ; 4.35e-10 s                  ; Yes                        ; Yes                        ; 2.32 V                      ; 4.67e-07 V                  ; 2.36 V             ; -0.00552 V         ; 0.11 V                              ; 0.007 V                             ; 4.54e-10 s                 ; 4.35e-10 s                 ; Yes                       ; Yes                       ;
; HEX0[5]       ; 2.5 V        ; 0 s                 ; 0 s                 ; 2.32 V                       ; 4.67e-07 V                   ; 2.33 V              ; -0.00269 V          ; 0.13 V                               ; 0.055 V                              ; 3.54e-09 s                  ; 3.29e-09 s                  ; Yes                        ; Yes                        ; 2.32 V                      ; 4.67e-07 V                  ; 2.33 V             ; -0.00269 V         ; 0.13 V                              ; 0.055 V                             ; 3.54e-09 s                 ; 3.29e-09 s                 ; Yes                       ; Yes                       ;
; HEX0[6]       ; 2.5 V        ; 0 s                 ; 0 s                 ; 2.32 V                       ; 4.67e-07 V                   ; 2.36 V              ; -0.00552 V          ; 0.11 V                               ; 0.007 V                              ; 4.54e-10 s                  ; 4.35e-10 s                  ; Yes                        ; Yes                        ; 2.32 V                      ; 4.67e-07 V                  ; 2.36 V             ; -0.00552 V         ; 0.11 V                              ; 0.007 V                             ; 4.54e-10 s                 ; 4.35e-10 s                 ; Yes                       ; Yes                       ;
; LEDR[0]       ; 2.5 V        ; 0 s                 ; 0 s                 ; 2.32 V                       ; 6.92e-07 V                   ; 2.35 V              ; -0.00996 V          ; 0.121 V                              ; 0.03 V                               ; 4.64e-10 s                  ; 4.47e-10 s                  ; Yes                        ; Yes                        ; 2.32 V                      ; 6.92e-07 V                  ; 2.35 V             ; -0.00996 V         ; 0.121 V                             ; 0.03 V                              ; 4.64e-10 s                 ; 4.47e-10 s                 ; Yes                       ; Yes                       ;
; LEDR[1]       ; 2.5 V        ; 0 s                 ; 0 s                 ; 2.32 V                       ; 6.92e-07 V                   ; 2.35 V              ; -0.00996 V          ; 0.121 V                              ; 0.03 V                               ; 4.64e-10 s                  ; 4.47e-10 s                  ; Yes                        ; Yes                        ; 2.32 V                      ; 6.92e-07 V                  ; 2.35 V             ; -0.00996 V         ; 0.121 V                             ; 0.03 V                              ; 4.64e-10 s                 ; 4.47e-10 s                 ; Yes                       ; Yes                       ;
; LEDR[2]       ; 2.5 V        ; 0 s                 ; 0 s                 ; 2.32 V                       ; 6.92e-07 V                   ; 2.35 V              ; -0.00996 V          ; 0.121 V                              ; 0.03 V                               ; 4.64e-10 s                  ; 4.47e-10 s                  ; Yes                        ; Yes                        ; 2.32 V                      ; 6.92e-07 V                  ; 2.35 V             ; -0.00996 V         ; 0.121 V                             ; 0.03 V                              ; 4.64e-10 s                 ; 4.47e-10 s                 ; Yes                       ; Yes                       ;
; LEDR[3]       ; 2.5 V        ; 0 s                 ; 0 s                 ; 2.32 V                       ; 6.92e-07 V                   ; 2.35 V              ; -0.00996 V          ; 0.121 V                              ; 0.03 V                               ; 4.64e-10 s                  ; 4.47e-10 s                  ; Yes                        ; Yes                        ; 2.32 V                      ; 6.92e-07 V                  ; 2.35 V             ; -0.00996 V         ; 0.121 V                             ; 0.03 V                              ; 4.64e-10 s                 ; 4.47e-10 s                 ; Yes                       ; Yes                       ;
; LEDR[4]       ; 2.5 V        ; 0 s                 ; 0 s                 ; 2.32 V                       ; 6.92e-07 V                   ; 2.35 V              ; -0.00996 V          ; 0.121 V                              ; 0.03 V                               ; 4.64e-10 s                  ; 4.47e-10 s                  ; Yes                        ; Yes                        ; 2.32 V                      ; 6.92e-07 V                  ; 2.35 V             ; -0.00996 V         ; 0.121 V                             ; 0.03 V                              ; 4.64e-10 s                 ; 4.47e-10 s                 ; Yes                       ; Yes                       ;
; LEDR[5]       ; 2.5 V        ; 0 s                 ; 0 s                 ; 2.32 V                       ; 6.92e-07 V                   ; 2.35 V              ; -0.00996 V          ; 0.121 V                              ; 0.03 V                               ; 4.64e-10 s                  ; 4.47e-10 s                  ; Yes                        ; Yes                        ; 2.32 V                      ; 6.92e-07 V                  ; 2.35 V             ; -0.00996 V         ; 0.121 V                             ; 0.03 V                              ; 4.64e-10 s                 ; 4.47e-10 s                 ; Yes                       ; Yes                       ;
; LEDR[6]       ; 2.5 V        ; 0 s                 ; 0 s                 ; 2.32 V                       ; 6.92e-07 V                   ; 2.35 V              ; -0.00996 V          ; 0.121 V                              ; 0.03 V                               ; 4.64e-10 s                  ; 4.47e-10 s                  ; Yes                        ; Yes                        ; 2.32 V                      ; 6.92e-07 V                  ; 2.35 V             ; -0.00996 V         ; 0.121 V                             ; 0.03 V                              ; 4.64e-10 s                 ; 4.47e-10 s                 ; Yes                       ; Yes                       ;
; LEDR[7]       ; 2.5 V        ; 0 s                 ; 0 s                 ; 2.32 V                       ; 6.92e-07 V                   ; 2.35 V              ; -0.00996 V          ; 0.121 V                              ; 0.03 V                               ; 4.64e-10 s                  ; 4.47e-10 s                  ; Yes                        ; Yes                        ; 2.32 V                      ; 6.92e-07 V                  ; 2.35 V             ; -0.00996 V         ; 0.121 V                             ; 0.03 V                              ; 4.64e-10 s                 ; 4.47e-10 s                 ; Yes                       ; Yes                       ;
; LEDR[8]       ; 2.5 V        ; 0 s                 ; 0 s                 ; 2.32 V                       ; 6.92e-07 V                   ; 2.35 V              ; -0.00996 V          ; 0.121 V                              ; 0.03 V                               ; 4.64e-10 s                  ; 4.47e-10 s                  ; Yes                        ; Yes                        ; 2.32 V                      ; 6.92e-07 V                  ; 2.35 V             ; -0.00996 V         ; 0.121 V                             ; 0.03 V                              ; 4.64e-10 s                 ; 4.47e-10 s                 ; Yes                       ; Yes                       ;
; LEDR[9]       ; 2.5 V        ; 0 s                 ; 0 s                 ; 2.32 V                       ; 6.92e-07 V                   ; 2.33 V              ; -0.00265 V          ; 0.133 V                              ; 0.056 V                              ; 3.55e-09 s                  ; 3.31e-09 s                  ; Yes                        ; Yes                        ; 2.32 V                      ; 6.92e-07 V                  ; 2.33 V             ; -0.00265 V         ; 0.133 V                             ; 0.056 V                             ; 3.55e-09 s                 ; 3.31e-09 s                 ; Yes                       ; Yes                       ;
; UART_TXD      ; 2.5 V        ; 0 s                 ; 0 s                 ; 2.32 V                       ; 6.92e-07 V                   ; 2.33 V              ; -0.00265 V          ; 0.133 V                              ; 0.056 V                              ; 3.55e-09 s                  ; 3.31e-09 s                  ; Yes                        ; Yes                        ; 2.32 V                      ; 6.92e-07 V                  ; 2.33 V             ; -0.00265 V         ; 0.133 V                             ; 0.056 V                             ; 3.55e-09 s                 ; 3.31e-09 s                 ; Yes                       ; Yes                       ;
; ~ALTERA_DCLK~ ; 2.5 V        ; 0 s                 ; 0 s                 ; 2.32 V                       ; 3.75e-07 V                   ; 2.35 V              ; -0.0109 V           ; 0.084 V                              ; 0.027 V                              ; 4.31e-10 s                  ; 3.61e-10 s                  ; Yes                        ; Yes                        ; 2.32 V                      ; 3.75e-07 V                  ; 2.35 V             ; -0.0109 V          ; 0.084 V                             ; 0.027 V                             ; 4.31e-10 s                 ; 3.61e-10 s                 ; Yes                       ; Yes                       ;
; ~ALTERA_nCEO~ ; 2.5 V        ; 0 s                 ; 0 s                 ; 2.32 V                       ; 6.15e-07 V                   ; 2.35 V              ; -0.00712 V          ; 0.093 V                              ; 0.02 V                               ; 6.21e-10 s                  ; 7.9e-10 s                   ; Yes                        ; Yes                        ; 2.32 V                      ; 6.15e-07 V                  ; 2.35 V             ; -0.00712 V         ; 0.093 V                             ; 0.02 V                              ; 6.21e-10 s                 ; 7.9e-10 s                  ; Yes                       ; Yes                       ;
+---------------+--------------+---------------------+---------------------+------------------------------+------------------------------+---------------------+---------------------+--------------------------------------+--------------------------------------+-----------------------------+-----------------------------+----------------------------+----------------------------+-----------------------------+-----------------------------+--------------------+--------------------+-------------------------------------+-------------------------------------+----------------------------+----------------------------+---------------------------+---------------------------+


+--------------------------------------------------------------------------------------------------------------------------------------------------------------------------------------------------------------------------------------------------------------------------------------------------------------------------------------------------------------------------------------------------------------------------------------------------------------------------------------------------------------------------------------------------------------------------------------------------------------------------------------------------------------------------------------------+
; Signal Integrity Metrics (Fast 1200mv 0c Model)                                                                                                                                                                                                                                                                                                                                                                                                                                                                                                                                                                                                                                            ;
+---------------+--------------+---------------------+---------------------+------------------------------+------------------------------+---------------------+---------------------+--------------------------------------+--------------------------------------+-----------------------------+-----------------------------+----------------------------+----------------------------+-----------------------------+-----------------------------+--------------------+--------------------+-------------------------------------+-------------------------------------+----------------------------+----------------------------+---------------------------+---------------------------+
; Pin           ; I/O Standard ; Board Delay on Rise ; Board Delay on Fall ; Steady State Voh at FPGA Pin ; Steady State Vol at FPGA Pin ; Voh Max at FPGA Pin ; Vol Min at FPGA Pin ; Ringback Voltage on Rise at FPGA Pin ; Ringback Voltage on Fall at FPGA Pin ; 10-90 Rise Time at FPGA Pin ; 90-10 Fall Time at FPGA Pin ; Monotonic Rise at FPGA Pin ; Monotonic Fall at FPGA Pin ; Steady State Voh at Far-end ; Steady State Vol at Far-end ; Voh Max at Far-end ; Vol Min at Far-end ; Ringback Voltage on Rise at Far-end ; Ringback Voltage on Fall at Far-end ; 10-90 Rise Time at Far-end ; 90-10 Fall Time at Far-end ; Monotonic Rise at Far-end ; Monotonic Fall at Far-end ;
+---------------+--------------+---------------------+---------------------+------------------------------+------------------------------+---------------------+---------------------+--------------------------------------+--------------------------------------+-----------------------------+-----------------------------+----------------------------+----------------------------+-----------------------------+-----------------------------+--------------------+--------------------+-------------------------------------+-------------------------------------+----------------------------+----------------------------+---------------------------+---------------------------+
; HEX3[0]       ; 2.5 V        ; 0 s                 ; 0 s                 ; 2.62 V                       ; 2.74e-08 V                   ; 2.71 V              ; -0.0317 V           ; 0.148 V                              ; 0.064 V                              ; 4.51e-10 s                  ; 4.15e-10 s                  ; No                         ; Yes                        ; 2.62 V                      ; 2.74e-08 V                  ; 2.71 V             ; -0.0317 V          ; 0.148 V                             ; 0.064 V                             ; 4.51e-10 s                 ; 4.15e-10 s                 ; No                        ; Yes                       ;
; HEX3[1]       ; 2.5 V        ; 0 s                 ; 0 s                 ; 2.62 V                       ; 2.74e-08 V                   ; 2.73 V              ; -0.0384 V           ; 0.169 V                              ; 0.089 V                              ; 2.7e-10 s                   ; 2.62e-10 s                  ; Yes                        ; Yes                        ; 2.62 V                      ; 2.74e-08 V                  ; 2.73 V             ; -0.0384 V          ; 0.169 V                             ; 0.089 V                             ; 2.7e-10 s                  ; 2.62e-10 s                 ; Yes                       ; Yes                       ;
; HEX3[2]       ; 2.5 V        ; 0 s                 ; 0 s                 ; 2.62 V                       ; 4.05e-08 V                   ; 2.64 V              ; -0.0113 V           ; 0.208 V                              ; 0.179 V                              ; 2.38e-09 s                  ; 2.23e-09 s                  ; No                         ; Yes                        ; 2.62 V                      ; 4.05e-08 V                  ; 2.64 V             ; -0.0113 V          ; 0.208 V                             ; 0.179 V                             ; 2.38e-09 s                 ; 2.23e-09 s                 ; No                        ; Yes                       ;
; HEX3[3]       ; 2.5 V        ; 0 s                 ; 0 s                 ; 2.62 V                       ; 4.05e-08 V                   ; 2.72 V              ; -0.0349 V           ; 0.173 V                              ; 0.1 V                                ; 2.72e-10 s                  ; 2.69e-10 s                  ; Yes                        ; Yes                        ; 2.62 V                      ; 4.05e-08 V                  ; 2.72 V             ; -0.0349 V          ; 0.173 V                             ; 0.1 V                               ; 2.72e-10 s                 ; 2.69e-10 s                 ; Yes                       ; Yes                       ;
; HEX3[4]       ; 2.5 V        ; 0 s                 ; 0 s                 ; 2.62 V                       ; 4.05e-08 V                   ; 2.72 V              ; -0.0349 V           ; 0.173 V                              ; 0.1 V                                ; 2.72e-10 s                  ; 2.69e-10 s                  ; Yes                        ; Yes                        ; 2.62 V                      ; 4.05e-08 V                  ; 2.72 V             ; -0.0349 V          ; 0.173 V                             ; 0.1 V                               ; 2.72e-10 s                 ; 2.69e-10 s                 ; Yes                       ; Yes                       ;
; HEX3[5]       ; 2.5 V        ; 0 s                 ; 0 s                 ; 2.62 V                       ; 4.05e-08 V                   ; 2.72 V              ; -0.0349 V           ; 0.173 V                              ; 0.1 V                                ; 2.72e-10 s                  ; 2.69e-10 s                  ; Yes                        ; Yes                        ; 2.62 V                      ; 4.05e-08 V                  ; 2.72 V             ; -0.0349 V          ; 0.173 V                             ; 0.1 V                               ; 2.72e-10 s                 ; 2.69e-10 s                 ; Yes                       ; Yes                       ;
; HEX3[6]       ; 2.5 V        ; 0 s                 ; 0 s                 ; 2.62 V                       ; 4.05e-08 V                   ; 2.72 V              ; -0.0349 V           ; 0.173 V                              ; 0.1 V                                ; 2.72e-10 s                  ; 2.69e-10 s                  ; Yes                        ; Yes                        ; 2.62 V                      ; 4.05e-08 V                  ; 2.72 V             ; -0.0349 V          ; 0.173 V                             ; 0.1 V                               ; 2.72e-10 s                 ; 2.69e-10 s                 ; Yes                       ; Yes                       ;
; HEX2[0]       ; 2.5 V        ; 0 s                 ; 0 s                 ; 2.62 V                       ; 2.74e-08 V                   ; 2.71 V              ; -0.0317 V           ; 0.148 V                              ; 0.064 V                              ; 4.51e-10 s                  ; 4.15e-10 s                  ; No                         ; Yes                        ; 2.62 V                      ; 2.74e-08 V                  ; 2.71 V             ; -0.0317 V          ; 0.148 V                             ; 0.064 V                             ; 4.51e-10 s                 ; 4.15e-10 s                 ; No                        ; Yes                       ;
; HEX2[1]       ; 2.5 V        ; 0 s                 ; 0 s                 ; 2.62 V                       ; 2.74e-08 V                   ; 2.71 V              ; -0.0317 V           ; 0.148 V                              ; 0.064 V                              ; 4.51e-10 s                  ; 4.15e-10 s                  ; No                         ; Yes                        ; 2.62 V                      ; 2.74e-08 V                  ; 2.71 V             ; -0.0317 V          ; 0.148 V                             ; 0.064 V                             ; 4.51e-10 s                 ; 4.15e-10 s                 ; No                        ; Yes                       ;
; HEX2[2]       ; 2.5 V        ; 0 s                 ; 0 s                 ; 2.62 V                       ; 2.74e-08 V                   ; 2.71 V              ; -0.0317 V           ; 0.148 V                              ; 0.064 V                              ; 4.51e-10 s                  ; 4.15e-10 s                  ; No                         ; Yes                        ; 2.62 V                      ; 2.74e-08 V                  ; 2.71 V             ; -0.0317 V          ; 0.148 V                             ; 0.064 V                             ; 4.51e-10 s                 ; 4.15e-10 s                 ; No                        ; Yes                       ;
; HEX2[3]       ; 2.5 V        ; 0 s                 ; 0 s                 ; 2.62 V                       ; 2.74e-08 V                   ; 2.71 V              ; -0.0317 V           ; 0.148 V                              ; 0.064 V                              ; 4.51e-10 s                  ; 4.15e-10 s                  ; No                         ; Yes                        ; 2.62 V                      ; 2.74e-08 V                  ; 2.71 V             ; -0.0317 V          ; 0.148 V                             ; 0.064 V                             ; 4.51e-10 s                 ; 4.15e-10 s                 ; No                        ; Yes                       ;
; HEX2[4]       ; 2.5 V        ; 0 s                 ; 0 s                 ; 2.62 V                       ; 2.74e-08 V                   ; 2.71 V              ; -0.0317 V           ; 0.148 V                              ; 0.064 V                              ; 4.51e-10 s                  ; 4.15e-10 s                  ; No                         ; Yes                        ; 2.62 V                      ; 2.74e-08 V                  ; 2.71 V             ; -0.0317 V          ; 0.148 V                             ; 0.064 V                             ; 4.51e-10 s                 ; 4.15e-10 s                 ; No                        ; Yes                       ;
; HEX2[5]       ; 2.5 V        ; 0 s                 ; 0 s                 ; 2.62 V                       ; 2.74e-08 V                   ; 2.71 V              ; -0.0317 V           ; 0.148 V                              ; 0.064 V                              ; 4.51e-10 s                  ; 4.15e-10 s                  ; No                         ; Yes                        ; 2.62 V                      ; 2.74e-08 V                  ; 2.71 V             ; -0.0317 V          ; 0.148 V                             ; 0.064 V                             ; 4.51e-10 s                 ; 4.15e-10 s                 ; No                        ; Yes                       ;
; HEX2[6]       ; 2.5 V        ; 0 s                 ; 0 s                 ; 2.62 V                       ; 2.74e-08 V                   ; 2.71 V              ; -0.0317 V           ; 0.148 V                              ; 0.064 V                              ; 4.51e-10 s                  ; 4.15e-10 s                  ; No                         ; Yes                        ; 2.62 V                      ; 2.74e-08 V                  ; 2.71 V             ; -0.0317 V          ; 0.148 V                             ; 0.064 V                             ; 4.51e-10 s                 ; 4.15e-10 s                 ; No                        ; Yes                       ;
; HEX1[0]       ; 2.5 V        ; 0 s                 ; 0 s                 ; 2.62 V                       ; 2.74e-08 V                   ; 2.73 V              ; -0.0384 V           ; 0.169 V                              ; 0.089 V                              ; 2.7e-10 s                   ; 2.62e-10 s                  ; Yes                        ; Yes                        ; 2.62 V                      ; 2.74e-08 V                  ; 2.73 V             ; -0.0384 V          ; 0.169 V                             ; 0.089 V                             ; 2.7e-10 s                  ; 2.62e-10 s                 ; Yes                       ; Yes                       ;
; HEX1[1]       ; 2.5 V        ; 0 s                 ; 0 s                 ; 2.62 V                       ; 2.74e-08 V                   ; 2.71 V              ; -0.0317 V           ; 0.148 V                              ; 0.064 V                              ; 4.51e-10 s                  ; 4.15e-10 s                  ; No                         ; Yes                        ; 2.62 V                      ; 2.74e-08 V                  ; 2.71 V             ; -0.0317 V          ; 0.148 V                             ; 0.064 V                             ; 4.51e-10 s                 ; 4.15e-10 s                 ; No                        ; Yes                       ;
; HEX1[2]       ; 2.5 V        ; 0 s                 ; 0 s                 ; 2.62 V                       ; 2.74e-08 V                   ; 2.71 V              ; -0.0317 V           ; 0.148 V                              ; 0.064 V                              ; 4.51e-10 s                  ; 4.15e-10 s                  ; No                         ; Yes                        ; 2.62 V                      ; 2.74e-08 V                  ; 2.71 V             ; -0.0317 V          ; 0.148 V                             ; 0.064 V                             ; 4.51e-10 s                 ; 4.15e-10 s                 ; No                        ; Yes                       ;
; HEX1[3]       ; 2.5 V        ; 0 s                 ; 0 s                 ; 2.62 V                       ; 2.74e-08 V                   ; 2.71 V              ; -0.0317 V           ; 0.148 V                              ; 0.064 V                              ; 4.51e-10 s                  ; 4.15e-10 s                  ; No                         ; Yes                        ; 2.62 V                      ; 2.74e-08 V                  ; 2.71 V             ; -0.0317 V          ; 0.148 V                             ; 0.064 V                             ; 4.51e-10 s                 ; 4.15e-10 s                 ; No                        ; Yes                       ;
; HEX1[4]       ; 2.5 V        ; 0 s                 ; 0 s                 ; 2.62 V                       ; 2.74e-08 V                   ; 2.71 V              ; -0.0317 V           ; 0.148 V                              ; 0.064 V                              ; 4.51e-10 s                  ; 4.15e-10 s                  ; No                         ; Yes                        ; 2.62 V                      ; 2.74e-08 V                  ; 2.71 V             ; -0.0317 V          ; 0.148 V                             ; 0.064 V                             ; 4.51e-10 s                 ; 4.15e-10 s                 ; No                        ; Yes                       ;
; HEX1[5]       ; 2.5 V        ; 0 s                 ; 0 s                 ; 2.62 V                       ; 2.74e-08 V                   ; 2.64 V              ; -0.0117 V           ; 0.202 V                              ; 0.176 V                              ; 2.38e-09 s                  ; 2.22e-09 s                  ; No                         ; Yes                        ; 2.62 V                      ; 2.74e-08 V                  ; 2.64 V             ; -0.0117 V          ; 0.202 V                             ; 0.176 V                             ; 2.38e-09 s                 ; 2.22e-09 s                 ; No                        ; Yes                       ;
; HEX1[6]       ; 2.5 V        ; 0 s                 ; 0 s                 ; 2.62 V                       ; 2.74e-08 V                   ; 2.64 V              ; -0.0117 V           ; 0.202 V                              ; 0.176 V                              ; 2.38e-09 s                  ; 2.22e-09 s                  ; No                         ; Yes                        ; 2.62 V                      ; 2.74e-08 V                  ; 2.64 V             ; -0.0117 V          ; 0.202 V                             ; 0.176 V                             ; 2.38e-09 s                 ; 2.22e-09 s                 ; No                        ; Yes                       ;
; HEX0[0]       ; 2.5 V        ; 0 s                 ; 0 s                 ; 2.62 V                       ; 4.05e-08 V                   ; 2.72 V              ; -0.0349 V           ; 0.173 V                              ; 0.1 V                                ; 2.72e-10 s                  ; 2.69e-10 s                  ; Yes                        ; Yes                        ; 2.62 V                      ; 4.05e-08 V                  ; 2.72 V             ; -0.0349 V          ; 0.173 V                             ; 0.1 V                               ; 2.72e-10 s                 ; 2.69e-10 s                 ; Yes                       ; Yes                       ;
; HEX0[1]       ; 2.5 V        ; 0 s                 ; 0 s                 ; 2.62 V                       ; 4.05e-08 V                   ; 2.64 V              ; -0.0113 V           ; 0.208 V                              ; 0.179 V                              ; 2.38e-09 s                  ; 2.23e-09 s                  ; No                         ; Yes                        ; 2.62 V                      ; 4.05e-08 V                  ; 2.64 V             ; -0.0113 V          ; 0.208 V                             ; 0.179 V                             ; 2.38e-09 s                 ; 2.23e-09 s                 ; No                        ; Yes                       ;
; HEX0[2]       ; 2.5 V        ; 0 s                 ; 0 s                 ; 2.62 V                       ; 4.05e-08 V                   ; 2.72 V              ; -0.0349 V           ; 0.173 V                              ; 0.1 V                                ; 2.72e-10 s                  ; 2.69e-10 s                  ; Yes                        ; Yes                        ; 2.62 V                      ; 4.05e-08 V                  ; 2.72 V             ; -0.0349 V          ; 0.173 V                             ; 0.1 V                               ; 2.72e-10 s                 ; 2.69e-10 s                 ; Yes                       ; Yes                       ;
; HEX0[3]       ; 2.5 V        ; 0 s                 ; 0 s                 ; 2.62 V                       ; 2.74e-08 V                   ; 2.73 V              ; -0.0384 V           ; 0.169 V                              ; 0.089 V                              ; 2.7e-10 s                   ; 2.62e-10 s                  ; Yes                        ; Yes                        ; 2.62 V                      ; 2.74e-08 V                  ; 2.73 V             ; -0.0384 V          ; 0.169 V                             ; 0.089 V                             ; 2.7e-10 s                  ; 2.62e-10 s                 ; Yes                       ; Yes                       ;
; HEX0[4]       ; 2.5 V        ; 0 s                 ; 0 s                 ; 2.62 V                       ; 2.74e-08 V                   ; 2.73 V              ; -0.0384 V           ; 0.169 V                              ; 0.089 V                              ; 2.7e-10 s                   ; 2.62e-10 s                  ; Yes                        ; Yes                        ; 2.62 V                      ; 2.74e-08 V                  ; 2.73 V             ; -0.0384 V          ; 0.169 V                             ; 0.089 V                             ; 2.7e-10 s                  ; 2.62e-10 s                 ; Yes                       ; Yes                       ;
; HEX0[5]       ; 2.5 V        ; 0 s                 ; 0 s                 ; 2.62 V                       ; 2.74e-08 V                   ; 2.64 V              ; -0.0117 V           ; 0.202 V                              ; 0.176 V                              ; 2.38e-09 s                  ; 2.22e-09 s                  ; No                         ; Yes                        ; 2.62 V                      ; 2.74e-08 V                  ; 2.64 V             ; -0.0117 V          ; 0.202 V                             ; 0.176 V                             ; 2.38e-09 s                 ; 2.22e-09 s                 ; No                        ; Yes                       ;
; HEX0[6]       ; 2.5 V        ; 0 s                 ; 0 s                 ; 2.62 V                       ; 2.74e-08 V                   ; 2.73 V              ; -0.0384 V           ; 0.169 V                              ; 0.089 V                              ; 2.7e-10 s                   ; 2.62e-10 s                  ; Yes                        ; Yes                        ; 2.62 V                      ; 2.74e-08 V                  ; 2.73 V             ; -0.0384 V          ; 0.169 V                             ; 0.089 V                             ; 2.7e-10 s                  ; 2.62e-10 s                 ; Yes                       ; Yes                       ;
; LEDR[0]       ; 2.5 V        ; 0 s                 ; 0 s                 ; 2.62 V                       ; 4.05e-08 V                   ; 2.72 V              ; -0.0349 V           ; 0.173 V                              ; 0.1 V                                ; 2.72e-10 s                  ; 2.69e-10 s                  ; Yes                        ; Yes                        ; 2.62 V                      ; 4.05e-08 V                  ; 2.72 V             ; -0.0349 V          ; 0.173 V                             ; 0.1 V                               ; 2.72e-10 s                 ; 2.69e-10 s                 ; Yes                       ; Yes                       ;
; LEDR[1]       ; 2.5 V        ; 0 s                 ; 0 s                 ; 2.62 V                       ; 4.05e-08 V                   ; 2.72 V              ; -0.0349 V           ; 0.173 V                              ; 0.1 V                                ; 2.72e-10 s                  ; 2.69e-10 s                  ; Yes                        ; Yes                        ; 2.62 V                      ; 4.05e-08 V                  ; 2.72 V             ; -0.0349 V          ; 0.173 V                             ; 0.1 V                               ; 2.72e-10 s                 ; 2.69e-10 s                 ; Yes                       ; Yes                       ;
; LEDR[2]       ; 2.5 V        ; 0 s                 ; 0 s                 ; 2.62 V                       ; 4.05e-08 V                   ; 2.72 V              ; -0.0349 V           ; 0.173 V                              ; 0.1 V                                ; 2.72e-10 s                  ; 2.69e-10 s                  ; Yes                        ; Yes                        ; 2.62 V                      ; 4.05e-08 V                  ; 2.72 V             ; -0.0349 V          ; 0.173 V                             ; 0.1 V                               ; 2.72e-10 s                 ; 2.69e-10 s                 ; Yes                       ; Yes                       ;
; LEDR[3]       ; 2.5 V        ; 0 s                 ; 0 s                 ; 2.62 V                       ; 4.05e-08 V                   ; 2.72 V              ; -0.0349 V           ; 0.173 V                              ; 0.1 V                                ; 2.72e-10 s                  ; 2.69e-10 s                  ; Yes                        ; Yes                        ; 2.62 V                      ; 4.05e-08 V                  ; 2.72 V             ; -0.0349 V          ; 0.173 V                             ; 0.1 V                               ; 2.72e-10 s                 ; 2.69e-10 s                 ; Yes                       ; Yes                       ;
; LEDR[4]       ; 2.5 V        ; 0 s                 ; 0 s                 ; 2.62 V                       ; 4.05e-08 V                   ; 2.72 V              ; -0.0349 V           ; 0.173 V                              ; 0.1 V                                ; 2.72e-10 s                  ; 2.69e-10 s                  ; Yes                        ; Yes                        ; 2.62 V                      ; 4.05e-08 V                  ; 2.72 V             ; -0.0349 V          ; 0.173 V                             ; 0.1 V                               ; 2.72e-10 s                 ; 2.69e-10 s                 ; Yes                       ; Yes                       ;
; LEDR[5]       ; 2.5 V        ; 0 s                 ; 0 s                 ; 2.62 V                       ; 4.05e-08 V                   ; 2.72 V              ; -0.0349 V           ; 0.173 V                              ; 0.1 V                                ; 2.72e-10 s                  ; 2.69e-10 s                  ; Yes                        ; Yes                        ; 2.62 V                      ; 4.05e-08 V                  ; 2.72 V             ; -0.0349 V          ; 0.173 V                             ; 0.1 V                               ; 2.72e-10 s                 ; 2.69e-10 s                 ; Yes                       ; Yes                       ;
; LEDR[6]       ; 2.5 V        ; 0 s                 ; 0 s                 ; 2.62 V                       ; 4.05e-08 V                   ; 2.72 V              ; -0.0349 V           ; 0.173 V                              ; 0.1 V                                ; 2.72e-10 s                  ; 2.69e-10 s                  ; Yes                        ; Yes                        ; 2.62 V                      ; 4.05e-08 V                  ; 2.72 V             ; -0.0349 V          ; 0.173 V                             ; 0.1 V                               ; 2.72e-10 s                 ; 2.69e-10 s                 ; Yes                       ; Yes                       ;
; LEDR[7]       ; 2.5 V        ; 0 s                 ; 0 s                 ; 2.62 V                       ; 4.05e-08 V                   ; 2.72 V              ; -0.0349 V           ; 0.173 V                              ; 0.1 V                                ; 2.72e-10 s                  ; 2.69e-10 s                  ; Yes                        ; Yes                        ; 2.62 V                      ; 4.05e-08 V                  ; 2.72 V             ; -0.0349 V          ; 0.173 V                             ; 0.1 V                               ; 2.72e-10 s                 ; 2.69e-10 s                 ; Yes                       ; Yes                       ;
; LEDR[8]       ; 2.5 V        ; 0 s                 ; 0 s                 ; 2.62 V                       ; 4.05e-08 V                   ; 2.72 V              ; -0.0349 V           ; 0.173 V                              ; 0.1 V                                ; 2.72e-10 s                  ; 2.69e-10 s                  ; Yes                        ; Yes                        ; 2.62 V                      ; 4.05e-08 V                  ; 2.72 V             ; -0.0349 V          ; 0.173 V                             ; 0.1 V                               ; 2.72e-10 s                 ; 2.69e-10 s                 ; Yes                       ; Yes                       ;
; LEDR[9]       ; 2.5 V        ; 0 s                 ; 0 s                 ; 2.62 V                       ; 4.05e-08 V                   ; 2.64 V              ; -0.0113 V           ; 0.208 V                              ; 0.179 V                              ; 2.38e-09 s                  ; 2.23e-09 s                  ; No                         ; Yes                        ; 2.62 V                      ; 4.05e-08 V                  ; 2.64 V             ; -0.0113 V          ; 0.208 V                             ; 0.179 V                             ; 2.38e-09 s                 ; 2.23e-09 s                 ; No                        ; Yes                       ;
; UART_TXD      ; 2.5 V        ; 0 s                 ; 0 s                 ; 2.62 V                       ; 4.05e-08 V                   ; 2.64 V              ; -0.0113 V           ; 0.208 V                              ; 0.179 V                              ; 2.38e-09 s                  ; 2.23e-09 s                  ; No                         ; Yes                        ; 2.62 V                      ; 4.05e-08 V                  ; 2.64 V             ; -0.0113 V          ; 0.208 V                             ; 0.179 V                             ; 2.38e-09 s                 ; 2.23e-09 s                 ; No                        ; Yes                       ;
; ~ALTERA_DCLK~ ; 2.5 V        ; 0 s                 ; 0 s                 ; 2.62 V                       ; 2.22e-08 V                   ; 2.74 V              ; -0.06 V             ; 0.158 V                              ; 0.08 V                               ; 2.68e-10 s                  ; 2.19e-10 s                  ; Yes                        ; Yes                        ; 2.62 V                      ; 2.22e-08 V                  ; 2.74 V             ; -0.06 V            ; 0.158 V                             ; 0.08 V                              ; 2.68e-10 s                 ; 2.19e-10 s                 ; Yes                       ; Yes                       ;
; ~ALTERA_nCEO~ ; 2.5 V        ; 0 s                 ; 0 s                 ; 2.62 V                       ; 3.54e-08 V                   ; 2.7 V               ; -0.00943 V          ; 0.276 V                              ; 0.035 V                              ; 3.19e-10 s                  ; 4.99e-10 s                  ; No                         ; Yes                        ; 2.62 V                      ; 3.54e-08 V                  ; 2.7 V              ; -0.00943 V         ; 0.276 V                             ; 0.035 V                             ; 3.19e-10 s                 ; 4.99e-10 s                 ; No                        ; Yes                       ;
+---------------+--------------+---------------------+---------------------+------------------------------+------------------------------+---------------------+---------------------+--------------------------------------+--------------------------------------+-----------------------------+-----------------------------+----------------------------+----------------------------+-----------------------------+-----------------------------+--------------------+--------------------+-------------------------------------+-------------------------------------+----------------------------+----------------------------+---------------------------+---------------------------+


+-------------------------------------------------------------------+
; Setup Transfers                                                   ;
+------------+----------+----------+----------+----------+----------+
; From Clock ; To Clock ; RR Paths ; FR Paths ; RF Paths ; FF Paths ;
+------------+----------+----------+----------+----------+----------+
; clk        ; clk      ; 87912790 ; 0        ; 0        ; 0        ;
+------------+----------+----------+----------+----------+----------+
Entries labeled "false path" only account for clock-to-clock false paths and not path-based false paths. As a result, actual path counts may be lower than reported.


+-------------------------------------------------------------------+
; Hold Transfers                                                    ;
+------------+----------+----------+----------+----------+----------+
; From Clock ; To Clock ; RR Paths ; FR Paths ; RF Paths ; FF Paths ;
+------------+----------+----------+----------+----------+----------+
; clk        ; clk      ; 87912790 ; 0        ; 0        ; 0        ;
+------------+----------+----------+----------+----------+----------+
Entries labeled "false path" only account for clock-to-clock false paths and not path-based false paths. As a result, actual path counts may be lower than reported.


+-------------------------------------------------------------------+
; Recovery Transfers                                                ;
+------------+----------+----------+----------+----------+----------+
; From Clock ; To Clock ; RR Paths ; FR Paths ; RF Paths ; FF Paths ;
+------------+----------+----------+----------+----------+----------+
; clk        ; clk      ; 586      ; 0        ; 0        ; 0        ;
+------------+----------+----------+----------+----------+----------+
Entries labeled "false path" only account for clock-to-clock false paths and not path-based false paths. As a result, actual path counts may be lower than reported.


+-------------------------------------------------------------------+
; Removal Transfers                                                 ;
+------------+----------+----------+----------+----------+----------+
; From Clock ; To Clock ; RR Paths ; FR Paths ; RF Paths ; FF Paths ;
+------------+----------+----------+----------+----------+----------+
; clk        ; clk      ; 586      ; 0        ; 0        ; 0        ;
+------------+----------+----------+----------+----------+----------+
Entries labeled "false path" only account for clock-to-clock false paths and not path-based false paths. As a result, actual path counts may be lower than reported.


---------------
; Report TCCS ;
---------------
No dedicated SERDES Transmitter circuitry present in device or used in design


---------------
; Report RSKM ;
---------------
No non-DPA dedicated SERDES Receiver circuitry present in device or used in design


+------------------------------------------------+
; Unconstrained Paths Summary                    ;
+---------------------------------+-------+------+
; Property                        ; Setup ; Hold ;
+---------------------------------+-------+------+
; Illegal Clocks                  ; 0     ; 0    ;
; Unconstrained Clocks            ; 0     ; 0    ;
; Unconstrained Input Ports       ; 14    ; 14   ;
; Unconstrained Input Port Paths  ; 182   ; 182  ;
; Unconstrained Output Ports      ; 39    ; 39   ;
; Unconstrained Output Port Paths ; 123   ; 123  ;
+---------------------------------+-------+------+


+---------------------------------------+
; Clock Status Summary                  ;
+----------+-------+------+-------------+
; Target   ; Clock ; Type ; Status      ;
+----------+-------+------+-------------+
; CLOCK_50 ; clk   ; Base ; Constrained ;
+----------+-------+------+-------------+


+---------------------------------------------------------------------------------------------------+
; Unconstrained Input Ports                                                                         ;
+------------+--------------------------------------------------------------------------------------+
; Input Port ; Comment                                                                              ;
+------------+--------------------------------------------------------------------------------------+
; BUTTON[0]  ; No input delay, min/max delays, false-path exceptions, or max skew assignments found ;
; BUTTON[1]  ; No input delay, min/max delays, false-path exceptions, or max skew assignments found ;
; BUTTON[2]  ; No input delay, min/max delays, false-path exceptions, or max skew assignments found ;
; SW[0]      ; No input delay, min/max delays, false-path exceptions, or max skew assignments found ;
; SW[1]      ; No input delay, min/max delays, false-path exceptions, or max skew assignments found ;
; SW[2]      ; No input delay, min/max delays, false-path exceptions, or max skew assignments found ;
; SW[3]      ; No input delay, min/max delays, false-path exceptions, or max skew assignments found ;
; SW[4]      ; No input delay, min/max delays, false-path exceptions, or max skew assignments found ;
; SW[5]      ; No input delay, min/max delays, false-path exceptions, or max skew assignments found ;
; SW[6]      ; No input delay, min/max delays, false-path exceptions, or max skew assignments found ;
; SW[7]      ; No input delay, min/max delays, false-path exceptions, or max skew assignments found ;
; SW[8]      ; No input delay, min/max delays, false-path exceptions, or max skew assignments found ;
; SW[9]      ; No input delay, min/max delays, false-path exceptions, or max skew assignments found ;
; UART_RXD   ; No input delay, min/max delays, false-path exceptions, or max skew assignments found ;
+------------+--------------------------------------------------------------------------------------+


+-----------------------------------------------------------------------------------------------------+
; Unconstrained Output Ports                                                                          ;
+-------------+---------------------------------------------------------------------------------------+
; Output Port ; Comment                                                                               ;
+-------------+---------------------------------------------------------------------------------------+
; HEX0[0]     ; No output delay, min/max delays, false-path exceptions, or max skew assignments found ;
; HEX0[1]     ; No output delay, min/max delays, false-path exceptions, or max skew assignments found ;
; HEX0[2]     ; No output delay, min/max delays, false-path exceptions, or max skew assignments found ;
; HEX0[3]     ; No output delay, min/max delays, false-path exceptions, or max skew assignments found ;
; HEX0[4]     ; No output delay, min/max delays, false-path exceptions, or max skew assignments found ;
; HEX0[5]     ; No output delay, min/max delays, false-path exceptions, or max skew assignments found ;
; HEX0[6]     ; No output delay, min/max delays, false-path exceptions, or max skew assignments found ;
; HEX1[0]     ; No output delay, min/max delays, false-path exceptions, or max skew assignments found ;
; HEX1[1]     ; No output delay, min/max delays, false-path exceptions, or max skew assignments found ;
; HEX1[2]     ; No output delay, min/max delays, false-path exceptions, or max skew assignments found ;
; HEX1[3]     ; No output delay, min/max delays, false-path exceptions, or max skew assignments found ;
; HEX1[4]     ; No output delay, min/max delays, false-path exceptions, or max skew assignments found ;
; HEX1[5]     ; No output delay, min/max delays, false-path exceptions, or max skew assignments found ;
; HEX1[6]     ; No output delay, min/max delays, false-path exceptions, or max skew assignments found ;
; HEX2[0]     ; No output delay, min/max delays, false-path exceptions, or max skew assignments found ;
; HEX2[1]     ; No output delay, min/max delays, false-path exceptions, or max skew assignments found ;
; HEX2[2]     ; No output delay, min/max delays, false-path exceptions, or max skew assignments found ;
; HEX2[3]     ; No output delay, min/max delays, false-path exceptions, or max skew assignments found ;
; HEX2[4]     ; No output delay, min/max delays, false-path exceptions, or max skew assignments found ;
; HEX2[5]     ; No output delay, min/max delays, false-path exceptions, or max skew assignments found ;
; HEX2[6]     ; No output delay, min/max delays, false-path exceptions, or max skew assignments found ;
; HEX3[0]     ; No output delay, min/max delays, false-path exceptions, or max skew assignments found ;
; HEX3[1]     ; No output delay, min/max delays, false-path exceptions, or max skew assignments found ;
; HEX3[2]     ; No output delay, min/max delays, false-path exceptions, or max skew assignments found ;
; HEX3[3]     ; No output delay, min/max delays, false-path exceptions, or max skew assignments found ;
; HEX3[4]     ; No output delay, min/max delays, false-path exceptions, or max skew assignments found ;
; HEX3[5]     ; No output delay, min/max delays, false-path exceptions, or max skew assignments found ;
; HEX3[6]     ; No output delay, min/max delays, false-path exceptions, or max skew assignments found ;
; LEDR[0]     ; No output delay, min/max delays, false-path exceptions, or max skew assignments found ;
; LEDR[1]     ; No output delay, min/max delays, false-path exceptions, or max skew assignments found ;
; LEDR[2]     ; No output delay, min/max delays, false-path exceptions, or max skew assignments found ;
; LEDR[3]     ; No output delay, min/max delays, false-path exceptions, or max skew assignments found ;
; LEDR[4]     ; No output delay, min/max delays, false-path exceptions, or max skew assignments found ;
; LEDR[5]     ; No output delay, min/max delays, false-path exceptions, or max skew assignments found ;
; LEDR[6]     ; No output delay, min/max delays, false-path exceptions, or max skew assignments found ;
; LEDR[7]     ; No output delay, min/max delays, false-path exceptions, or max skew assignments found ;
; LEDR[8]     ; No output delay, min/max delays, false-path exceptions, or max skew assignments found ;
; LEDR[9]     ; No output delay, min/max delays, false-path exceptions, or max skew assignments found ;
; UART_TXD    ; No output delay, min/max delays, false-path exceptions, or max skew assignments found ;
+-------------+---------------------------------------------------------------------------------------+


+---------------------------------------------------------------------------------------------------+
; Unconstrained Input Ports                                                                         ;
+------------+--------------------------------------------------------------------------------------+
; Input Port ; Comment                                                                              ;
+------------+--------------------------------------------------------------------------------------+
; BUTTON[0]  ; No input delay, min/max delays, false-path exceptions, or max skew assignments found ;
; BUTTON[1]  ; No input delay, min/max delays, false-path exceptions, or max skew assignments found ;
; BUTTON[2]  ; No input delay, min/max delays, false-path exceptions, or max skew assignments found ;
; SW[0]      ; No input delay, min/max delays, false-path exceptions, or max skew assignments found ;
; SW[1]      ; No input delay, min/max delays, false-path exceptions, or max skew assignments found ;
; SW[2]      ; No input delay, min/max delays, false-path exceptions, or max skew assignments found ;
; SW[3]      ; No input delay, min/max delays, false-path exceptions, or max skew assignments found ;
; SW[4]      ; No input delay, min/max delays, false-path exceptions, or max skew assignments found ;
; SW[5]      ; No input delay, min/max delays, false-path exceptions, or max skew assignments found ;
; SW[6]      ; No input delay, min/max delays, false-path exceptions, or max skew assignments found ;
; SW[7]      ; No input delay, min/max delays, false-path exceptions, or max skew assignments found ;
; SW[8]      ; No input delay, min/max delays, false-path exceptions, or max skew assignments found ;
; SW[9]      ; No input delay, min/max delays, false-path exceptions, or max skew assignments found ;
; UART_RXD   ; No input delay, min/max delays, false-path exceptions, or max skew assignments found ;
+------------+--------------------------------------------------------------------------------------+


+-----------------------------------------------------------------------------------------------------+
; Unconstrained Output Ports                                                                          ;
+-------------+---------------------------------------------------------------------------------------+
; Output Port ; Comment                                                                               ;
+-------------+---------------------------------------------------------------------------------------+
; HEX0[0]     ; No output delay, min/max delays, false-path exceptions, or max skew assignments found ;
; HEX0[1]     ; No output delay, min/max delays, false-path exceptions, or max skew assignments found ;
; HEX0[2]     ; No output delay, min/max delays, false-path exceptions, or max skew assignments found ;
; HEX0[3]     ; No output delay, min/max delays, false-path exceptions, or max skew assignments found ;
; HEX0[4]     ; No output delay, min/max delays, false-path exceptions, or max skew assignments found ;
; HEX0[5]     ; No output delay, min/max delays, false-path exceptions, or max skew assignments found ;
; HEX0[6]     ; No output delay, min/max delays, false-path exceptions, or max skew assignments found ;
; HEX1[0]     ; No output delay, min/max delays, false-path exceptions, or max skew assignments found ;
; HEX1[1]     ; No output delay, min/max delays, false-path exceptions, or max skew assignments found ;
; HEX1[2]     ; No output delay, min/max delays, false-path exceptions, or max skew assignments found ;
; HEX1[3]     ; No output delay, min/max delays, false-path exceptions, or max skew assignments found ;
; HEX1[4]     ; No output delay, min/max delays, false-path exceptions, or max skew assignments found ;
; HEX1[5]     ; No output delay, min/max delays, false-path exceptions, or max skew assignments found ;
; HEX1[6]     ; No output delay, min/max delays, false-path exceptions, or max skew assignments found ;
; HEX2[0]     ; No output delay, min/max delays, false-path exceptions, or max skew assignments found ;
; HEX2[1]     ; No output delay, min/max delays, false-path exceptions, or max skew assignments found ;
; HEX2[2]     ; No output delay, min/max delays, false-path exceptions, or max skew assignments found ;
; HEX2[3]     ; No output delay, min/max delays, false-path exceptions, or max skew assignments found ;
; HEX2[4]     ; No output delay, min/max delays, false-path exceptions, or max skew assignments found ;
; HEX2[5]     ; No output delay, min/max delays, false-path exceptions, or max skew assignments found ;
; HEX2[6]     ; No output delay, min/max delays, false-path exceptions, or max skew assignments found ;
; HEX3[0]     ; No output delay, min/max delays, false-path exceptions, or max skew assignments found ;
; HEX3[1]     ; No output delay, min/max delays, false-path exceptions, or max skew assignments found ;
; HEX3[2]     ; No output delay, min/max delays, false-path exceptions, or max skew assignments found ;
; HEX3[3]     ; No output delay, min/max delays, false-path exceptions, or max skew assignments found ;
; HEX3[4]     ; No output delay, min/max delays, false-path exceptions, or max skew assignments found ;
; HEX3[5]     ; No output delay, min/max delays, false-path exceptions, or max skew assignments found ;
; HEX3[6]     ; No output delay, min/max delays, false-path exceptions, or max skew assignments found ;
; LEDR[0]     ; No output delay, min/max delays, false-path exceptions, or max skew assignments found ;
; LEDR[1]     ; No output delay, min/max delays, false-path exceptions, or max skew assignments found ;
; LEDR[2]     ; No output delay, min/max delays, false-path exceptions, or max skew assignments found ;
; LEDR[3]     ; No output delay, min/max delays, false-path exceptions, or max skew assignments found ;
; LEDR[4]     ; No output delay, min/max delays, false-path exceptions, or max skew assignments found ;
; LEDR[5]     ; No output delay, min/max delays, false-path exceptions, or max skew assignments found ;
; LEDR[6]     ; No output delay, min/max delays, false-path exceptions, or max skew assignments found ;
; LEDR[7]     ; No output delay, min/max delays, false-path exceptions, or max skew assignments found ;
; LEDR[8]     ; No output delay, min/max delays, false-path exceptions, or max skew assignments found ;
; LEDR[9]     ; No output delay, min/max delays, false-path exceptions, or max skew assignments found ;
; UART_TXD    ; No output delay, min/max delays, false-path exceptions, or max skew assignments found ;
+-------------+---------------------------------------------------------------------------------------+


+--------------------------+
; Timing Analyzer Messages ;
+--------------------------+
Info: *******************************************************************
Info: Running Quartus Prime Timing Analyzer
    Info: Version 20.1.1 Build 720 11/11/2020 SJ Lite Edition
    Info: Processing started: Sat Feb  4 17:37:01 2023
Info: Command: quartus_sta SMU_RV32I_System -c SMU_RV32I_System
Info: qsta_default_script.tcl version: #1
Warning (18236): Number of processors has not been specified which may cause overloading on shared machines.  Set the global assignment NUM_PARALLEL_PROCESSORS in your QSF to an appropriate value for best performance.
Info (20030): Parallel compilation is enabled and will use 16 of the 18 processors detected
Info (21077): Low junction temperature is 0 degrees C
Info (21077): High junction temperature is 85 degrees C
Info (332104): Reading SDC File: 'SMU_RV32I_System.sdc'
Info (332151): Clock uncertainty is not calculated until you update the timing netlist.
Info (332123): Deriving Clock Uncertainty. Please refer to report_sdc in the Timing Analyzer to see clock uncertainties.
Info: Found TIMING_ANALYZER_REPORT_SCRIPT_INCLUDE_DEFAULT_ANALYSIS = ON
Info: Analyzing Slow 1200mV 85C Model
Info (332146): Worst-case setup slack is 0.528
    Info (332119):     Slack       End Point TNS Clock 
    Info (332119): ========= =================== =====================
    Info (332119):     0.528               0.000 clk 
Info (332146): Worst-case hold slack is 0.384
    Info (332119):     Slack       End Point TNS Clock 
    Info (332119): ========= =================== =====================
    Info (332119):     0.384               0.000 clk 
Info (332146): Worst-case recovery slack is 16.195
    Info (332119):     Slack       End Point TNS Clock 
    Info (332119): ========= =================== =====================
    Info (332119):    16.195               0.000 clk 
Info (332146): Worst-case removal slack is 2.024
    Info (332119):     Slack       End Point TNS Clock 
    Info (332119): ========= =================== =====================
    Info (332119):     2.024               0.000 clk 
Info (332146): Worst-case minimum pulse width slack is 9.624
    Info (332119):     Slack       End Point TNS Clock 
    Info (332119): ========= =================== =====================
    Info (332119):     9.624               0.000 clk 
Info: Analyzing Slow 1200mV 0C Model
Info (334003): Started post-fitting delay annotation
Info (334004): Delay annotation completed successfully
Info (332123): Deriving Clock Uncertainty. Please refer to report_sdc in the Timing Analyzer to see clock uncertainties.
Info (332146): Worst-case setup slack is 1.915
    Info (332119):     Slack       End Point TNS Clock 
    Info (332119): ========= =================== =====================
    Info (332119):     1.915               0.000 clk 
Info (332146): Worst-case hold slack is 0.337
    Info (332119):     Slack       End Point TNS Clock 
    Info (332119): ========= =================== =====================
    Info (332119):     0.337               0.000 clk 
Info (332146): Worst-case recovery slack is 16.595
    Info (332119):     Slack       End Point TNS Clock 
    Info (332119): ========= =================== =====================
    Info (332119):    16.595               0.000 clk 
Info (332146): Worst-case removal slack is 1.825
    Info (332119):     Slack       End Point TNS Clock 
    Info (332119): ========= =================== =====================
    Info (332119):     1.825               0.000 clk 
Info (332146): Worst-case minimum pulse width slack is 9.641
    Info (332119):     Slack       End Point TNS Clock 
    Info (332119): ========= =================== =====================
    Info (332119):     9.641               0.000 clk 
Info: Analyzing Fast 1200mV 0C Model
Info (332123): Deriving Clock Uncertainty. Please refer to report_sdc in the Timing Analyzer to see clock uncertainties.
Info (332146): Worst-case setup slack is 10.480
    Info (332119):     Slack       End Point TNS Clock 
    Info (332119): ========= =================== =====================
    Info (332119):    10.480               0.000 clk 
Info (332146): Worst-case hold slack is 0.173
    Info (332119):     Slack       End Point TNS Clock 
    Info (332119): ========= =================== =====================
    Info (332119):     0.173               0.000 clk 
Info (332146): Worst-case recovery slack is 17.943
    Info (332119):     Slack       End Point TNS Clock 
    Info (332119): ========= =================== =====================
    Info (332119):    17.943               0.000 clk 
Info (332146): Worst-case removal slack is 0.982
    Info (332119):     Slack       End Point TNS Clock 
    Info (332119): ========= =================== =====================
    Info (332119):     0.982               0.000 clk 
Info (332146): Worst-case minimum pulse width slack is 9.372
    Info (332119):     Slack       End Point TNS Clock 
    Info (332119): ========= =================== =====================
    Info (332119):     9.372               0.000 clk 
Info (332102): Design is not fully constrained for setup requirements
Info (332102): Design is not fully constrained for hold requirements
Info: Quartus Prime Timing Analyzer was successful. 0 errors, 1 warning
    Info: Peak virtual memory: 860 megabytes
    Info: Processing ended: Sat Feb  4 17:37:04 2023
    Info: Elapsed time: 00:00:03
    Info: Total CPU time (on all processors): 00:00:05


