Timing Analyzer report for SMU_RV32I_System
Sat Feb  4 17:40:15 2023
Quartus Prime Version 20.1.1 Build 720 11/11/2020 SJ Lite Edition


---------------------
; Table of Contents ;
---------------------
  1. Legal Notice
  2. Timing Analyzer Summary
  3. Parallel Compilation
  4. SDC File List
  5. Clocks
  6. Slow 1200mV 85C Model Fmax Summary
  7. Timing Closure Recommendations
  8. Slow 1200mV 85C Model Setup Summary
  9. Slow 1200mV 85C Model Hold Summary
 10. Slow 1200mV 85C Model Recovery Summary
 11. Slow 1200mV 85C Model Removal Summary
 12. Slow 1200mV 85C Model Minimum Pulse Width Summary
 13. Slow 1200mV 85C Model Setup: 'clk'
 14. Slow 1200mV 85C Model Hold: 'clk'
 15. Slow 1200mV 85C Model Recovery: 'clk'
 16. Slow 1200mV 85C Model Removal: 'clk'
 17. Slow 1200mV 85C Model Metastability Summary
 18. Slow 1200mV 0C Model Fmax Summary
 19. Slow 1200mV 0C Model Setup Summary
 20. Slow 1200mV 0C Model Hold Summary
 21. Slow 1200mV 0C Model Recovery Summary
 22. Slow 1200mV 0C Model Removal Summary
 23. Slow 1200mV 0C Model Minimum Pulse Width Summary
 24. Slow 1200mV 0C Model Setup: 'clk'
 25. Slow 1200mV 0C Model Hold: 'clk'
 26. Slow 1200mV 0C Model Recovery: 'clk'
 27. Slow 1200mV 0C Model Removal: 'clk'
 28. Slow 1200mV 0C Model Metastability Summary
 29. Fast 1200mV 0C Model Setup Summary
 30. Fast 1200mV 0C Model Hold Summary
 31. Fast 1200mV 0C Model Recovery Summary
 32. Fast 1200mV 0C Model Removal Summary
 33. Fast 1200mV 0C Model Minimum Pulse Width Summary
 34. Fast 1200mV 0C Model Setup: 'clk'
 35. Fast 1200mV 0C Model Hold: 'clk'
 36. Fast 1200mV 0C Model Recovery: 'clk'
 37. Fast 1200mV 0C Model Removal: 'clk'
 38. Fast 1200mV 0C Model Metastability Summary
 39. Multicorner Timing Analysis Summary
 40. Board Trace Model Assignments
 41. Input Transition Times
 42. Signal Integrity Metrics (Slow 1200mv 0c Model)
 43. Signal Integrity Metrics (Slow 1200mv 85c Model)
 44. Signal Integrity Metrics (Fast 1200mv 0c Model)
 45. Setup Transfers
 46. Hold Transfers
 47. Recovery Transfers
 48. Removal Transfers
 49. Report TCCS
 50. Report RSKM
 51. Unconstrained Paths Summary
 52. Clock Status Summary
 53. Unconstrained Input Ports
 54. Unconstrained Output Ports
 55. Unconstrained Input Ports
 56. Unconstrained Output Ports
 57. Timing Analyzer Messages



----------------
; Legal Notice ;
----------------
Copyright (C) 2020  Intel Corporation. All rights reserved.
Your use of Intel Corporation's design tools, logic functions 
and other software and tools, and any partner logic 
functions, and any output files from any of the foregoing 
(including device programming or simulation files), and any 
associated documentation or information are expressly subject 
to the terms and conditions of the Intel Program License 
Subscription Agreement, the Intel Quartus Prime License Agreement,
the Intel FPGA IP License Agreement, or other applicable license
agreement, including, without limitation, that your use is for
the sole purpose of programming logic devices manufactured by
Intel and sold by Intel or its authorized distributors.  Please
refer to the applicable agreement for further details, at
https://fpgasoftware.intel.com/eula.



+-----------------------------------------------------------------------------+
; Timing Analyzer Summary                                                     ;
+-----------------------+-----------------------------------------------------+
; Quartus Prime Version ; Version 20.1.1 Build 720 11/11/2020 SJ Lite Edition ;
; Timing Analyzer       ; Legacy Timing Analyzer                              ;
; Revision Name         ; SMU_RV32I_System                                    ;
; Device Family         ; Cyclone IV E                                        ;
; Device Name           ; EP4CE115F29C7                                       ;
; Timing Models         ; Final                                               ;
; Delay Model           ; Combined                                            ;
; Rise/Fall Delays      ; Enabled                                             ;
+-----------------------+-----------------------------------------------------+


+------------------------------------------+
; Parallel Compilation                     ;
+----------------------------+-------------+
; Processors                 ; Number      ;
+----------------------------+-------------+
; Number detected on machine ; 36          ;
; Maximum allowed            ; 16          ;
;                            ;             ;
; Average used               ; 2.52        ;
; Maximum used               ; 16          ;
;                            ;             ;
; Usage by Processor         ; % Time Used ;
;     Processor 1            ; 100.0%      ;
;     Processor 2            ;  41.6%      ;
;     Processor 3            ;  38.0%      ;
;     Processor 4            ;  36.3%      ;
;     Processors 5-16        ;   3.0%      ;
+----------------------------+-------------+


+----------------------------------------------------------+
; SDC File List                                            ;
+----------------------+--------+--------------------------+
; SDC File Path        ; Status ; Read at                  ;
+----------------------+--------+--------------------------+
; SMU_RV32I_System.sdc ; OK     ; Sat Feb  4 17:40:13 2023 ;
+----------------------+--------+--------------------------+


+--------------------------------------------------------------------------------------------------------------------------------------------------------------------------------------+
; Clocks                                                                                                                                                                               ;
+------------+------+--------+-----------+-------+--------+------------+-----------+-------------+-------+--------+-----------+------------+----------+--------+--------+--------------+
; Clock Name ; Type ; Period ; Frequency ; Rise  ; Fall   ; Duty Cycle ; Divide by ; Multiply by ; Phase ; Offset ; Edge List ; Edge Shift ; Inverted ; Master ; Source ; Targets      ;
+------------+------+--------+-----------+-------+--------+------------+-----------+-------------+-------+--------+-----------+------------+----------+--------+--------+--------------+
; clk        ; Base ; 20.000 ; 50.0 MHz  ; 0.000 ; 10.000 ;            ;           ;             ;       ;        ;           ;            ;          ;        ;        ; { CLOCK_50 } ;
+------------+------+--------+-----------+-------+--------+------------+-----------+-------------+-------+--------+-----------+------------+----------+--------+--------+--------------+


+------------------------------------------------+
; Slow 1200mV 85C Model Fmax Summary             ;
+----------+-----------------+------------+------+
; Fmax     ; Restricted Fmax ; Clock Name ; Note ;
+----------+-----------------+------------+------+
; 38.1 MHz ; 38.1 MHz        ; clk        ;      ;
+----------+-----------------+------------+------+
This panel reports FMAX for every clock in the design, regardless of the user-specified clock periods.  FMAX is only computed for paths where the source and destination registers or ports are driven by the same clock.  Paths of different clocks, including generated clocks, are ignored.  For paths between a clock and its inversion, FMAX is computed as if the rising and falling edges are scaled along with FMAX, such that the duty cycle (in terms of a percentage) is maintained. Altera recommends that you always use clock constraints and other slack reports for sign-off analysis.


----------------------------------
; Timing Closure Recommendations ;
----------------------------------
HTML report is unavailable in plain text report export.


+-------------------------------------+
; Slow 1200mV 85C Model Setup Summary ;
+-------+--------+--------------------+
; Clock ; Slack  ; End Point TNS      ;
+-------+--------+--------------------+
; clk   ; -6.247 ; -1434.670          ;
+-------+--------+--------------------+


+------------------------------------+
; Slow 1200mV 85C Model Hold Summary ;
+-------+-------+--------------------+
; Clock ; Slack ; End Point TNS      ;
+-------+-------+--------------------+
; clk   ; 0.357 ; 0.000              ;
+-------+-------+--------------------+


+----------------------------------------+
; Slow 1200mV 85C Model Recovery Summary ;
+-------+--------+-----------------------+
; Clock ; Slack  ; End Point TNS         ;
+-------+--------+-----------------------+
; clk   ; 16.124 ; 0.000                 ;
+-------+--------+-----------------------+


+---------------------------------------+
; Slow 1200mV 85C Model Removal Summary ;
+-------+-------+-----------------------+
; Clock ; Slack ; End Point TNS         ;
+-------+-------+-----------------------+
; clk   ; 1.646 ; 0.000                 ;
+-------+-------+-----------------------+


+---------------------------------------------------+
; Slow 1200mV 85C Model Minimum Pulse Width Summary ;
+-------+-------+-----------------------------------+
; Clock ; Slack ; End Point TNS                     ;
+-------+-------+-----------------------------------+
; clk   ; 9.621 ; 0.000                             ;
+-------+-------+-----------------------------------+


+--------------------------------------------------------------------------------------------------------------------------------------------------------------------------------------------------------------------------------------------------------------------------------------------------------------------------------------------------------------+
; Slow 1200mV 85C Model Setup: 'clk'                                                                                                                                                                                                                                                                                                                           ;
+--------+-------------------------------------------------------------------------------------------------------------------+-----------------------------------------------------------------------------------------------------------------------------------------------------------+--------------+-------------+--------------+------------+------------+
; Slack  ; From Node                                                                                                         ; To Node                                                                                                                                                   ; Launch Clock ; Latch Clock ; Relationship ; Clock Skew ; Data Delay ;
+--------+-------------------------------------------------------------------------------------------------------------------+-----------------------------------------------------------------------------------------------------------------------------------------------------------+--------------+-------------+--------------+------------+------------+
; -6.247 ; dualport_mem_synch_rw_dualclk:imem|altsyncram:mem_rtl_0|altsyncram_vod2:auto_generated|ram_block1a9~portb_we_reg  ; rv32i_cpu:icpu|datapath:i_datapath|pc_flopr:pcreg|q[13]                                                                                                   ; clk          ; clk         ; 20.000       ; -0.469     ; 25.776     ;
; -6.232 ; dualport_mem_synch_rw_dualclk:imem|altsyncram:mem_rtl_0|altsyncram_vod2:auto_generated|ram_block1a9~portb_we_reg  ; rv32i_cpu:icpu|datapath:i_datapath|pc_flopr:pcreg|q[15]                                                                                                   ; clk          ; clk         ; 20.000       ; -0.459     ; 25.771     ;
; -6.220 ; dualport_mem_synch_rw_dualclk:imem|altsyncram:mem_rtl_0|altsyncram_vod2:auto_generated|ram_block1a9~portb_we_reg  ; rv32i_cpu:icpu|datapath:i_datapath|PCPlus4_D[2]                                                                                                           ; clk          ; clk         ; 20.000       ; -0.454     ; 25.764     ;
; -6.220 ; dualport_mem_synch_rw_dualclk:imem|altsyncram:mem_rtl_0|altsyncram_vod2:auto_generated|ram_block1a9~portb_we_reg  ; rv32i_cpu:icpu|datapath:i_datapath|PC_D[15]                                                                                                               ; clk          ; clk         ; 20.000       ; -0.454     ; 25.764     ;
; -6.220 ; dualport_mem_synch_rw_dualclk:imem|altsyncram:mem_rtl_0|altsyncram_vod2:auto_generated|ram_block1a9~portb_we_reg  ; rv32i_cpu:icpu|datapath:i_datapath|PCPlus4_D[5]                                                                                                           ; clk          ; clk         ; 20.000       ; -0.454     ; 25.764     ;
; -6.220 ; dualport_mem_synch_rw_dualclk:imem|altsyncram:mem_rtl_0|altsyncram_vod2:auto_generated|ram_block1a9~portb_we_reg  ; rv32i_cpu:icpu|datapath:i_datapath|PCPlus4_D[14]                                                                                                          ; clk          ; clk         ; 20.000       ; -0.454     ; 25.764     ;
; -6.220 ; dualport_mem_synch_rw_dualclk:imem|altsyncram:mem_rtl_0|altsyncram_vod2:auto_generated|ram_block1a9~portb_we_reg  ; rv32i_cpu:icpu|datapath:i_datapath|PCPlus4_D[15]                                                                                                          ; clk          ; clk         ; 20.000       ; -0.454     ; 25.764     ;
; -6.220 ; dualport_mem_synch_rw_dualclk:imem|altsyncram:mem_rtl_0|altsyncram_vod2:auto_generated|ram_block1a9~portb_we_reg  ; rv32i_cpu:icpu|datapath:i_datapath|PCPlus4_D[3]                                                                                                           ; clk          ; clk         ; 20.000       ; -0.454     ; 25.764     ;
; -6.219 ; dualport_mem_synch_rw_dualclk:imem|altsyncram:mem_rtl_0|altsyncram_vod2:auto_generated|ram_block1a9~portb_we_reg  ; rv32i_cpu:icpu|datapath:i_datapath|pc_flopr:pcreg|q[20]                                                                                                   ; clk          ; clk         ; 20.000       ; -0.475     ; 25.742     ;
; -6.219 ; dualport_mem_synch_rw_dualclk:imem|altsyncram:mem_rtl_0|altsyncram_vod2:auto_generated|ram_block1a9~portb_we_reg  ; rv32i_cpu:icpu|datapath:i_datapath|pc_flopr:pcreg|q[18]                                                                                                   ; clk          ; clk         ; 20.000       ; -0.475     ; 25.742     ;
; -6.219 ; dualport_mem_synch_rw_dualclk:imem|altsyncram:mem_rtl_0|altsyncram_vod2:auto_generated|ram_block1a9~portb_we_reg  ; rv32i_cpu:icpu|datapath:i_datapath|pc_flopr:pcreg|q[6]                                                                                                    ; clk          ; clk         ; 20.000       ; -0.475     ; 25.742     ;
; -6.197 ; dualport_mem_synch_rw_dualclk:imem|altsyncram:mem_rtl_0|altsyncram_vod2:auto_generated|ram_block1a9~portb_we_reg  ; rv32i_cpu:icpu|datapath:i_datapath|pc_flopr:pcreg|q[21]                                                                                                   ; clk          ; clk         ; 20.000       ; -0.459     ; 25.736     ;
; -6.187 ; dualport_mem_synch_rw_dualclk:imem|altsyncram:mem_rtl_0|altsyncram_vod2:auto_generated|ram_block1a9~portb_we_reg  ; rv32i_cpu:icpu|datapath:i_datapath|pc_flopr:pcreg|q[23]                                                                                                   ; clk          ; clk         ; 20.000       ; -0.469     ; 25.716     ;
; -6.170 ; dualport_mem_synch_rw_dualclk:imem|altsyncram:mem_rtl_0|altsyncram_vod2:auto_generated|ram_block1a9~portb_we_reg  ; rv32i_cpu:icpu|datapath:i_datapath|rs2_data_E[8]                                                                                                          ; clk          ; clk         ; 20.000       ; -0.446     ; 25.722     ;
; -6.170 ; dualport_mem_synch_rw_dualclk:imem|altsyncram:mem_rtl_0|altsyncram_vod2:auto_generated|ram_block1a9~portb_we_reg  ; rv32i_cpu:icpu|datapath:i_datapath|rs2_data_E[5]                                                                                                          ; clk          ; clk         ; 20.000       ; -0.455     ; 25.713     ;
; -6.170 ; dualport_mem_synch_rw_dualclk:imem|altsyncram:mem_rtl_0|altsyncram_vod2:auto_generated|ram_block1a9~portb_we_reg  ; rv32i_cpu:icpu|datapath:i_datapath|rs2_data_E[3]                                                                                                          ; clk          ; clk         ; 20.000       ; -0.455     ; 25.713     ;
; -6.170 ; dualport_mem_synch_rw_dualclk:imem|altsyncram:mem_rtl_0|altsyncram_vod2:auto_generated|ram_block1a9~portb_we_reg  ; rv32i_cpu:icpu|datapath:i_datapath|rs2_data_E[6]                                                                                                          ; clk          ; clk         ; 20.000       ; -0.446     ; 25.722     ;
; -6.129 ; dualport_mem_synch_rw_dualclk:imem|altsyncram:mem_rtl_0|altsyncram_vod2:auto_generated|ram_block1a9~portb_we_reg  ; rv32i_cpu:icpu|datapath:i_datapath|pc_flopr:pcreg|q[7]                                                                                                    ; clk          ; clk         ; 20.000       ; -0.463     ; 25.664     ;
; -6.129 ; dualport_mem_synch_rw_dualclk:imem|altsyncram:mem_rtl_0|altsyncram_vod2:auto_generated|ram_block1a9~portb_we_reg  ; rv32i_cpu:icpu|datapath:i_datapath|pc_flopr:pcreg|q[31]                                                                                                   ; clk          ; clk         ; 20.000       ; -0.463     ; 25.664     ;
; -6.129 ; dualport_mem_synch_rw_dualclk:imem|altsyncram:mem_rtl_0|altsyncram_vod2:auto_generated|ram_block1a9~portb_we_reg  ; rv32i_cpu:icpu|datapath:i_datapath|pc_flopr:pcreg|q[9]                                                                                                    ; clk          ; clk         ; 20.000       ; -0.463     ; 25.664     ;
; -6.129 ; dualport_mem_synch_rw_dualclk:imem|altsyncram:mem_rtl_0|altsyncram_vod2:auto_generated|ram_block1a9~portb_we_reg  ; rv32i_cpu:icpu|datapath:i_datapath|pc_flopr:pcreg|q[17]                                                                                                   ; clk          ; clk         ; 20.000       ; -0.463     ; 25.664     ;
; -6.129 ; dualport_mem_synch_rw_dualclk:imem|altsyncram:mem_rtl_0|altsyncram_vod2:auto_generated|ram_block1a9~portb_we_reg  ; rv32i_cpu:icpu|datapath:i_datapath|pc_flopr:pcreg|q[8]                                                                                                    ; clk          ; clk         ; 20.000       ; -0.463     ; 25.664     ;
; -6.129 ; dualport_mem_synch_rw_dualclk:imem|altsyncram:mem_rtl_0|altsyncram_vod2:auto_generated|ram_block1a9~portb_we_reg  ; rv32i_cpu:icpu|datapath:i_datapath|pc_flopr:pcreg|q[4]                                                                                                    ; clk          ; clk         ; 20.000       ; -0.463     ; 25.664     ;
; -6.025 ; dualport_mem_synch_rw_dualclk:imem|altsyncram:mem_rtl_0|altsyncram_vod2:auto_generated|ram_block1a8~portb_we_reg  ; rv32i_cpu:icpu|datapath:i_datapath|pc_flopr:pcreg|q[13]                                                                                                   ; clk          ; clk         ; 20.000       ; -0.507     ; 25.516     ;
; -6.016 ; dualport_mem_synch_rw_dualclk:imem|altsyncram:mem_rtl_0|altsyncram_vod2:auto_generated|ram_block1a16~portb_we_reg ; rv32i_cpu:icpu|datapath:i_datapath|pc_flopr:pcreg|q[13]                                                                                                   ; clk          ; clk         ; 20.000       ; -0.482     ; 25.532     ;
; -6.010 ; dualport_mem_synch_rw_dualclk:imem|altsyncram:mem_rtl_0|altsyncram_vod2:auto_generated|ram_block1a8~portb_we_reg  ; rv32i_cpu:icpu|datapath:i_datapath|pc_flopr:pcreg|q[15]                                                                                                   ; clk          ; clk         ; 20.000       ; -0.497     ; 25.511     ;
; -6.000 ; dualport_mem_synch_rw_dualclk:imem|altsyncram:mem_rtl_0|altsyncram_vod2:auto_generated|ram_block1a1~portb_we_reg  ; rv32i_cpu:icpu|datapath:i_datapath|pc_flopr:pcreg|q[13]                                                                                                   ; clk          ; clk         ; 20.000       ; -0.479     ; 25.519     ;
; -5.998 ; dualport_mem_synch_rw_dualclk:imem|altsyncram:mem_rtl_0|altsyncram_vod2:auto_generated|ram_block1a8~portb_we_reg  ; rv32i_cpu:icpu|datapath:i_datapath|PCPlus4_D[2]                                                                                                           ; clk          ; clk         ; 20.000       ; -0.492     ; 25.504     ;
; -5.998 ; dualport_mem_synch_rw_dualclk:imem|altsyncram:mem_rtl_0|altsyncram_vod2:auto_generated|ram_block1a8~portb_we_reg  ; rv32i_cpu:icpu|datapath:i_datapath|PC_D[15]                                                                                                               ; clk          ; clk         ; 20.000       ; -0.492     ; 25.504     ;
; -5.998 ; dualport_mem_synch_rw_dualclk:imem|altsyncram:mem_rtl_0|altsyncram_vod2:auto_generated|ram_block1a8~portb_we_reg  ; rv32i_cpu:icpu|datapath:i_datapath|PCPlus4_D[5]                                                                                                           ; clk          ; clk         ; 20.000       ; -0.492     ; 25.504     ;
; -5.998 ; dualport_mem_synch_rw_dualclk:imem|altsyncram:mem_rtl_0|altsyncram_vod2:auto_generated|ram_block1a8~portb_we_reg  ; rv32i_cpu:icpu|datapath:i_datapath|PCPlus4_D[14]                                                                                                          ; clk          ; clk         ; 20.000       ; -0.492     ; 25.504     ;
; -5.998 ; dualport_mem_synch_rw_dualclk:imem|altsyncram:mem_rtl_0|altsyncram_vod2:auto_generated|ram_block1a8~portb_we_reg  ; rv32i_cpu:icpu|datapath:i_datapath|PCPlus4_D[15]                                                                                                          ; clk          ; clk         ; 20.000       ; -0.492     ; 25.504     ;
; -5.998 ; dualport_mem_synch_rw_dualclk:imem|altsyncram:mem_rtl_0|altsyncram_vod2:auto_generated|ram_block1a8~portb_we_reg  ; rv32i_cpu:icpu|datapath:i_datapath|PCPlus4_D[3]                                                                                                           ; clk          ; clk         ; 20.000       ; -0.492     ; 25.504     ;
; -5.997 ; dualport_mem_synch_rw_dualclk:imem|altsyncram:mem_rtl_0|altsyncram_vod2:auto_generated|ram_block1a8~portb_we_reg  ; rv32i_cpu:icpu|datapath:i_datapath|pc_flopr:pcreg|q[6]                                                                                                    ; clk          ; clk         ; 20.000       ; -0.513     ; 25.482     ;
; -5.997 ; dualport_mem_synch_rw_dualclk:imem|altsyncram:mem_rtl_0|altsyncram_vod2:auto_generated|ram_block1a8~portb_we_reg  ; rv32i_cpu:icpu|datapath:i_datapath|pc_flopr:pcreg|q[20]                                                                                                   ; clk          ; clk         ; 20.000       ; -0.513     ; 25.482     ;
; -5.997 ; dualport_mem_synch_rw_dualclk:imem|altsyncram:mem_rtl_0|altsyncram_vod2:auto_generated|ram_block1a8~portb_we_reg  ; rv32i_cpu:icpu|datapath:i_datapath|pc_flopr:pcreg|q[18]                                                                                                   ; clk          ; clk         ; 20.000       ; -0.513     ; 25.482     ;
; -5.988 ; dualport_mem_synch_rw_dualclk:imem|altsyncram:mem_rtl_0|altsyncram_vod2:auto_generated|ram_block1a16~portb_we_reg ; rv32i_cpu:icpu|datapath:i_datapath|pc_flopr:pcreg|q[6]                                                                                                    ; clk          ; clk         ; 20.000       ; -0.488     ; 25.498     ;
; -5.988 ; dualport_mem_synch_rw_dualclk:imem|altsyncram:mem_rtl_0|altsyncram_vod2:auto_generated|ram_block1a16~portb_we_reg ; rv32i_cpu:icpu|datapath:i_datapath|pc_flopr:pcreg|q[20]                                                                                                   ; clk          ; clk         ; 20.000       ; -0.488     ; 25.498     ;
; -5.988 ; dualport_mem_synch_rw_dualclk:imem|altsyncram:mem_rtl_0|altsyncram_vod2:auto_generated|ram_block1a16~portb_we_reg ; rv32i_cpu:icpu|datapath:i_datapath|pc_flopr:pcreg|q[18]                                                                                                   ; clk          ; clk         ; 20.000       ; -0.488     ; 25.498     ;
; -5.985 ; dualport_mem_synch_rw_dualclk:imem|altsyncram:mem_rtl_0|altsyncram_vod2:auto_generated|ram_block1a1~portb_we_reg  ; rv32i_cpu:icpu|datapath:i_datapath|pc_flopr:pcreg|q[15]                                                                                                   ; clk          ; clk         ; 20.000       ; -0.469     ; 25.514     ;
; -5.981 ; dualport_mem_synch_rw_dualclk:imem|altsyncram:mem_rtl_0|altsyncram_vod2:auto_generated|ram_block1a17~portb_we_reg ; rv32i_cpu:icpu|datapath:i_datapath|pc_flopr:pcreg|q[15]                                                                                                   ; clk          ; clk         ; 20.000       ; -0.445     ; 25.534     ;
; -5.977 ; dualport_mem_synch_rw_dualclk:imem|altsyncram:mem_rtl_0|altsyncram_vod2:auto_generated|ram_block1a16~portb_we_reg ; rv32i_cpu:icpu|datapath:i_datapath|pc_flopr:pcreg|q[15]                                                                                                   ; clk          ; clk         ; 20.000       ; -0.448     ; 25.527     ;
; -5.975 ; dualport_mem_synch_rw_dualclk:imem|altsyncram:mem_rtl_0|altsyncram_vod2:auto_generated|ram_block1a9~portb_we_reg  ; rv32i_cpu:icpu|datapath:i_datapath|pc_flopr:pcreg|q[27]                                                                                                   ; clk          ; clk         ; 20.000       ; -0.465     ; 25.508     ;
; -5.975 ; dualport_mem_synch_rw_dualclk:imem|altsyncram:mem_rtl_0|altsyncram_vod2:auto_generated|ram_block1a8~portb_we_reg  ; rv32i_cpu:icpu|datapath:i_datapath|pc_flopr:pcreg|q[21]                                                                                                   ; clk          ; clk         ; 20.000       ; -0.497     ; 25.476     ;
; -5.973 ; dualport_mem_synch_rw_dualclk:imem|altsyncram:mem_rtl_0|altsyncram_vod2:auto_generated|ram_block1a1~portb_we_reg  ; rv32i_cpu:icpu|datapath:i_datapath|PCPlus4_D[2]                                                                                                           ; clk          ; clk         ; 20.000       ; -0.464     ; 25.507     ;
; -5.973 ; dualport_mem_synch_rw_dualclk:imem|altsyncram:mem_rtl_0|altsyncram_vod2:auto_generated|ram_block1a1~portb_we_reg  ; rv32i_cpu:icpu|datapath:i_datapath|PC_D[15]                                                                                                               ; clk          ; clk         ; 20.000       ; -0.464     ; 25.507     ;
; -5.973 ; dualport_mem_synch_rw_dualclk:imem|altsyncram:mem_rtl_0|altsyncram_vod2:auto_generated|ram_block1a1~portb_we_reg  ; rv32i_cpu:icpu|datapath:i_datapath|PCPlus4_D[5]                                                                                                           ; clk          ; clk         ; 20.000       ; -0.464     ; 25.507     ;
; -5.973 ; dualport_mem_synch_rw_dualclk:imem|altsyncram:mem_rtl_0|altsyncram_vod2:auto_generated|ram_block1a1~portb_we_reg  ; rv32i_cpu:icpu|datapath:i_datapath|PCPlus4_D[14]                                                                                                          ; clk          ; clk         ; 20.000       ; -0.464     ; 25.507     ;
; -5.973 ; dualport_mem_synch_rw_dualclk:imem|altsyncram:mem_rtl_0|altsyncram_vod2:auto_generated|ram_block1a1~portb_we_reg  ; rv32i_cpu:icpu|datapath:i_datapath|PCPlus4_D[15]                                                                                                          ; clk          ; clk         ; 20.000       ; -0.464     ; 25.507     ;
; -5.973 ; dualport_mem_synch_rw_dualclk:imem|altsyncram:mem_rtl_0|altsyncram_vod2:auto_generated|ram_block1a1~portb_we_reg  ; rv32i_cpu:icpu|datapath:i_datapath|PCPlus4_D[3]                                                                                                           ; clk          ; clk         ; 20.000       ; -0.464     ; 25.507     ;
; -5.972 ; dualport_mem_synch_rw_dualclk:imem|altsyncram:mem_rtl_0|altsyncram_vod2:auto_generated|ram_block1a17~portb_we_reg ; rv32i_cpu:icpu|datapath:i_datapath|pc_flopr:pcreg|q[13]                                                                                                   ; clk          ; clk         ; 20.000       ; -0.431     ; 25.539     ;
; -5.972 ; dualport_mem_synch_rw_dualclk:imem|altsyncram:mem_rtl_0|altsyncram_vod2:auto_generated|ram_block1a1~portb_we_reg  ; rv32i_cpu:icpu|datapath:i_datapath|pc_flopr:pcreg|q[20]                                                                                                   ; clk          ; clk         ; 20.000       ; -0.485     ; 25.485     ;
; -5.972 ; dualport_mem_synch_rw_dualclk:imem|altsyncram:mem_rtl_0|altsyncram_vod2:auto_generated|ram_block1a1~portb_we_reg  ; rv32i_cpu:icpu|datapath:i_datapath|pc_flopr:pcreg|q[18]                                                                                                   ; clk          ; clk         ; 20.000       ; -0.485     ; 25.485     ;
; -5.972 ; dualport_mem_synch_rw_dualclk:imem|altsyncram:mem_rtl_0|altsyncram_vod2:auto_generated|ram_block1a1~portb_we_reg  ; rv32i_cpu:icpu|datapath:i_datapath|pc_flopr:pcreg|q[6]                                                                                                    ; clk          ; clk         ; 20.000       ; -0.485     ; 25.485     ;
; -5.969 ; dualport_mem_synch_rw_dualclk:imem|altsyncram:mem_rtl_0|altsyncram_vod2:auto_generated|ram_block1a17~portb_we_reg ; rv32i_cpu:icpu|datapath:i_datapath|PCPlus4_D[2]                                                                                                           ; clk          ; clk         ; 20.000       ; -0.440     ; 25.527     ;
; -5.969 ; dualport_mem_synch_rw_dualclk:imem|altsyncram:mem_rtl_0|altsyncram_vod2:auto_generated|ram_block1a17~portb_we_reg ; rv32i_cpu:icpu|datapath:i_datapath|PC_D[15]                                                                                                               ; clk          ; clk         ; 20.000       ; -0.440     ; 25.527     ;
; -5.969 ; dualport_mem_synch_rw_dualclk:imem|altsyncram:mem_rtl_0|altsyncram_vod2:auto_generated|ram_block1a17~portb_we_reg ; rv32i_cpu:icpu|datapath:i_datapath|PCPlus4_D[5]                                                                                                           ; clk          ; clk         ; 20.000       ; -0.440     ; 25.527     ;
; -5.969 ; dualport_mem_synch_rw_dualclk:imem|altsyncram:mem_rtl_0|altsyncram_vod2:auto_generated|ram_block1a17~portb_we_reg ; rv32i_cpu:icpu|datapath:i_datapath|PCPlus4_D[14]                                                                                                          ; clk          ; clk         ; 20.000       ; -0.440     ; 25.527     ;
; -5.969 ; dualport_mem_synch_rw_dualclk:imem|altsyncram:mem_rtl_0|altsyncram_vod2:auto_generated|ram_block1a17~portb_we_reg ; rv32i_cpu:icpu|datapath:i_datapath|PCPlus4_D[15]                                                                                                          ; clk          ; clk         ; 20.000       ; -0.440     ; 25.527     ;
; -5.969 ; dualport_mem_synch_rw_dualclk:imem|altsyncram:mem_rtl_0|altsyncram_vod2:auto_generated|ram_block1a17~portb_we_reg ; rv32i_cpu:icpu|datapath:i_datapath|PCPlus4_D[3]                                                                                                           ; clk          ; clk         ; 20.000       ; -0.440     ; 25.527     ;
; -5.969 ; dualport_mem_synch_rw_dualclk:imem|altsyncram:mem_rtl_0|altsyncram_vod2:auto_generated|ram_block1a9~portb_we_reg  ; rv32i_cpu:icpu|datapath:i_datapath|pc_flopr:pcreg|q[26]                                                                                                   ; clk          ; clk         ; 20.000       ; -0.465     ; 25.502     ;
; -5.965 ; dualport_mem_synch_rw_dualclk:imem|altsyncram:mem_rtl_0|altsyncram_vod2:auto_generated|ram_block1a16~portb_we_reg ; rv32i_cpu:icpu|datapath:i_datapath|PCPlus4_D[2]                                                                                                           ; clk          ; clk         ; 20.000       ; -0.443     ; 25.520     ;
; -5.965 ; dualport_mem_synch_rw_dualclk:imem|altsyncram:mem_rtl_0|altsyncram_vod2:auto_generated|ram_block1a16~portb_we_reg ; rv32i_cpu:icpu|datapath:i_datapath|PC_D[15]                                                                                                               ; clk          ; clk         ; 20.000       ; -0.443     ; 25.520     ;
; -5.965 ; dualport_mem_synch_rw_dualclk:imem|altsyncram:mem_rtl_0|altsyncram_vod2:auto_generated|ram_block1a16~portb_we_reg ; rv32i_cpu:icpu|datapath:i_datapath|PCPlus4_D[5]                                                                                                           ; clk          ; clk         ; 20.000       ; -0.443     ; 25.520     ;
; -5.965 ; dualport_mem_synch_rw_dualclk:imem|altsyncram:mem_rtl_0|altsyncram_vod2:auto_generated|ram_block1a16~portb_we_reg ; rv32i_cpu:icpu|datapath:i_datapath|PCPlus4_D[14]                                                                                                          ; clk          ; clk         ; 20.000       ; -0.443     ; 25.520     ;
; -5.965 ; dualport_mem_synch_rw_dualclk:imem|altsyncram:mem_rtl_0|altsyncram_vod2:auto_generated|ram_block1a16~portb_we_reg ; rv32i_cpu:icpu|datapath:i_datapath|PCPlus4_D[15]                                                                                                          ; clk          ; clk         ; 20.000       ; -0.443     ; 25.520     ;
; -5.965 ; dualport_mem_synch_rw_dualclk:imem|altsyncram:mem_rtl_0|altsyncram_vod2:auto_generated|ram_block1a16~portb_we_reg ; rv32i_cpu:icpu|datapath:i_datapath|PCPlus4_D[3]                                                                                                           ; clk          ; clk         ; 20.000       ; -0.443     ; 25.520     ;
; -5.965 ; dualport_mem_synch_rw_dualclk:imem|altsyncram:mem_rtl_0|altsyncram_vod2:auto_generated|ram_block1a8~portb_we_reg  ; rv32i_cpu:icpu|datapath:i_datapath|pc_flopr:pcreg|q[23]                                                                                                   ; clk          ; clk         ; 20.000       ; -0.507     ; 25.456     ;
; -5.956 ; dualport_mem_synch_rw_dualclk:imem|altsyncram:mem_rtl_0|altsyncram_vod2:auto_generated|ram_block1a16~portb_we_reg ; rv32i_cpu:icpu|datapath:i_datapath|pc_flopr:pcreg|q[23]                                                                                                   ; clk          ; clk         ; 20.000       ; -0.482     ; 25.472     ;
; -5.950 ; dualport_mem_synch_rw_dualclk:imem|altsyncram:mem_rtl_0|altsyncram_vod2:auto_generated|ram_block1a1~portb_we_reg  ; rv32i_cpu:icpu|datapath:i_datapath|pc_flopr:pcreg|q[21]                                                                                                   ; clk          ; clk         ; 20.000       ; -0.469     ; 25.479     ;
; -5.948 ; dualport_mem_synch_rw_dualclk:imem|altsyncram:mem_rtl_0|altsyncram_vod2:auto_generated|ram_block1a8~portb_we_reg  ; rv32i_cpu:icpu|datapath:i_datapath|rs2_data_E[8]                                                                                                          ; clk          ; clk         ; 20.000       ; -0.484     ; 25.462     ;
; -5.948 ; dualport_mem_synch_rw_dualclk:imem|altsyncram:mem_rtl_0|altsyncram_vod2:auto_generated|ram_block1a8~portb_we_reg  ; rv32i_cpu:icpu|datapath:i_datapath|rs2_data_E[5]                                                                                                          ; clk          ; clk         ; 20.000       ; -0.493     ; 25.453     ;
; -5.948 ; dualport_mem_synch_rw_dualclk:imem|altsyncram:mem_rtl_0|altsyncram_vod2:auto_generated|ram_block1a8~portb_we_reg  ; rv32i_cpu:icpu|datapath:i_datapath|rs2_data_E[3]                                                                                                          ; clk          ; clk         ; 20.000       ; -0.493     ; 25.453     ;
; -5.948 ; dualport_mem_synch_rw_dualclk:imem|altsyncram:mem_rtl_0|altsyncram_vod2:auto_generated|ram_block1a8~portb_we_reg  ; rv32i_cpu:icpu|datapath:i_datapath|rs2_data_E[6]                                                                                                          ; clk          ; clk         ; 20.000       ; -0.484     ; 25.462     ;
; -5.946 ; dualport_mem_synch_rw_dualclk:imem|altsyncram:mem_rtl_0|altsyncram_vod2:auto_generated|ram_block1a17~portb_we_reg ; rv32i_cpu:icpu|datapath:i_datapath|pc_flopr:pcreg|q[21]                                                                                                   ; clk          ; clk         ; 20.000       ; -0.445     ; 25.499     ;
; -5.944 ; dualport_mem_synch_rw_dualclk:imem|altsyncram:mem_rtl_0|altsyncram_vod2:auto_generated|ram_block1a17~portb_we_reg ; rv32i_cpu:icpu|datapath:i_datapath|pc_flopr:pcreg|q[20]                                                                                                   ; clk          ; clk         ; 20.000       ; -0.437     ; 25.505     ;
; -5.944 ; dualport_mem_synch_rw_dualclk:imem|altsyncram:mem_rtl_0|altsyncram_vod2:auto_generated|ram_block1a17~portb_we_reg ; rv32i_cpu:icpu|datapath:i_datapath|pc_flopr:pcreg|q[18]                                                                                                   ; clk          ; clk         ; 20.000       ; -0.437     ; 25.505     ;
; -5.944 ; dualport_mem_synch_rw_dualclk:imem|altsyncram:mem_rtl_0|altsyncram_vod2:auto_generated|ram_block1a17~portb_we_reg ; rv32i_cpu:icpu|datapath:i_datapath|pc_flopr:pcreg|q[6]                                                                                                    ; clk          ; clk         ; 20.000       ; -0.437     ; 25.505     ;
; -5.943 ; dualport_mem_synch_rw_dualclk:imem|altsyncram:mem_rtl_0|altsyncram_vod2:auto_generated|ram_block1a9~portb_we_reg  ; rv32i_cpu:icpu|datapath:i_datapath|PC_D[20]                                                                                                               ; clk          ; clk         ; 20.000       ; -0.475     ; 25.466     ;
; -5.943 ; dualport_mem_synch_rw_dualclk:imem|altsyncram:mem_rtl_0|altsyncram_vod2:auto_generated|ram_block1a9~portb_we_reg  ; rv32i_cpu:icpu|datapath:i_datapath|PC_D[18]                                                                                                               ; clk          ; clk         ; 20.000       ; -0.475     ; 25.466     ;
; -5.943 ; dualport_mem_synch_rw_dualclk:imem|altsyncram:mem_rtl_0|altsyncram_vod2:auto_generated|ram_block1a9~portb_we_reg  ; rv32i_cpu:icpu|datapath:i_datapath|PCPlus4_D[6]                                                                                                           ; clk          ; clk         ; 20.000       ; -0.475     ; 25.466     ;
; -5.943 ; dualport_mem_synch_rw_dualclk:imem|altsyncram:mem_rtl_0|altsyncram_vod2:auto_generated|ram_block1a9~portb_we_reg  ; rv32i_cpu:icpu|datapath:i_datapath|PCPlus4_D[8]                                                                                                           ; clk          ; clk         ; 20.000       ; -0.475     ; 25.466     ;
; -5.943 ; dualport_mem_synch_rw_dualclk:imem|altsyncram:mem_rtl_0|altsyncram_vod2:auto_generated|ram_block1a9~portb_we_reg  ; rv32i_cpu:icpu|datapath:i_datapath|PCPlus4_D[18]                                                                                                          ; clk          ; clk         ; 20.000       ; -0.475     ; 25.466     ;
; -5.943 ; dualport_mem_synch_rw_dualclk:imem|altsyncram:mem_rtl_0|altsyncram_vod2:auto_generated|ram_block1a9~portb_we_reg  ; rv32i_cpu:icpu|datapath:i_datapath|PCPlus4_D[20]                                                                                                          ; clk          ; clk         ; 20.000       ; -0.475     ; 25.466     ;
; -5.943 ; dualport_mem_synch_rw_dualclk:imem|altsyncram:mem_rtl_0|altsyncram_vod2:auto_generated|ram_block1a9~portb_we_reg  ; rv32i_cpu:icpu|datapath:i_datapath|rs1_data_E[23]                                                                                                         ; clk          ; clk         ; 20.000       ; -0.468     ; 25.473     ;
; -5.942 ; dualport_mem_synch_rw_dualclk:imem|altsyncram:mem_rtl_0|altsyncram_vod2:auto_generated|ram_block1a16~portb_we_reg ; rv32i_cpu:icpu|datapath:i_datapath|pc_flopr:pcreg|q[21]                                                                                                   ; clk          ; clk         ; 20.000       ; -0.448     ; 25.492     ;
; -5.940 ; dualport_mem_synch_rw_dualclk:imem|altsyncram:mem_rtl_0|altsyncram_vod2:auto_generated|ram_block1a1~portb_we_reg  ; rv32i_cpu:icpu|datapath:i_datapath|pc_flopr:pcreg|q[23]                                                                                                   ; clk          ; clk         ; 20.000       ; -0.479     ; 25.459     ;
; -5.931 ; dualport_mem_synch_rw_dualclk:imem|altsyncram:mem_rtl_0|altsyncram_vod2:auto_generated|ram_block1a9~portb_we_reg  ; rv32i_cpu:icpu|datapath:i_datapath|rs1_data_E[15]                                                                                                         ; clk          ; clk         ; 20.000       ; -0.458     ; 25.471     ;
; -5.931 ; dualport_mem_synch_rw_dualclk:imem|altsyncram:mem_rtl_0|altsyncram_vod2:auto_generated|ram_block1a9~portb_we_reg  ; rv32i_cpu:icpu|datapath:i_datapath|rs1_data_E[25]                                                                                                         ; clk          ; clk         ; 20.000       ; -0.458     ; 25.471     ;
; -5.931 ; dualport_mem_synch_rw_dualclk:imem|altsyncram:mem_rtl_0|altsyncram_vod2:auto_generated|ram_block1a9~portb_we_reg  ; rv32i_cpu:icpu|datapath:i_datapath|rs1_data_E[22]                                                                                                         ; clk          ; clk         ; 20.000       ; -0.458     ; 25.471     ;
; -5.931 ; dualport_mem_synch_rw_dualclk:imem|altsyncram:mem_rtl_0|altsyncram_vod2:auto_generated|ram_block1a9~portb_we_reg  ; rv32i_cpu:icpu|datapath:i_datapath|rs1_data_E[16]                                                                                                         ; clk          ; clk         ; 20.000       ; -0.458     ; 25.471     ;
; -5.931 ; dualport_mem_synch_rw_dualclk:imem|altsyncram:mem_rtl_0|altsyncram_vod2:auto_generated|ram_block1a9~portb_we_reg  ; rv32i_cpu:icpu|datapath:i_datapath|rs1_data_E[17]                                                                                                         ; clk          ; clk         ; 20.000       ; -0.458     ; 25.471     ;
; -5.928 ; dualport_mem_synch_rw_dualclk:imem|altsyncram:mem_rtl_0|altsyncram_vod2:auto_generated|ram_block1a9~portb_we_reg  ; rv32i_cpu:icpu|datapath:i_datapath|altshift_taps:PCPlus4_E_rtl_0|shift_taps_bkm:auto_generated|altsyncram_r861:altsyncram4|ram_block7a0~porta_datain_reg0 ; clk          ; clk         ; 20.000       ; -0.091     ; 25.875     ;
; -5.928 ; dualport_mem_synch_rw_dualclk:imem|altsyncram:mem_rtl_0|altsyncram_vod2:auto_generated|ram_block1a9~portb_we_reg  ; rv32i_cpu:icpu|datapath:i_datapath|PCPlus4_D[4]                                                                                                           ; clk          ; clk         ; 20.000       ; -0.463     ; 25.463     ;
; -5.928 ; dualport_mem_synch_rw_dualclk:imem|altsyncram:mem_rtl_0|altsyncram_vod2:auto_generated|ram_block1a9~portb_we_reg  ; rv32i_cpu:icpu|datapath:i_datapath|PCPlus4_D[7]                                                                                                           ; clk          ; clk         ; 20.000       ; -0.463     ; 25.463     ;
; -5.928 ; dualport_mem_synch_rw_dualclk:imem|altsyncram:mem_rtl_0|altsyncram_vod2:auto_generated|ram_block1a9~portb_we_reg  ; rv32i_cpu:icpu|datapath:i_datapath|PCPlus4_D[9]                                                                                                           ; clk          ; clk         ; 20.000       ; -0.463     ; 25.463     ;
; -5.928 ; dualport_mem_synch_rw_dualclk:imem|altsyncram:mem_rtl_0|altsyncram_vod2:auto_generated|ram_block1a9~portb_we_reg  ; rv32i_cpu:icpu|datapath:i_datapath|PCPlus4_D[17]                                                                                                          ; clk          ; clk         ; 20.000       ; -0.463     ; 25.463     ;
; -5.928 ; dualport_mem_synch_rw_dualclk:imem|altsyncram:mem_rtl_0|altsyncram_vod2:auto_generated|ram_block1a9~portb_we_reg  ; rv32i_cpu:icpu|datapath:i_datapath|PCPlus4_D[28]                                                                                                          ; clk          ; clk         ; 20.000       ; -0.463     ; 25.463     ;
; -5.928 ; dualport_mem_synch_rw_dualclk:imem|altsyncram:mem_rtl_0|altsyncram_vod2:auto_generated|ram_block1a9~portb_we_reg  ; rv32i_cpu:icpu|datapath:i_datapath|PCPlus4_D[29]                                                                                                          ; clk          ; clk         ; 20.000       ; -0.463     ; 25.463     ;
; -5.928 ; dualport_mem_synch_rw_dualclk:imem|altsyncram:mem_rtl_0|altsyncram_vod2:auto_generated|ram_block1a9~portb_we_reg  ; rv32i_cpu:icpu|datapath:i_datapath|PCPlus4_D[30]                                                                                                          ; clk          ; clk         ; 20.000       ; -0.463     ; 25.463     ;
+--------+-------------------------------------------------------------------------------------------------------------------+-----------------------------------------------------------------------------------------------------------------------------------------------------------+--------------+-------------+--------------+------------+------------+


+---------------------------------------------------------------------------------------------------------------------------------------------------------------------------------------------------------------------------------------------------------------------------------------------------------------------------------------------------+
; Slow 1200mV 85C Model Hold: 'clk'                                                                                                                                                                                                                                                                                                                 ;
+-------+----------------------------------------------------------------------------------------------------------------------------------+----------------------------------------------------------------------------------------------------------------------------------+--------------+-------------+--------------+------------+------------+
; Slack ; From Node                                                                                                                        ; To Node                                                                                                                          ; Launch Clock ; Latch Clock ; Relationship ; Clock Skew ; Data Delay ;
+-------+----------------------------------------------------------------------------------------------------------------------------------+----------------------------------------------------------------------------------------------------------------------------------+--------------+-------------+--------------+------------+------------+
; 0.357 ; rv32i_cpu:icpu|datapath:i_datapath|pc_flopr:pcreg|q[3]                                                                           ; dualport_mem_synch_rw_dualclk:imem|altsyncram:mem_rtl_0|altsyncram_vod2:auto_generated|ram_block1a16~porta_address_reg0          ; clk          ; clk         ; 0.000        ; 0.442      ; 1.021      ;
; 0.378 ; rv32i_cpu:icpu|datapath:i_datapath|ALUResult_M[12]                                                                               ; dualport_mem_synch_rw_dualclk:imem|altsyncram:mem_rtl_0|altsyncram_vod2:auto_generated|ram_block1a24~portb_address_reg0          ; clk          ; clk         ; 0.000        ; 0.445      ; 1.045      ;
; 0.385 ; rv32i_cpu:icpu|datapath:i_datapath|pc_flopr:pcreg|q[1]                                                                           ; rv32i_cpu:icpu|datapath:i_datapath|pc_flopr:pcreg|q[1]                                                                           ; clk          ; clk         ; 0.000        ; 0.098      ; 0.669      ;
; 0.386 ; rv32i_cpu:icpu|datapath:i_datapath|pc_flopr:pcreg|q[0]                                                                           ; rv32i_cpu:icpu|datapath:i_datapath|pc_flopr:pcreg|q[0]                                                                           ; clk          ; clk         ; 0.000        ; 0.097      ; 0.669      ;
; 0.394 ; rv32i_cpu:icpu|datapath:i_datapath|pc_flopr:pcreg|q[6]                                                                           ; dualport_mem_synch_rw_dualclk:imem|altsyncram:mem_rtl_0|altsyncram_vod2:auto_generated|ram_block1a27~porta_address_reg0          ; clk          ; clk         ; 0.000        ; 0.441      ; 1.057      ;
; 0.400 ; GPIO:iGPIO|SW_StatusR[0]                                                                                                         ; GPIO:iGPIO|SW_StatusR[0]                                                                                                         ; clk          ; clk         ; 0.000        ; 0.083      ; 0.669      ;
; 0.400 ; GPIO:iGPIO|SW_StatusR[5]                                                                                                         ; GPIO:iGPIO|SW_StatusR[5]                                                                                                         ; clk          ; clk         ; 0.000        ; 0.083      ; 0.669      ;
; 0.400 ; GPIO:iGPIO|SW_StatusR[4]                                                                                                         ; GPIO:iGPIO|SW_StatusR[4]                                                                                                         ; clk          ; clk         ; 0.000        ; 0.083      ; 0.669      ;
; 0.401 ; GPIO:iGPIO|SW_StatusR[2]                                                                                                         ; GPIO:iGPIO|SW_StatusR[2]                                                                                                         ; clk          ; clk         ; 0.000        ; 0.082      ; 0.669      ;
; 0.401 ; GPIO:iGPIO|BUTTON_StatusR[2]                                                                                                     ; GPIO:iGPIO|BUTTON_StatusR[2]                                                                                                     ; clk          ; clk         ; 0.000        ; 0.082      ; 0.669      ;
; 0.401 ; GPIO:iGPIO|BUTTON_StatusR[1]                                                                                                     ; GPIO:iGPIO|BUTTON_StatusR[1]                                                                                                     ; clk          ; clk         ; 0.000        ; 0.082      ; 0.669      ;
; 0.401 ; GPIO:iGPIO|SW_StatusR[1]                                                                                                         ; GPIO:iGPIO|SW_StatusR[1]                                                                                                         ; clk          ; clk         ; 0.000        ; 0.082      ; 0.669      ;
; 0.401 ; GPIO:iGPIO|SW_StatusR[9]                                                                                                         ; GPIO:iGPIO|SW_StatusR[9]                                                                                                         ; clk          ; clk         ; 0.000        ; 0.082      ; 0.669      ;
; 0.401 ; GPIO:iGPIO|SW_StatusR[8]                                                                                                         ; GPIO:iGPIO|SW_StatusR[8]                                                                                                         ; clk          ; clk         ; 0.000        ; 0.082      ; 0.669      ;
; 0.401 ; GPIO:iGPIO|SW_StatusR[7]                                                                                                         ; GPIO:iGPIO|SW_StatusR[7]                                                                                                         ; clk          ; clk         ; 0.000        ; 0.082      ; 0.669      ;
; 0.401 ; GPIO:iGPIO|SW_StatusR[3]                                                                                                         ; GPIO:iGPIO|SW_StatusR[3]                                                                                                         ; clk          ; clk         ; 0.000        ; 0.082      ; 0.669      ;
; 0.401 ; GPIO:iGPIO|SW_StatusR[6]                                                                                                         ; GPIO:iGPIO|SW_StatusR[6]                                                                                                         ; clk          ; clk         ; 0.000        ; 0.082      ; 0.669      ;
; 0.402 ; uart_wrap:iuart_wrap|uart:u_uart|uart_transmitter:uatransmit|bit_counter[3]                                                      ; uart_wrap:iuart_wrap|uart:u_uart|uart_transmitter:uatransmit|bit_counter[3]                                                      ; clk          ; clk         ; 0.000        ; 0.081      ; 0.669      ;
; 0.402 ; uart_wrap:iuart_wrap|uart:u_uart|uart_transmitter:uatransmit|bit_counter[0]                                                      ; uart_wrap:iuart_wrap|uart:u_uart|uart_transmitter:uatransmit|bit_counter[0]                                                      ; clk          ; clk         ; 0.000        ; 0.081      ; 0.669      ;
; 0.402 ; uart_wrap:iuart_wrap|uart:u_uart|uart_transmitter:uatransmit|bit_counter[1]                                                      ; uart_wrap:iuart_wrap|uart:u_uart|uart_transmitter:uatransmit|bit_counter[1]                                                      ; clk          ; clk         ; 0.000        ; 0.081      ; 0.669      ;
; 0.402 ; TimerCounter:iTimer|StatusR[0]                                                                                                   ; TimerCounter:iTimer|StatusR[0]                                                                                                   ; clk          ; clk         ; 0.000        ; 0.081      ; 0.669      ;
; 0.402 ; uart_wrap:iuart_wrap|uart:u_uart|uart_receiver:uareceive|has_byte                                                                ; uart_wrap:iuart_wrap|uart:u_uart|uart_receiver:uareceive|has_byte                                                                ; clk          ; clk         ; 0.000        ; 0.081      ; 0.669      ;
; 0.402 ; uart_wrap:iuart_wrap|uart:u_uart|uart_receiver:uareceive|bit_counter[0]                                                          ; uart_wrap:iuart_wrap|uart:u_uart|uart_receiver:uareceive|bit_counter[0]                                                          ; clk          ; clk         ; 0.000        ; 0.081      ; 0.669      ;
; 0.402 ; rv32i_cpu:icpu|datapath:i_datapath|altshift_taps:PCPlus4_E_rtl_0|shift_taps_bkm:auto_generated|cntr_6pf:cntr1|counter_reg_bit[0] ; rv32i_cpu:icpu|datapath:i_datapath|altshift_taps:PCPlus4_E_rtl_0|shift_taps_bkm:auto_generated|cntr_6pf:cntr1|counter_reg_bit[0] ; clk          ; clk         ; 0.000        ; 0.081      ; 0.669      ;
; 0.407 ; rv32i_cpu:icpu|datapath:i_datapath|altshift_taps:PCPlus4_E_rtl_0|shift_taps_bkm:auto_generated|cntr_6pf:cntr1|counter_reg_bit[1] ; rv32i_cpu:icpu|datapath:i_datapath|altshift_taps:PCPlus4_E_rtl_0|shift_taps_bkm:auto_generated|cntr_6pf:cntr1|counter_reg_bit[1] ; clk          ; clk         ; 0.000        ; 0.081      ; 0.674      ;
; 0.409 ; rv32i_cpu:icpu|datapath:i_datapath|ALUResult_M[5]                                                                                ; dualport_mem_synch_rw_dualclk:imem|altsyncram:mem_rtl_0|altsyncram_vod2:auto_generated|ram_block1a16~portb_address_reg0          ; clk          ; clk         ; 0.000        ; 0.436      ; 1.067      ;
; 0.418 ; GPIO:iGPIO|pulse_gen:sw2|c_state.S0                                                                                              ; GPIO:iGPIO|pulse_gen:sw2|c_state.S1                                                                                              ; clk          ; clk         ; 0.000        ; 0.082      ; 0.686      ;
; 0.420 ; GPIO:iGPIO|pulse_gen:sw9|c_state.S0                                                                                              ; GPIO:iGPIO|pulse_gen:sw9|c_state.S1                                                                                              ; clk          ; clk         ; 0.000        ; 0.081      ; 0.687      ;
; 0.420 ; GPIO:iGPIO|pulse_gen:sw7|c_state.S0                                                                                              ; GPIO:iGPIO|pulse_gen:sw7|c_state.S1                                                                                              ; clk          ; clk         ; 0.000        ; 0.081      ; 0.687      ;
; 0.420 ; GPIO:iGPIO|pulse_gen:sw3|c_state.S0                                                                                              ; GPIO:iGPIO|pulse_gen:sw3|c_state.S1                                                                                              ; clk          ; clk         ; 0.000        ; 0.081      ; 0.687      ;
; 0.420 ; GPIO:iGPIO|pulse_gen:sw5|c_state.S0                                                                                              ; GPIO:iGPIO|pulse_gen:sw5|c_state.S1                                                                                              ; clk          ; clk         ; 0.000        ; 0.081      ; 0.687      ;
; 0.420 ; GPIO:iGPIO|pulse_gen:sw6|c_state.S0                                                                                              ; GPIO:iGPIO|pulse_gen:sw6|c_state.S1                                                                                              ; clk          ; clk         ; 0.000        ; 0.081      ; 0.687      ;
; 0.420 ; GPIO:iGPIO|pulse_gen:sw8|c_state.S0                                                                                              ; GPIO:iGPIO|pulse_gen:sw8|c_state.S1                                                                                              ; clk          ; clk         ; 0.000        ; 0.081      ; 0.687      ;
; 0.421 ; GPIO:iGPIO|pulse_gen:button1|c_state.S0                                                                                          ; GPIO:iGPIO|pulse_gen:button1|c_state.S1                                                                                          ; clk          ; clk         ; 0.000        ; 0.081      ; 0.688      ;
; 0.422 ; GPIO:iGPIO|pulse_gen:sw1|c_state.S0                                                                                              ; GPIO:iGPIO|pulse_gen:sw1|c_state.S1                                                                                              ; clk          ; clk         ; 0.000        ; 0.081      ; 0.689      ;
; 0.423 ; GPIO:iGPIO|pulse_gen:sw4|c_state.S0                                                                                              ; GPIO:iGPIO|pulse_gen:sw4|c_state.S1                                                                                              ; clk          ; clk         ; 0.000        ; 0.078      ; 0.687      ;
; 0.426 ; rv32i_cpu:icpu|datapath:i_datapath|ALUResult_M[10]                                                                               ; dualport_mem_synch_rw_dualclk:imem|altsyncram:mem_rtl_0|altsyncram_vod2:auto_generated|ram_block1a13~portb_address_reg0          ; clk          ; clk         ; 0.000        ; 0.435      ; 1.083      ;
; 0.426 ; GPIO:iGPIO|pulse_gen:button2|c_state.S11                                                                                         ; GPIO:iGPIO|pulse_gen:button2|c_state.S12                                                                                         ; clk          ; clk         ; 0.000        ; 0.083      ; 0.695      ;
; 0.426 ; rv32i_cpu:icpu|datapath:i_datapath|Instr_D_stall[17]                                                                             ; rv32i_cpu:icpu|datapath:i_datapath|ImmExt_E[17]                                                                                  ; clk          ; clk         ; 0.000        ; 0.081      ; 0.693      ;
; 0.427 ; uart_wrap:iuart_wrap|uart:u_uart|uart_transmitter:uatransmit|clock_counter[6]                                                    ; uart_wrap:iuart_wrap|uart:u_uart|uart_transmitter:uatransmit|clock_counter[6]                                                    ; clk          ; clk         ; 0.000        ; 0.081      ; 0.694      ;
; 0.427 ; GPIO:iGPIO|pulse_gen:sw2|c_state.S3                                                                                              ; GPIO:iGPIO|pulse_gen:sw2|c_state.S4                                                                                              ; clk          ; clk         ; 0.000        ; 0.082      ; 0.695      ;
; 0.427 ; GPIO:iGPIO|pulse_gen:button2|c_state.S10                                                                                         ; GPIO:iGPIO|pulse_gen:button2|c_state.S11                                                                                         ; clk          ; clk         ; 0.000        ; 0.083      ; 0.696      ;
; 0.427 ; GPIO:iGPIO|pulse_gen:sw5|c_state.S12                                                                                             ; GPIO:iGPIO|pulse_gen:sw5|c_state.S13                                                                                             ; clk          ; clk         ; 0.000        ; 0.081      ; 0.694      ;
; 0.428 ; uart_wrap:iuart_wrap|uart:u_uart|uart_transmitter:uatransmit|tx_shift[2]                                                         ; uart_wrap:iuart_wrap|uart:u_uart|uart_transmitter:uatransmit|tx_shift[1]                                                         ; clk          ; clk         ; 0.000        ; 0.081      ; 0.695      ;
; 0.428 ; GPIO:iGPIO|pulse_gen:button1|c_state.S5                                                                                          ; GPIO:iGPIO|pulse_gen:button1|c_state.S6                                                                                          ; clk          ; clk         ; 0.000        ; 0.081      ; 0.695      ;
; 0.428 ; GPIO:iGPIO|pulse_gen:sw2|c_state.S9                                                                                              ; GPIO:iGPIO|pulse_gen:sw2|c_state.S10                                                                                             ; clk          ; clk         ; 0.000        ; 0.082      ; 0.696      ;
; 0.428 ; GPIO:iGPIO|pulse_gen:sw2|c_state.S8                                                                                              ; GPIO:iGPIO|pulse_gen:sw2|c_state.S9                                                                                              ; clk          ; clk         ; 0.000        ; 0.082      ; 0.696      ;
; 0.428 ; GPIO:iGPIO|pulse_gen:sw2|c_state.S4                                                                                              ; GPIO:iGPIO|pulse_gen:sw2|c_state.S5                                                                                              ; clk          ; clk         ; 0.000        ; 0.082      ; 0.696      ;
; 0.428 ; GPIO:iGPIO|pulse_gen:sw2|c_state.S1                                                                                              ; GPIO:iGPIO|pulse_gen:sw2|c_state.S2                                                                                              ; clk          ; clk         ; 0.000        ; 0.082      ; 0.696      ;
; 0.428 ; GPIO:iGPIO|pulse_gen:sw1|c_state.S5                                                                                              ; GPIO:iGPIO|pulse_gen:sw1|c_state.S6                                                                                              ; clk          ; clk         ; 0.000        ; 0.081      ; 0.695      ;
; 0.428 ; GPIO:iGPIO|pulse_gen:sw1|c_state.S4                                                                                              ; GPIO:iGPIO|pulse_gen:sw1|c_state.S5                                                                                              ; clk          ; clk         ; 0.000        ; 0.081      ; 0.695      ;
; 0.428 ; GPIO:iGPIO|pulse_gen:sw9|c_state.S11                                                                                             ; GPIO:iGPIO|pulse_gen:sw9|c_state.S12                                                                                             ; clk          ; clk         ; 0.000        ; 0.081      ; 0.695      ;
; 0.428 ; GPIO:iGPIO|pulse_gen:sw7|c_state.S12                                                                                             ; GPIO:iGPIO|pulse_gen:sw7|c_state.S13                                                                                             ; clk          ; clk         ; 0.000        ; 0.081      ; 0.695      ;
; 0.428 ; GPIO:iGPIO|pulse_gen:sw7|c_state.S7                                                                                              ; GPIO:iGPIO|pulse_gen:sw7|c_state.S8                                                                                              ; clk          ; clk         ; 0.000        ; 0.081      ; 0.695      ;
; 0.428 ; GPIO:iGPIO|pulse_gen:sw7|c_state.S3                                                                                              ; GPIO:iGPIO|pulse_gen:sw7|c_state.S4                                                                                              ; clk          ; clk         ; 0.000        ; 0.081      ; 0.695      ;
; 0.428 ; GPIO:iGPIO|pulse_gen:sw3|c_state.S12                                                                                             ; GPIO:iGPIO|pulse_gen:sw3|c_state.S13                                                                                             ; clk          ; clk         ; 0.000        ; 0.081      ; 0.695      ;
; 0.428 ; GPIO:iGPIO|pulse_gen:sw3|c_state.S3                                                                                              ; GPIO:iGPIO|pulse_gen:sw3|c_state.S4                                                                                              ; clk          ; clk         ; 0.000        ; 0.081      ; 0.695      ;
; 0.428 ; GPIO:iGPIO|pulse_gen:sw3|c_state.S1                                                                                              ; GPIO:iGPIO|pulse_gen:sw3|c_state.S2                                                                                              ; clk          ; clk         ; 0.000        ; 0.081      ; 0.695      ;
; 0.428 ; GPIO:iGPIO|pulse_gen:sw6|c_state.S5                                                                                              ; GPIO:iGPIO|pulse_gen:sw6|c_state.S6                                                                                              ; clk          ; clk         ; 0.000        ; 0.081      ; 0.695      ;
; 0.428 ; GPIO:iGPIO|pulse_gen:sw8|c_state.S12                                                                                             ; GPIO:iGPIO|pulse_gen:sw8|c_state.S13                                                                                             ; clk          ; clk         ; 0.000        ; 0.081      ; 0.695      ;
; 0.428 ; GPIO:iGPIO|pulse_gen:sw8|c_state.S3                                                                                              ; GPIO:iGPIO|pulse_gen:sw8|c_state.S4                                                                                              ; clk          ; clk         ; 0.000        ; 0.081      ; 0.695      ;
; 0.429 ; GPIO:iGPIO|pulse_gen:button1|c_state.S8                                                                                          ; GPIO:iGPIO|pulse_gen:button1|c_state.S9                                                                                          ; clk          ; clk         ; 0.000        ; 0.081      ; 0.696      ;
; 0.429 ; GPIO:iGPIO|pulse_gen:sw2|c_state.S6                                                                                              ; GPIO:iGPIO|pulse_gen:sw2|c_state.S7                                                                                              ; clk          ; clk         ; 0.000        ; 0.082      ; 0.697      ;
; 0.429 ; GPIO:iGPIO|pulse_gen:sw2|c_state.S2                                                                                              ; GPIO:iGPIO|pulse_gen:sw2|c_state.S3                                                                                              ; clk          ; clk         ; 0.000        ; 0.082      ; 0.697      ;
; 0.429 ; GPIO:iGPIO|pulse_gen:sw1|c_state.S13                                                                                             ; GPIO:iGPIO|pulse_gen:sw1|c_state.S14                                                                                             ; clk          ; clk         ; 0.000        ; 0.081      ; 0.696      ;
; 0.429 ; GPIO:iGPIO|pulse_gen:sw1|c_state.S12                                                                                             ; GPIO:iGPIO|pulse_gen:sw1|c_state.S13                                                                                             ; clk          ; clk         ; 0.000        ; 0.081      ; 0.696      ;
; 0.429 ; GPIO:iGPIO|pulse_gen:sw1|c_state.S7                                                                                              ; GPIO:iGPIO|pulse_gen:sw1|c_state.S8                                                                                              ; clk          ; clk         ; 0.000        ; 0.081      ; 0.696      ;
; 0.429 ; GPIO:iGPIO|pulse_gen:sw1|c_state.S6                                                                                              ; GPIO:iGPIO|pulse_gen:sw1|c_state.S7                                                                                              ; clk          ; clk         ; 0.000        ; 0.081      ; 0.696      ;
; 0.429 ; GPIO:iGPIO|pulse_gen:sw1|c_state.S2                                                                                              ; GPIO:iGPIO|pulse_gen:sw1|c_state.S3                                                                                              ; clk          ; clk         ; 0.000        ; 0.081      ; 0.696      ;
; 0.429 ; GPIO:iGPIO|pulse_gen:sw9|c_state.S6                                                                                              ; GPIO:iGPIO|pulse_gen:sw9|c_state.S7                                                                                              ; clk          ; clk         ; 0.000        ; 0.081      ; 0.696      ;
; 0.429 ; GPIO:iGPIO|pulse_gen:sw9|c_state.S5                                                                                              ; GPIO:iGPIO|pulse_gen:sw9|c_state.S6                                                                                              ; clk          ; clk         ; 0.000        ; 0.081      ; 0.696      ;
; 0.429 ; GPIO:iGPIO|pulse_gen:sw9|c_state.S2                                                                                              ; GPIO:iGPIO|pulse_gen:sw9|c_state.S3                                                                                              ; clk          ; clk         ; 0.000        ; 0.081      ; 0.696      ;
; 0.429 ; GPIO:iGPIO|pulse_gen:sw9|c_state.S1                                                                                              ; GPIO:iGPIO|pulse_gen:sw9|c_state.S2                                                                                              ; clk          ; clk         ; 0.000        ; 0.081      ; 0.696      ;
; 0.429 ; GPIO:iGPIO|pulse_gen:sw7|c_state.S13                                                                                             ; GPIO:iGPIO|pulse_gen:sw7|c_state.S14                                                                                             ; clk          ; clk         ; 0.000        ; 0.081      ; 0.696      ;
; 0.429 ; GPIO:iGPIO|pulse_gen:sw7|c_state.S6                                                                                              ; GPIO:iGPIO|pulse_gen:sw7|c_state.S7                                                                                              ; clk          ; clk         ; 0.000        ; 0.081      ; 0.696      ;
; 0.429 ; GPIO:iGPIO|pulse_gen:sw7|c_state.S4                                                                                              ; GPIO:iGPIO|pulse_gen:sw7|c_state.S5                                                                                              ; clk          ; clk         ; 0.000        ; 0.081      ; 0.696      ;
; 0.429 ; GPIO:iGPIO|pulse_gen:sw3|c_state.S13                                                                                             ; GPIO:iGPIO|pulse_gen:sw3|c_state.S14                                                                                             ; clk          ; clk         ; 0.000        ; 0.081      ; 0.696      ;
; 0.429 ; GPIO:iGPIO|pulse_gen:sw3|c_state.S10                                                                                             ; GPIO:iGPIO|pulse_gen:sw3|c_state.S11                                                                                             ; clk          ; clk         ; 0.000        ; 0.081      ; 0.696      ;
; 0.429 ; GPIO:iGPIO|pulse_gen:sw3|c_state.S9                                                                                              ; GPIO:iGPIO|pulse_gen:sw3|c_state.S10                                                                                             ; clk          ; clk         ; 0.000        ; 0.081      ; 0.696      ;
; 0.429 ; GPIO:iGPIO|pulse_gen:sw3|c_state.S8                                                                                              ; GPIO:iGPIO|pulse_gen:sw3|c_state.S9                                                                                              ; clk          ; clk         ; 0.000        ; 0.081      ; 0.696      ;
; 0.429 ; GPIO:iGPIO|pulse_gen:sw5|c_state.S10                                                                                             ; GPIO:iGPIO|pulse_gen:sw5|c_state.S11                                                                                             ; clk          ; clk         ; 0.000        ; 0.081      ; 0.696      ;
; 0.429 ; GPIO:iGPIO|pulse_gen:sw5|c_state.S9                                                                                              ; GPIO:iGPIO|pulse_gen:sw5|c_state.S10                                                                                             ; clk          ; clk         ; 0.000        ; 0.081      ; 0.696      ;
; 0.429 ; GPIO:iGPIO|pulse_gen:sw5|c_state.S4                                                                                              ; GPIO:iGPIO|pulse_gen:sw5|c_state.S5                                                                                              ; clk          ; clk         ; 0.000        ; 0.081      ; 0.696      ;
; 0.429 ; GPIO:iGPIO|pulse_gen:sw5|c_state.S1                                                                                              ; GPIO:iGPIO|pulse_gen:sw5|c_state.S2                                                                                              ; clk          ; clk         ; 0.000        ; 0.081      ; 0.696      ;
; 0.429 ; GPIO:iGPIO|pulse_gen:sw6|c_state.S13                                                                                             ; GPIO:iGPIO|pulse_gen:sw6|c_state.S14                                                                                             ; clk          ; clk         ; 0.000        ; 0.081      ; 0.696      ;
; 0.429 ; GPIO:iGPIO|pulse_gen:sw6|c_state.S8                                                                                              ; GPIO:iGPIO|pulse_gen:sw6|c_state.S9                                                                                              ; clk          ; clk         ; 0.000        ; 0.081      ; 0.696      ;
; 0.429 ; GPIO:iGPIO|pulse_gen:sw6|c_state.S2                                                                                              ; GPIO:iGPIO|pulse_gen:sw6|c_state.S3                                                                                              ; clk          ; clk         ; 0.000        ; 0.081      ; 0.696      ;
; 0.429 ; GPIO:iGPIO|pulse_gen:sw6|c_state.S1                                                                                              ; GPIO:iGPIO|pulse_gen:sw6|c_state.S2                                                                                              ; clk          ; clk         ; 0.000        ; 0.081      ; 0.696      ;
; 0.429 ; GPIO:iGPIO|pulse_gen:sw8|c_state.S11                                                                                             ; GPIO:iGPIO|pulse_gen:sw8|c_state.S12                                                                                             ; clk          ; clk         ; 0.000        ; 0.081      ; 0.696      ;
; 0.429 ; GPIO:iGPIO|pulse_gen:sw8|c_state.S8                                                                                              ; GPIO:iGPIO|pulse_gen:sw8|c_state.S9                                                                                              ; clk          ; clk         ; 0.000        ; 0.081      ; 0.696      ;
; 0.430 ; GPIO:iGPIO|pulse_gen:button1|c_state.S11                                                                                         ; GPIO:iGPIO|pulse_gen:button1|c_state.S12                                                                                         ; clk          ; clk         ; 0.000        ; 0.081      ; 0.697      ;
; 0.430 ; GPIO:iGPIO|pulse_gen:button1|c_state.S6                                                                                          ; GPIO:iGPIO|pulse_gen:button1|c_state.S7                                                                                          ; clk          ; clk         ; 0.000        ; 0.081      ; 0.697      ;
; 0.430 ; GPIO:iGPIO|pulse_gen:button1|c_state.S4                                                                                          ; GPIO:iGPIO|pulse_gen:button1|c_state.S5                                                                                          ; clk          ; clk         ; 0.000        ; 0.081      ; 0.697      ;
; 0.430 ; GPIO:iGPIO|pulse_gen:button1|c_state.S2                                                                                          ; GPIO:iGPIO|pulse_gen:button1|c_state.S3                                                                                          ; clk          ; clk         ; 0.000        ; 0.081      ; 0.697      ;
; 0.430 ; GPIO:iGPIO|pulse_gen:button1|c_state.S1                                                                                          ; GPIO:iGPIO|pulse_gen:button1|c_state.S2                                                                                          ; clk          ; clk         ; 0.000        ; 0.081      ; 0.697      ;
; 0.430 ; GPIO:iGPIO|pulse_gen:sw1|c_state.S1                                                                                              ; GPIO:iGPIO|pulse_gen:sw1|c_state.S2                                                                                              ; clk          ; clk         ; 0.000        ; 0.081      ; 0.697      ;
; 0.430 ; GPIO:iGPIO|pulse_gen:sw9|c_state.S12                                                                                             ; GPIO:iGPIO|pulse_gen:sw9|c_state.S13                                                                                             ; clk          ; clk         ; 0.000        ; 0.081      ; 0.697      ;
; 0.430 ; GPIO:iGPIO|pulse_gen:sw9|c_state.S4                                                                                              ; GPIO:iGPIO|pulse_gen:sw9|c_state.S5                                                                                              ; clk          ; clk         ; 0.000        ; 0.081      ; 0.697      ;
; 0.430 ; GPIO:iGPIO|pulse_gen:sw7|c_state.S2                                                                                              ; GPIO:iGPIO|pulse_gen:sw7|c_state.S3                                                                                              ; clk          ; clk         ; 0.000        ; 0.081      ; 0.697      ;
; 0.430 ; GPIO:iGPIO|pulse_gen:sw7|c_state.S1                                                                                              ; GPIO:iGPIO|pulse_gen:sw7|c_state.S2                                                                                              ; clk          ; clk         ; 0.000        ; 0.081      ; 0.697      ;
+-------+----------------------------------------------------------------------------------------------------------------------------------+----------------------------------------------------------------------------------------------------------------------------------+--------------+-------------+--------------+------------+------------+


+-----------------------------------------------------------------------------------------------------------------------------------------------------------------------------------------------------------------------------+
; Slow 1200mV 85C Model Recovery: 'clk'                                                                                                                                                                                       ;
+--------+-----------+----------------------------------------------------------------------------------------------------------------------------------+--------------+-------------+--------------+------------+------------+
; Slack  ; From Node ; To Node                                                                                                                          ; Launch Clock ; Latch Clock ; Relationship ; Clock Skew ; Data Delay ;
+--------+-----------+----------------------------------------------------------------------------------------------------------------------------------+--------------+-------------+--------------+------------+------------+
; 16.124 ; reset_ff  ; rv32i_cpu:icpu|datapath:i_datapath|ALUResult_M[2]                                                                                ; clk          ; clk         ; 20.000       ; -0.111     ; 3.763      ;
; 16.124 ; reset_ff  ; rv32i_cpu:icpu|datapath:i_datapath|ALUResult_M[3]                                                                                ; clk          ; clk         ; 20.000       ; -0.111     ; 3.763      ;
; 16.124 ; reset_ff  ; rv32i_cpu:icpu|datapath:i_datapath|ALUResult_M[23]                                                                               ; clk          ; clk         ; 20.000       ; -0.114     ; 3.760      ;
; 16.124 ; reset_ff  ; rv32i_cpu:icpu|datapath:i_datapath|pc_flopr:pcreg|q[23]                                                                          ; clk          ; clk         ; 20.000       ; -0.114     ; 3.760      ;
; 16.124 ; reset_ff  ; rv32i_cpu:icpu|datapath:i_datapath|rs1_data_E[23]                                                                                ; clk          ; clk         ; 20.000       ; -0.113     ; 3.761      ;
; 16.124 ; reset_ff  ; rv32i_cpu:icpu|datapath:i_datapath|WriteData_M[4]                                                                                ; clk          ; clk         ; 20.000       ; -0.113     ; 3.761      ;
; 16.124 ; reset_ff  ; rv32i_cpu:icpu|datapath:i_datapath|WriteData_M[5]                                                                                ; clk          ; clk         ; 20.000       ; -0.111     ; 3.763      ;
; 16.124 ; reset_ff  ; rv32i_cpu:icpu|datapath:i_datapath|WriteData_M[20]                                                                               ; clk          ; clk         ; 20.000       ; -0.112     ; 3.762      ;
; 16.124 ; reset_ff  ; rv32i_cpu:icpu|datapath:i_datapath|WriteData_M[23]                                                                               ; clk          ; clk         ; 20.000       ; -0.114     ; 3.760      ;
; 16.125 ; reset_ff  ; rv32i_cpu:icpu|datapath:i_datapath|ALUResult_M[13]                                                                               ; clk          ; clk         ; 20.000       ; -0.114     ; 3.759      ;
; 16.125 ; reset_ff  ; rv32i_cpu:icpu|datapath:i_datapath|pc_flopr:pcreg|q[13]                                                                          ; clk          ; clk         ; 20.000       ; -0.114     ; 3.759      ;
; 16.125 ; reset_ff  ; rv32i_cpu:icpu|datapath:i_datapath|pc_flopr:pcreg|q[6]                                                                           ; clk          ; clk         ; 20.000       ; -0.120     ; 3.753      ;
; 16.125 ; reset_ff  ; rv32i_cpu:icpu|datapath:i_datapath|pc_flopr:pcreg|q[20]                                                                          ; clk          ; clk         ; 20.000       ; -0.120     ; 3.753      ;
; 16.125 ; reset_ff  ; rv32i_cpu:icpu|datapath:i_datapath|pc_flopr:pcreg|q[18]                                                                          ; clk          ; clk         ; 20.000       ; -0.120     ; 3.753      ;
; 16.125 ; reset_ff  ; rv32i_cpu:icpu|datapath:i_datapath|ALUResult_M[16]                                                                               ; clk          ; clk         ; 20.000       ; -0.114     ; 3.759      ;
; 16.125 ; reset_ff  ; rv32i_cpu:icpu|datapath:i_datapath|Instr_E[12]                                                                                   ; clk          ; clk         ; 20.000       ; -0.121     ; 3.752      ;
; 16.125 ; reset_ff  ; rv32i_cpu:icpu|datapath:i_datapath|PCPlus4_E[0]                                                                                  ; clk          ; clk         ; 20.000       ; -0.121     ; 3.752      ;
; 16.125 ; reset_ff  ; rv32i_cpu:icpu|datapath:i_datapath|PC_E[3]                                                                                       ; clk          ; clk         ; 20.000       ; -0.121     ; 3.752      ;
; 16.125 ; reset_ff  ; rv32i_cpu:icpu|datapath:i_datapath|PC_E[4]                                                                                       ; clk          ; clk         ; 20.000       ; -0.121     ; 3.752      ;
; 16.125 ; reset_ff  ; rv32i_cpu:icpu|datapath:i_datapath|Instr_E[14]                                                                                   ; clk          ; clk         ; 20.000       ; -0.121     ; 3.752      ;
; 16.125 ; reset_ff  ; rv32i_cpu:icpu|datapath:i_datapath|PC_E[2]                                                                                       ; clk          ; clk         ; 20.000       ; -0.121     ; 3.752      ;
; 16.125 ; reset_ff  ; rv32i_cpu:icpu|datapath:i_datapath|PC_E[22]                                                                                      ; clk          ; clk         ; 20.000       ; -0.121     ; 3.752      ;
; 16.125 ; reset_ff  ; rv32i_cpu:icpu|datapath:i_datapath|PC_E[23]                                                                                      ; clk          ; clk         ; 20.000       ; -0.121     ; 3.752      ;
; 16.125 ; reset_ff  ; rv32i_cpu:icpu|datapath:i_datapath|PC_E[24]                                                                                      ; clk          ; clk         ; 20.000       ; -0.121     ; 3.752      ;
; 16.125 ; reset_ff  ; rv32i_cpu:icpu|datapath:i_datapath|PC_E[29]                                                                                      ; clk          ; clk         ; 20.000       ; -0.121     ; 3.752      ;
; 16.125 ; reset_ff  ; rv32i_cpu:icpu|datapath:i_datapath|PC_E[17]                                                                                      ; clk          ; clk         ; 20.000       ; -0.121     ; 3.752      ;
; 16.125 ; reset_ff  ; rv32i_cpu:icpu|datapath:i_datapath|PC_E[18]                                                                                      ; clk          ; clk         ; 20.000       ; -0.121     ; 3.752      ;
; 16.125 ; reset_ff  ; rv32i_cpu:icpu|datapath:i_datapath|PC_E[20]                                                                                      ; clk          ; clk         ; 20.000       ; -0.121     ; 3.752      ;
; 16.125 ; reset_ff  ; rv32i_cpu:icpu|datapath:i_datapath|PC_E[10]                                                                                      ; clk          ; clk         ; 20.000       ; -0.121     ; 3.752      ;
; 16.125 ; reset_ff  ; rv32i_cpu:icpu|datapath:i_datapath|PC_E[30]                                                                                      ; clk          ; clk         ; 20.000       ; -0.121     ; 3.752      ;
; 16.125 ; reset_ff  ; rv32i_cpu:icpu|datapath:i_datapath|Instr_E[13]                                                                                   ; clk          ; clk         ; 20.000       ; -0.121     ; 3.752      ;
; 16.125 ; reset_ff  ; rv32i_cpu:icpu|datapath:i_datapath|PC_D[20]                                                                                      ; clk          ; clk         ; 20.000       ; -0.120     ; 3.753      ;
; 16.125 ; reset_ff  ; rv32i_cpu:icpu|datapath:i_datapath|PC_D[18]                                                                                      ; clk          ; clk         ; 20.000       ; -0.120     ; 3.753      ;
; 16.125 ; reset_ff  ; rv32i_cpu:icpu|datapath:i_datapath|PCPlus4_D[6]                                                                                  ; clk          ; clk         ; 20.000       ; -0.120     ; 3.753      ;
; 16.125 ; reset_ff  ; rv32i_cpu:icpu|datapath:i_datapath|PCPlus4_D[8]                                                                                  ; clk          ; clk         ; 20.000       ; -0.120     ; 3.753      ;
; 16.125 ; reset_ff  ; rv32i_cpu:icpu|datapath:i_datapath|PCPlus4_D[18]                                                                                 ; clk          ; clk         ; 20.000       ; -0.120     ; 3.753      ;
; 16.125 ; reset_ff  ; rv32i_cpu:icpu|datapath:i_datapath|PCPlus4_D[20]                                                                                 ; clk          ; clk         ; 20.000       ; -0.120     ; 3.753      ;
; 16.125 ; reset_ff  ; rv32i_cpu:icpu|datapath:i_datapath|WriteData_M[13]                                                                               ; clk          ; clk         ; 20.000       ; -0.114     ; 3.759      ;
; 16.126 ; reset_ff  ; rv32i_cpu:icpu|datapath:i_datapath|ALUResult_M[4]                                                                                ; clk          ; clk         ; 20.000       ; -0.115     ; 3.757      ;
; 16.126 ; reset_ff  ; rv32i_cpu:icpu|datapath:i_datapath|ALUResult_M[7]                                                                                ; clk          ; clk         ; 20.000       ; -0.115     ; 3.757      ;
; 16.126 ; reset_ff  ; rv32i_cpu:icpu|datapath:i_datapath|altshift_taps:PCPlus4_E_rtl_0|shift_taps_bkm:auto_generated|cntr_p8h:cntr5|counter_reg_bit[0] ; clk          ; clk         ; 20.000       ; -0.122     ; 3.750      ;
; 16.126 ; reset_ff  ; rv32i_cpu:icpu|datapath:i_datapath|altshift_taps:PCPlus4_E_rtl_0|shift_taps_bkm:auto_generated|dffe6                             ; clk          ; clk         ; 20.000       ; -0.122     ; 3.750      ;
; 16.127 ; reset_ff  ; rv32i_cpu:icpu|datapath:i_datapath|ALUResult_M[6]                                                                                ; clk          ; clk         ; 20.000       ; -0.112     ; 3.759      ;
; 16.127 ; reset_ff  ; rv32i_cpu:icpu|datapath:i_datapath|ALUResult_M[10]                                                                               ; clk          ; clk         ; 20.000       ; -0.114     ; 3.757      ;
; 16.136 ; reset_ff  ; rv32i_cpu:icpu|datapath:i_datapath|ALUResult_M[17]                                                                               ; clk          ; clk         ; 20.000       ; -0.104     ; 3.758      ;
; 16.136 ; reset_ff  ; rv32i_cpu:icpu|datapath:i_datapath|rs2_data_E[17]                                                                                ; clk          ; clk         ; 20.000       ; -0.104     ; 3.758      ;
; 16.136 ; reset_ff  ; rv32i_cpu:icpu|datapath:i_datapath|WriteData_M[17]                                                                               ; clk          ; clk         ; 20.000       ; -0.104     ; 3.758      ;
; 16.136 ; reset_ff  ; rv32i_cpu:icpu|datapath:i_datapath|WriteData_M[31]                                                                               ; clk          ; clk         ; 20.000       ; -0.111     ; 3.751      ;
; 16.145 ; reset_ff  ; rv32i_cpu:icpu|datapath:i_datapath|ALUResult_M[21]                                                                               ; clk          ; clk         ; 20.000       ; -0.104     ; 3.749      ;
; 16.145 ; reset_ff  ; rv32i_cpu:icpu|datapath:i_datapath|pc_flopr:pcreg|q[21]                                                                          ; clk          ; clk         ; 20.000       ; -0.104     ; 3.749      ;
; 16.145 ; reset_ff  ; rv32i_cpu:icpu|datapath:i_datapath|WriteData_M[21]                                                                               ; clk          ; clk         ; 20.000       ; -0.104     ; 3.749      ;
; 16.146 ; reset_ff  ; rv32i_cpu:icpu|datapath:i_datapath|pc_flopr:pcreg|q[27]                                                                          ; clk          ; clk         ; 20.000       ; -0.110     ; 3.742      ;
; 16.146 ; reset_ff  ; rv32i_cpu:icpu|datapath:i_datapath|ALUResult_M[27]                                                                               ; clk          ; clk         ; 20.000       ; -0.110     ; 3.742      ;
; 16.146 ; reset_ff  ; rv32i_cpu:icpu|datapath:i_datapath|ALUResult_M[12]                                                                               ; clk          ; clk         ; 20.000       ; -0.110     ; 3.742      ;
; 16.146 ; reset_ff  ; rv32i_cpu:icpu|datapath:i_datapath|ALUControl_E[4]                                                                               ; clk          ; clk         ; 20.000       ; -0.109     ; 3.743      ;
; 16.146 ; reset_ff  ; rv32i_cpu:icpu|datapath:i_datapath|Instr_E[17]                                                                                   ; clk          ; clk         ; 20.000       ; -0.109     ; 3.743      ;
; 16.146 ; reset_ff  ; rv32i_cpu:icpu|datapath:i_datapath|Instr_E[16]                                                                                   ; clk          ; clk         ; 20.000       ; -0.109     ; 3.743      ;
; 16.146 ; reset_ff  ; rv32i_cpu:icpu|datapath:i_datapath|Instr_E[15]                                                                                   ; clk          ; clk         ; 20.000       ; -0.111     ; 3.741      ;
; 16.146 ; reset_ff  ; rv32i_cpu:icpu|datapath:i_datapath|Instr_E[23]                                                                                   ; clk          ; clk         ; 20.000       ; -0.109     ; 3.743      ;
; 16.146 ; reset_ff  ; rv32i_cpu:icpu|datapath:i_datapath|PC_E[5]                                                                                       ; clk          ; clk         ; 20.000       ; -0.103     ; 3.749      ;
; 16.146 ; reset_ff  ; rv32i_cpu:icpu|datapath:i_datapath|PC_E[9]                                                                                       ; clk          ; clk         ; 20.000       ; -0.110     ; 3.742      ;
; 16.146 ; reset_ff  ; rv32i_cpu:icpu|datapath:i_datapath|PC_D[5]                                                                                       ; clk          ; clk         ; 20.000       ; -0.109     ; 3.743      ;
; 16.146 ; reset_ff  ; rv32i_cpu:icpu|datapath:i_datapath|ALUControl_E[0]                                                                               ; clk          ; clk         ; 20.000       ; -0.109     ; 3.743      ;
; 16.146 ; reset_ff  ; rv32i_cpu:icpu|datapath:i_datapath|ImmExt_E[17]                                                                                  ; clk          ; clk         ; 20.000       ; -0.109     ; 3.743      ;
; 16.146 ; reset_ff  ; rv32i_cpu:icpu|datapath:i_datapath|ImmExt_E[15]                                                                                  ; clk          ; clk         ; 20.000       ; -0.109     ; 3.743      ;
; 16.146 ; reset_ff  ; rv32i_cpu:icpu|datapath:i_datapath|ImmExt_E[16]                                                                                  ; clk          ; clk         ; 20.000       ; -0.109     ; 3.743      ;
; 16.146 ; reset_ff  ; rv32i_cpu:icpu|datapath:i_datapath|ImmExt_E[18]                                                                                  ; clk          ; clk         ; 20.000       ; -0.109     ; 3.743      ;
; 16.146 ; reset_ff  ; rv32i_cpu:icpu|datapath:i_datapath|RegWrite_W                                                                                    ; clk          ; clk         ; 20.000       ; -0.101     ; 3.751      ;
; 16.146 ; reset_ff  ; rv32i_cpu:icpu|datapath:i_datapath|Rd_W[1]                                                                                       ; clk          ; clk         ; 20.000       ; -0.101     ; 3.751      ;
; 16.146 ; reset_ff  ; rv32i_cpu:icpu|datapath:i_datapath|Instr_M[7]                                                                                    ; clk          ; clk         ; 20.000       ; -0.103     ; 3.749      ;
; 16.146 ; reset_ff  ; rv32i_cpu:icpu|datapath:i_datapath|Rd_W[0]                                                                                       ; clk          ; clk         ; 20.000       ; -0.111     ; 3.741      ;
; 16.146 ; reset_ff  ; rv32i_cpu:icpu|datapath:i_datapath|Rd_W[2]                                                                                       ; clk          ; clk         ; 20.000       ; -0.109     ; 3.743      ;
; 16.146 ; reset_ff  ; rv32i_cpu:icpu|datapath:i_datapath|WriteData_M[27]                                                                               ; clk          ; clk         ; 20.000       ; -0.110     ; 3.742      ;
; 16.146 ; reset_ff  ; rv32i_cpu:icpu|datapath:i_datapath|WriteData_M[9]                                                                                ; clk          ; clk         ; 20.000       ; -0.101     ; 3.751      ;
; 16.146 ; reset_ff  ; rv32i_cpu:icpu|datapath:i_datapath|WriteData_M[30]                                                                               ; clk          ; clk         ; 20.000       ; -0.111     ; 3.741      ;
; 16.146 ; reset_ff  ; rv32i_cpu:icpu|datapath:i_datapath|Rd_W[3]                                                                                       ; clk          ; clk         ; 20.000       ; -0.109     ; 3.743      ;
; 16.146 ; reset_ff  ; rv32i_cpu:icpu|datapath:i_datapath|Rd_W[4]                                                                                       ; clk          ; clk         ; 20.000       ; -0.103     ; 3.749      ;
; 16.146 ; reset_ff  ; rv32i_cpu:icpu|datapath:i_datapath|Instr_M[9]                                                                                    ; clk          ; clk         ; 20.000       ; -0.109     ; 3.743      ;
; 16.147 ; reset_ff  ; rv32i_cpu:icpu|datapath:i_datapath|pc_flopr:pcreg|q[9]                                                                           ; clk          ; clk         ; 20.000       ; -0.108     ; 3.743      ;
; 16.147 ; reset_ff  ; rv32i_cpu:icpu|datapath:i_datapath|pc_flopr:pcreg|q[17]                                                                          ; clk          ; clk         ; 20.000       ; -0.108     ; 3.743      ;
; 16.147 ; reset_ff  ; rv32i_cpu:icpu|datapath:i_datapath|pc_flopr:pcreg|q[28]                                                                          ; clk          ; clk         ; 20.000       ; -0.108     ; 3.743      ;
; 16.147 ; reset_ff  ; rv32i_cpu:icpu|datapath:i_datapath|ALUResult_M[11]                                                                               ; clk          ; clk         ; 20.000       ; -0.110     ; 3.741      ;
; 16.147 ; reset_ff  ; rv32i_cpu:icpu|datapath:i_datapath|ALUResult_M[26]                                                                               ; clk          ; clk         ; 20.000       ; -0.110     ; 3.741      ;
; 16.147 ; reset_ff  ; rv32i_cpu:icpu|datapath:i_datapath|pc_flopr:pcreg|q[26]                                                                          ; clk          ; clk         ; 20.000       ; -0.110     ; 3.741      ;
; 16.147 ; reset_ff  ; rv32i_cpu:icpu|datapath:i_datapath|pc_flopr:pcreg|q[4]                                                                           ; clk          ; clk         ; 20.000       ; -0.108     ; 3.743      ;
; 16.147 ; reset_ff  ; rv32i_cpu:icpu|datapath:i_datapath|pc_flopr:pcreg|q[8]                                                                           ; clk          ; clk         ; 20.000       ; -0.108     ; 3.743      ;
; 16.147 ; reset_ff  ; rv32i_cpu:icpu|datapath:i_datapath|pc_flopr:pcreg|q[7]                                                                           ; clk          ; clk         ; 20.000       ; -0.108     ; 3.743      ;
; 16.147 ; reset_ff  ; rv32i_cpu:icpu|datapath:i_datapath|pc_flopr:pcreg|q[31]                                                                          ; clk          ; clk         ; 20.000       ; -0.108     ; 3.743      ;
; 16.147 ; reset_ff  ; rv32i_cpu:icpu|datapath:i_datapath|ImmExt_E[31]                                                                                  ; clk          ; clk         ; 20.000       ; -0.109     ; 3.742      ;
; 16.147 ; reset_ff  ; rv32i_cpu:icpu|datapath:i_datapath|PC_D[12]                                                                                      ; clk          ; clk         ; 20.000       ; -0.108     ; 3.743      ;
; 16.147 ; reset_ff  ; rv32i_cpu:icpu|datapath:i_datapath|PC_D[8]                                                                                       ; clk          ; clk         ; 20.000       ; -0.108     ; 3.743      ;
; 16.147 ; reset_ff  ; rv32i_cpu:icpu|datapath:i_datapath|PCPlus4_D[4]                                                                                  ; clk          ; clk         ; 20.000       ; -0.108     ; 3.743      ;
; 16.147 ; reset_ff  ; rv32i_cpu:icpu|datapath:i_datapath|PCPlus4_D[7]                                                                                  ; clk          ; clk         ; 20.000       ; -0.108     ; 3.743      ;
; 16.147 ; reset_ff  ; rv32i_cpu:icpu|datapath:i_datapath|PCPlus4_D[9]                                                                                  ; clk          ; clk         ; 20.000       ; -0.108     ; 3.743      ;
; 16.147 ; reset_ff  ; rv32i_cpu:icpu|datapath:i_datapath|PCPlus4_D[17]                                                                                 ; clk          ; clk         ; 20.000       ; -0.108     ; 3.743      ;
; 16.147 ; reset_ff  ; rv32i_cpu:icpu|datapath:i_datapath|PCPlus4_D[28]                                                                                 ; clk          ; clk         ; 20.000       ; -0.108     ; 3.743      ;
; 16.147 ; reset_ff  ; rv32i_cpu:icpu|datapath:i_datapath|PCPlus4_D[29]                                                                                 ; clk          ; clk         ; 20.000       ; -0.108     ; 3.743      ;
; 16.147 ; reset_ff  ; rv32i_cpu:icpu|datapath:i_datapath|PCPlus4_D[30]                                                                                 ; clk          ; clk         ; 20.000       ; -0.108     ; 3.743      ;
; 16.147 ; reset_ff  ; rv32i_cpu:icpu|datapath:i_datapath|PCPlus4_D[31]                                                                                 ; clk          ; clk         ; 20.000       ; -0.108     ; 3.743      ;
; 16.147 ; reset_ff  ; rv32i_cpu:icpu|datapath:i_datapath|ALUControl_E[2]                                                                               ; clk          ; clk         ; 20.000       ; -0.107     ; 3.744      ;
+--------+-----------+----------------------------------------------------------------------------------------------------------------------------------+--------------+-------------+--------------+------------+------------+


+-------------------------------------------------------------------------------------------------------------------------------------------------------------------------------------------------------------------------------------------------------------------------------------------------------------------------------+
; Slow 1200mV 85C Model Removal: 'clk'                                                                                                                                                                                                                                                                                          ;
+-------+------------------------------------------------------------------------------------------------------+------------------------------------------------------------------------------------------------------------------------------------------+--------------+-------------+--------------+------------+------------+
; Slack ; From Node                                                                                            ; To Node                                                                                                                                  ; Launch Clock ; Latch Clock ; Relationship ; Clock Skew ; Data Delay ;
+-------+------------------------------------------------------------------------------------------------------+------------------------------------------------------------------------------------------------------------------------------------------+--------------+-------------+--------------+------------+------------+
; 1.646 ; rv32i_cpu:icpu|datapath:i_datapath|altshift_taps:PCPlus4_E_rtl_0|shift_taps_bkm:auto_generated|dffe6 ; rv32i_cpu:icpu|datapath:i_datapath|altshift_taps:PCPlus4_E_rtl_0|shift_taps_bkm:auto_generated|altsyncram_r861:altsyncram4|ram_block7a0  ; clk          ; clk         ; 0.000        ; 0.444      ; 2.276      ;
; 1.646 ; rv32i_cpu:icpu|datapath:i_datapath|altshift_taps:PCPlus4_E_rtl_0|shift_taps_bkm:auto_generated|dffe6 ; rv32i_cpu:icpu|datapath:i_datapath|altshift_taps:PCPlus4_E_rtl_0|shift_taps_bkm:auto_generated|altsyncram_r861:altsyncram4|ram_block7a1  ; clk          ; clk         ; 0.000        ; 0.444      ; 2.276      ;
; 1.646 ; rv32i_cpu:icpu|datapath:i_datapath|altshift_taps:PCPlus4_E_rtl_0|shift_taps_bkm:auto_generated|dffe6 ; rv32i_cpu:icpu|datapath:i_datapath|altshift_taps:PCPlus4_E_rtl_0|shift_taps_bkm:auto_generated|altsyncram_r861:altsyncram4|ram_block7a2  ; clk          ; clk         ; 0.000        ; 0.444      ; 2.276      ;
; 1.646 ; rv32i_cpu:icpu|datapath:i_datapath|altshift_taps:PCPlus4_E_rtl_0|shift_taps_bkm:auto_generated|dffe6 ; rv32i_cpu:icpu|datapath:i_datapath|altshift_taps:PCPlus4_E_rtl_0|shift_taps_bkm:auto_generated|altsyncram_r861:altsyncram4|ram_block7a3  ; clk          ; clk         ; 0.000        ; 0.444      ; 2.276      ;
; 1.646 ; rv32i_cpu:icpu|datapath:i_datapath|altshift_taps:PCPlus4_E_rtl_0|shift_taps_bkm:auto_generated|dffe6 ; rv32i_cpu:icpu|datapath:i_datapath|altshift_taps:PCPlus4_E_rtl_0|shift_taps_bkm:auto_generated|altsyncram_r861:altsyncram4|ram_block7a4  ; clk          ; clk         ; 0.000        ; 0.444      ; 2.276      ;
; 1.646 ; rv32i_cpu:icpu|datapath:i_datapath|altshift_taps:PCPlus4_E_rtl_0|shift_taps_bkm:auto_generated|dffe6 ; rv32i_cpu:icpu|datapath:i_datapath|altshift_taps:PCPlus4_E_rtl_0|shift_taps_bkm:auto_generated|altsyncram_r861:altsyncram4|ram_block7a5  ; clk          ; clk         ; 0.000        ; 0.444      ; 2.276      ;
; 1.646 ; rv32i_cpu:icpu|datapath:i_datapath|altshift_taps:PCPlus4_E_rtl_0|shift_taps_bkm:auto_generated|dffe6 ; rv32i_cpu:icpu|datapath:i_datapath|altshift_taps:PCPlus4_E_rtl_0|shift_taps_bkm:auto_generated|altsyncram_r861:altsyncram4|ram_block7a6  ; clk          ; clk         ; 0.000        ; 0.444      ; 2.276      ;
; 1.646 ; rv32i_cpu:icpu|datapath:i_datapath|altshift_taps:PCPlus4_E_rtl_0|shift_taps_bkm:auto_generated|dffe6 ; rv32i_cpu:icpu|datapath:i_datapath|altshift_taps:PCPlus4_E_rtl_0|shift_taps_bkm:auto_generated|altsyncram_r861:altsyncram4|ram_block7a7  ; clk          ; clk         ; 0.000        ; 0.444      ; 2.276      ;
; 1.646 ; rv32i_cpu:icpu|datapath:i_datapath|altshift_taps:PCPlus4_E_rtl_0|shift_taps_bkm:auto_generated|dffe6 ; rv32i_cpu:icpu|datapath:i_datapath|altshift_taps:PCPlus4_E_rtl_0|shift_taps_bkm:auto_generated|altsyncram_r861:altsyncram4|ram_block7a8  ; clk          ; clk         ; 0.000        ; 0.444      ; 2.276      ;
; 1.646 ; rv32i_cpu:icpu|datapath:i_datapath|altshift_taps:PCPlus4_E_rtl_0|shift_taps_bkm:auto_generated|dffe6 ; rv32i_cpu:icpu|datapath:i_datapath|altshift_taps:PCPlus4_E_rtl_0|shift_taps_bkm:auto_generated|altsyncram_r861:altsyncram4|ram_block7a9  ; clk          ; clk         ; 0.000        ; 0.444      ; 2.276      ;
; 1.646 ; rv32i_cpu:icpu|datapath:i_datapath|altshift_taps:PCPlus4_E_rtl_0|shift_taps_bkm:auto_generated|dffe6 ; rv32i_cpu:icpu|datapath:i_datapath|altshift_taps:PCPlus4_E_rtl_0|shift_taps_bkm:auto_generated|altsyncram_r861:altsyncram4|ram_block7a10 ; clk          ; clk         ; 0.000        ; 0.444      ; 2.276      ;
; 1.646 ; rv32i_cpu:icpu|datapath:i_datapath|altshift_taps:PCPlus4_E_rtl_0|shift_taps_bkm:auto_generated|dffe6 ; rv32i_cpu:icpu|datapath:i_datapath|altshift_taps:PCPlus4_E_rtl_0|shift_taps_bkm:auto_generated|altsyncram_r861:altsyncram4|ram_block7a11 ; clk          ; clk         ; 0.000        ; 0.444      ; 2.276      ;
; 1.646 ; rv32i_cpu:icpu|datapath:i_datapath|altshift_taps:PCPlus4_E_rtl_0|shift_taps_bkm:auto_generated|dffe6 ; rv32i_cpu:icpu|datapath:i_datapath|altshift_taps:PCPlus4_E_rtl_0|shift_taps_bkm:auto_generated|altsyncram_r861:altsyncram4|ram_block7a12 ; clk          ; clk         ; 0.000        ; 0.444      ; 2.276      ;
; 1.646 ; rv32i_cpu:icpu|datapath:i_datapath|altshift_taps:PCPlus4_E_rtl_0|shift_taps_bkm:auto_generated|dffe6 ; rv32i_cpu:icpu|datapath:i_datapath|altshift_taps:PCPlus4_E_rtl_0|shift_taps_bkm:auto_generated|altsyncram_r861:altsyncram4|ram_block7a13 ; clk          ; clk         ; 0.000        ; 0.444      ; 2.276      ;
; 1.646 ; rv32i_cpu:icpu|datapath:i_datapath|altshift_taps:PCPlus4_E_rtl_0|shift_taps_bkm:auto_generated|dffe6 ; rv32i_cpu:icpu|datapath:i_datapath|altshift_taps:PCPlus4_E_rtl_0|shift_taps_bkm:auto_generated|altsyncram_r861:altsyncram4|ram_block7a14 ; clk          ; clk         ; 0.000        ; 0.444      ; 2.276      ;
; 1.646 ; rv32i_cpu:icpu|datapath:i_datapath|altshift_taps:PCPlus4_E_rtl_0|shift_taps_bkm:auto_generated|dffe6 ; rv32i_cpu:icpu|datapath:i_datapath|altshift_taps:PCPlus4_E_rtl_0|shift_taps_bkm:auto_generated|altsyncram_r861:altsyncram4|ram_block7a15 ; clk          ; clk         ; 0.000        ; 0.444      ; 2.276      ;
; 1.646 ; rv32i_cpu:icpu|datapath:i_datapath|altshift_taps:PCPlus4_E_rtl_0|shift_taps_bkm:auto_generated|dffe6 ; rv32i_cpu:icpu|datapath:i_datapath|altshift_taps:PCPlus4_E_rtl_0|shift_taps_bkm:auto_generated|altsyncram_r861:altsyncram4|ram_block7a16 ; clk          ; clk         ; 0.000        ; 0.444      ; 2.276      ;
; 1.646 ; rv32i_cpu:icpu|datapath:i_datapath|altshift_taps:PCPlus4_E_rtl_0|shift_taps_bkm:auto_generated|dffe6 ; rv32i_cpu:icpu|datapath:i_datapath|altshift_taps:PCPlus4_E_rtl_0|shift_taps_bkm:auto_generated|altsyncram_r861:altsyncram4|ram_block7a17 ; clk          ; clk         ; 0.000        ; 0.444      ; 2.276      ;
; 1.646 ; rv32i_cpu:icpu|datapath:i_datapath|altshift_taps:PCPlus4_E_rtl_0|shift_taps_bkm:auto_generated|dffe6 ; rv32i_cpu:icpu|datapath:i_datapath|altshift_taps:PCPlus4_E_rtl_0|shift_taps_bkm:auto_generated|altsyncram_r861:altsyncram4|ram_block7a18 ; clk          ; clk         ; 0.000        ; 0.444      ; 2.276      ;
; 1.646 ; rv32i_cpu:icpu|datapath:i_datapath|altshift_taps:PCPlus4_E_rtl_0|shift_taps_bkm:auto_generated|dffe6 ; rv32i_cpu:icpu|datapath:i_datapath|altshift_taps:PCPlus4_E_rtl_0|shift_taps_bkm:auto_generated|altsyncram_r861:altsyncram4|ram_block7a19 ; clk          ; clk         ; 0.000        ; 0.444      ; 2.276      ;
; 1.646 ; rv32i_cpu:icpu|datapath:i_datapath|altshift_taps:PCPlus4_E_rtl_0|shift_taps_bkm:auto_generated|dffe6 ; rv32i_cpu:icpu|datapath:i_datapath|altshift_taps:PCPlus4_E_rtl_0|shift_taps_bkm:auto_generated|altsyncram_r861:altsyncram4|ram_block7a20 ; clk          ; clk         ; 0.000        ; 0.444      ; 2.276      ;
; 1.646 ; rv32i_cpu:icpu|datapath:i_datapath|altshift_taps:PCPlus4_E_rtl_0|shift_taps_bkm:auto_generated|dffe6 ; rv32i_cpu:icpu|datapath:i_datapath|altshift_taps:PCPlus4_E_rtl_0|shift_taps_bkm:auto_generated|altsyncram_r861:altsyncram4|ram_block7a21 ; clk          ; clk         ; 0.000        ; 0.444      ; 2.276      ;
; 1.646 ; rv32i_cpu:icpu|datapath:i_datapath|altshift_taps:PCPlus4_E_rtl_0|shift_taps_bkm:auto_generated|dffe6 ; rv32i_cpu:icpu|datapath:i_datapath|altshift_taps:PCPlus4_E_rtl_0|shift_taps_bkm:auto_generated|altsyncram_r861:altsyncram4|ram_block7a22 ; clk          ; clk         ; 0.000        ; 0.444      ; 2.276      ;
; 1.646 ; rv32i_cpu:icpu|datapath:i_datapath|altshift_taps:PCPlus4_E_rtl_0|shift_taps_bkm:auto_generated|dffe6 ; rv32i_cpu:icpu|datapath:i_datapath|altshift_taps:PCPlus4_E_rtl_0|shift_taps_bkm:auto_generated|altsyncram_r861:altsyncram4|ram_block7a23 ; clk          ; clk         ; 0.000        ; 0.444      ; 2.276      ;
; 1.646 ; rv32i_cpu:icpu|datapath:i_datapath|altshift_taps:PCPlus4_E_rtl_0|shift_taps_bkm:auto_generated|dffe6 ; rv32i_cpu:icpu|datapath:i_datapath|altshift_taps:PCPlus4_E_rtl_0|shift_taps_bkm:auto_generated|altsyncram_r861:altsyncram4|ram_block7a24 ; clk          ; clk         ; 0.000        ; 0.444      ; 2.276      ;
; 1.646 ; rv32i_cpu:icpu|datapath:i_datapath|altshift_taps:PCPlus4_E_rtl_0|shift_taps_bkm:auto_generated|dffe6 ; rv32i_cpu:icpu|datapath:i_datapath|altshift_taps:PCPlus4_E_rtl_0|shift_taps_bkm:auto_generated|altsyncram_r861:altsyncram4|ram_block7a25 ; clk          ; clk         ; 0.000        ; 0.444      ; 2.276      ;
; 1.646 ; rv32i_cpu:icpu|datapath:i_datapath|altshift_taps:PCPlus4_E_rtl_0|shift_taps_bkm:auto_generated|dffe6 ; rv32i_cpu:icpu|datapath:i_datapath|altshift_taps:PCPlus4_E_rtl_0|shift_taps_bkm:auto_generated|altsyncram_r861:altsyncram4|ram_block7a26 ; clk          ; clk         ; 0.000        ; 0.444      ; 2.276      ;
; 1.646 ; rv32i_cpu:icpu|datapath:i_datapath|altshift_taps:PCPlus4_E_rtl_0|shift_taps_bkm:auto_generated|dffe6 ; rv32i_cpu:icpu|datapath:i_datapath|altshift_taps:PCPlus4_E_rtl_0|shift_taps_bkm:auto_generated|altsyncram_r861:altsyncram4|ram_block7a27 ; clk          ; clk         ; 0.000        ; 0.444      ; 2.276      ;
; 1.646 ; rv32i_cpu:icpu|datapath:i_datapath|altshift_taps:PCPlus4_E_rtl_0|shift_taps_bkm:auto_generated|dffe6 ; rv32i_cpu:icpu|datapath:i_datapath|altshift_taps:PCPlus4_E_rtl_0|shift_taps_bkm:auto_generated|altsyncram_r861:altsyncram4|ram_block7a28 ; clk          ; clk         ; 0.000        ; 0.444      ; 2.276      ;
; 1.646 ; rv32i_cpu:icpu|datapath:i_datapath|altshift_taps:PCPlus4_E_rtl_0|shift_taps_bkm:auto_generated|dffe6 ; rv32i_cpu:icpu|datapath:i_datapath|altshift_taps:PCPlus4_E_rtl_0|shift_taps_bkm:auto_generated|altsyncram_r861:altsyncram4|ram_block7a29 ; clk          ; clk         ; 0.000        ; 0.444      ; 2.276      ;
; 1.646 ; rv32i_cpu:icpu|datapath:i_datapath|altshift_taps:PCPlus4_E_rtl_0|shift_taps_bkm:auto_generated|dffe6 ; rv32i_cpu:icpu|datapath:i_datapath|altshift_taps:PCPlus4_E_rtl_0|shift_taps_bkm:auto_generated|altsyncram_r861:altsyncram4|ram_block7a30 ; clk          ; clk         ; 0.000        ; 0.444      ; 2.276      ;
; 2.770 ; reset_ff                                                                                             ; rv32i_cpu:icpu|datapath:i_datapath|ALUResult_M[14]                                                                                       ; clk          ; clk         ; 0.000        ; 0.579      ; 3.535      ;
; 2.788 ; reset_ff                                                                                             ; rv32i_cpu:icpu|datapath:i_datapath|rs1_data_E[12]                                                                                        ; clk          ; clk         ; 0.000        ; 0.575      ; 3.549      ;
; 2.788 ; reset_ff                                                                                             ; rv32i_cpu:icpu|datapath:i_datapath|rs1_data_E[13]                                                                                        ; clk          ; clk         ; 0.000        ; 0.575      ; 3.549      ;
; 2.788 ; reset_ff                                                                                             ; rv32i_cpu:icpu|datapath:i_datapath|rs1_data_E[7]                                                                                         ; clk          ; clk         ; 0.000        ; 0.575      ; 3.549      ;
; 2.801 ; reset_ff                                                                                             ; rv32i_cpu:icpu|datapath:i_datapath|pc_flopr:pcreg|q[1]                                                                                   ; clk          ; clk         ; 0.000        ; 0.540      ; 3.527      ;
; 2.801 ; reset_ff                                                                                             ; rv32i_cpu:icpu|datapath:i_datapath|MemWrite_E                                                                                            ; clk          ; clk         ; 0.000        ; 0.544      ; 3.531      ;
; 2.801 ; reset_ff                                                                                             ; rv32i_cpu:icpu|datapath:i_datapath|PC_E[28]                                                                                              ; clk          ; clk         ; 0.000        ; 0.540      ; 3.527      ;
; 2.801 ; reset_ff                                                                                             ; rv32i_cpu:icpu|datapath:i_datapath|PC_E[6]                                                                                               ; clk          ; clk         ; 0.000        ; 0.540      ; 3.527      ;
; 2.801 ; reset_ff                                                                                             ; rv32i_cpu:icpu|datapath:i_datapath|PC_E[27]                                                                                              ; clk          ; clk         ; 0.000        ; 0.540      ; 3.527      ;
; 2.801 ; reset_ff                                                                                             ; rv32i_cpu:icpu|datapath:i_datapath|PCPlus4_E[1]                                                                                          ; clk          ; clk         ; 0.000        ; 0.540      ; 3.527      ;
; 2.801 ; reset_ff                                                                                             ; rv32i_cpu:icpu|datapath:i_datapath|PC_E[11]                                                                                              ; clk          ; clk         ; 0.000        ; 0.540      ; 3.527      ;
; 2.801 ; reset_ff                                                                                             ; rv32i_cpu:icpu|datapath:i_datapath|PC_E[7]                                                                                               ; clk          ; clk         ; 0.000        ; 0.540      ; 3.527      ;
; 2.801 ; reset_ff                                                                                             ; rv32i_cpu:icpu|datapath:i_datapath|PC_E[31]                                                                                              ; clk          ; clk         ; 0.000        ; 0.540      ; 3.527      ;
; 2.804 ; reset_ff                                                                                             ; rv32i_cpu:icpu|datapath:i_datapath|ALUResult_M[0]                                                                                        ; clk          ; clk         ; 0.000        ; 0.550      ; 3.540      ;
; 2.804 ; reset_ff                                                                                             ; rv32i_cpu:icpu|datapath:i_datapath|rs2_data_E[7]                                                                                         ; clk          ; clk         ; 0.000        ; 0.548      ; 3.538      ;
; 2.804 ; reset_ff                                                                                             ; rv32i_cpu:icpu|datapath:i_datapath|rs2_data_E[9]                                                                                         ; clk          ; clk         ; 0.000        ; 0.548      ; 3.538      ;
; 2.804 ; reset_ff                                                                                             ; rv32i_cpu:icpu|datapath:i_datapath|rs2_data_E[10]                                                                                        ; clk          ; clk         ; 0.000        ; 0.548      ; 3.538      ;
; 2.809 ; reset_ff                                                                                             ; rv32i_cpu:icpu|datapath:i_datapath|ALUResult_M[22]                                                                                       ; clk          ; clk         ; 0.000        ; 0.544      ; 3.539      ;
; 2.809 ; reset_ff                                                                                             ; rv32i_cpu:icpu|datapath:i_datapath|ALUResult_W[22]                                                                                       ; clk          ; clk         ; 0.000        ; 0.544      ; 3.539      ;
; 2.809 ; reset_ff                                                                                             ; rv32i_cpu:icpu|datapath:i_datapath|WriteData_M[22]                                                                                       ; clk          ; clk         ; 0.000        ; 0.544      ; 3.539      ;
; 2.809 ; reset_ff                                                                                             ; rv32i_cpu:icpu|datapath:i_datapath|ALUResult_W[27]                                                                                       ; clk          ; clk         ; 0.000        ; 0.544      ; 3.539      ;
; 2.810 ; reset_ff                                                                                             ; rv32i_cpu:icpu|datapath:i_datapath|ALUResult_M[1]                                                                                        ; clk          ; clk         ; 0.000        ; 0.540      ; 3.536      ;
; 2.810 ; reset_ff                                                                                             ; rv32i_cpu:icpu|datapath:i_datapath|ImmExt_E[0]                                                                                           ; clk          ; clk         ; 0.000        ; 0.530      ; 3.526      ;
; 2.810 ; reset_ff                                                                                             ; rv32i_cpu:icpu|datapath:i_datapath|ImmExt_E[11]                                                                                          ; clk          ; clk         ; 0.000        ; 0.530      ; 3.526      ;
; 2.810 ; reset_ff                                                                                             ; rv32i_cpu:icpu|datapath:i_datapath|Instr_E[19]                                                                                           ; clk          ; clk         ; 0.000        ; 0.540      ; 3.536      ;
; 2.810 ; reset_ff                                                                                             ; rv32i_cpu:icpu|datapath:i_datapath|ALUResult_W[6]                                                                                        ; clk          ; clk         ; 0.000        ; 0.542      ; 3.538      ;
; 2.810 ; reset_ff                                                                                             ; rv32i_cpu:icpu|datapath:i_datapath|ALUResult_W[21]                                                                                       ; clk          ; clk         ; 0.000        ; 0.543      ; 3.539      ;
; 2.810 ; reset_ff                                                                                             ; rv32i_cpu:icpu|datapath:i_datapath|PCPlus4_M[0]                                                                                          ; clk          ; clk         ; 0.000        ; 0.540      ; 3.536      ;
; 2.810 ; reset_ff                                                                                             ; rv32i_cpu:icpu|datapath:i_datapath|PCPlus4_M[1]                                                                                          ; clk          ; clk         ; 0.000        ; 0.543      ; 3.539      ;
; 2.810 ; reset_ff                                                                                             ; rv32i_cpu:icpu|datapath:i_datapath|ALUResult_W[19]                                                                                       ; clk          ; clk         ; 0.000        ; 0.543      ; 3.539      ;
; 2.810 ; reset_ff                                                                                             ; rv32i_cpu:icpu|datapath:i_datapath|ALUResult_W[2]                                                                                        ; clk          ; clk         ; 0.000        ; 0.543      ; 3.539      ;
; 2.810 ; reset_ff                                                                                             ; rv32i_cpu:icpu|datapath:i_datapath|ALUResult_W[31]                                                                                       ; clk          ; clk         ; 0.000        ; 0.543      ; 3.539      ;
; 2.810 ; reset_ff                                                                                             ; rv32i_cpu:icpu|datapath:i_datapath|WriteData_M[6]                                                                                        ; clk          ; clk         ; 0.000        ; 0.542      ; 3.538      ;
; 2.810 ; reset_ff                                                                                             ; rv32i_cpu:icpu|datapath:i_datapath|ALUResult_W[14]                                                                                       ; clk          ; clk         ; 0.000        ; 0.542      ; 3.538      ;
; 2.810 ; reset_ff                                                                                             ; rv32i_cpu:icpu|datapath:i_datapath|ALUResult_W[17]                                                                                       ; clk          ; clk         ; 0.000        ; 0.543      ; 3.539      ;
; 2.810 ; reset_ff                                                                                             ; rv32i_cpu:icpu|datapath:i_datapath|Instr_M[11]                                                                                           ; clk          ; clk         ; 0.000        ; 0.540      ; 3.536      ;
; 2.811 ; reset_ff                                                                                             ; rv32i_cpu:icpu|datapath:i_datapath|ImmExt_E[7]                                                                                           ; clk          ; clk         ; 0.000        ; 0.543      ; 3.540      ;
; 2.811 ; reset_ff                                                                                             ; rv32i_cpu:icpu|datapath:i_datapath|WriteData_M[0]                                                                                        ; clk          ; clk         ; 0.000        ; 0.542      ; 3.539      ;
; 2.811 ; reset_ff                                                                                             ; rv32i_cpu:icpu|datapath:i_datapath|ResultSrc_M[0]                                                                                        ; clk          ; clk         ; 0.000        ; 0.543      ; 3.540      ;
; 2.811 ; reset_ff                                                                                             ; rv32i_cpu:icpu|datapath:i_datapath|ResultSrc_W[0]                                                                                        ; clk          ; clk         ; 0.000        ; 0.543      ; 3.540      ;
; 2.811 ; reset_ff                                                                                             ; rv32i_cpu:icpu|datapath:i_datapath|funct3_W[1]                                                                                           ; clk          ; clk         ; 0.000        ; 0.543      ; 3.540      ;
; 2.811 ; reset_ff                                                                                             ; rv32i_cpu:icpu|datapath:i_datapath|funct3_W[0]                                                                                           ; clk          ; clk         ; 0.000        ; 0.543      ; 3.540      ;
; 2.811 ; reset_ff                                                                                             ; rv32i_cpu:icpu|datapath:i_datapath|ALUResult_W[8]                                                                                        ; clk          ; clk         ; 0.000        ; 0.542      ; 3.539      ;
; 2.811 ; reset_ff                                                                                             ; rv32i_cpu:icpu|datapath:i_datapath|ALUResult_W[9]                                                                                        ; clk          ; clk         ; 0.000        ; 0.542      ; 3.539      ;
; 2.811 ; reset_ff                                                                                             ; rv32i_cpu:icpu|datapath:i_datapath|ALUResult_W[7]                                                                                        ; clk          ; clk         ; 0.000        ; 0.543      ; 3.540      ;
; 2.811 ; reset_ff                                                                                             ; rv32i_cpu:icpu|datapath:i_datapath|PCPlus4_W[0]                                                                                          ; clk          ; clk         ; 0.000        ; 0.542      ; 3.539      ;
; 2.813 ; reset_ff                                                                                             ; rv32i_cpu:icpu|datapath:i_datapath|ALUResult_M[29]                                                                                       ; clk          ; clk         ; 0.000        ; 0.540      ; 3.539      ;
; 2.813 ; reset_ff                                                                                             ; rv32i_cpu:icpu|datapath:i_datapath|ALUResult_M[9]                                                                                        ; clk          ; clk         ; 0.000        ; 0.540      ; 3.539      ;
; 2.813 ; reset_ff                                                                                             ; rv32i_cpu:icpu|datapath:i_datapath|ALUResult_M[28]                                                                                       ; clk          ; clk         ; 0.000        ; 0.540      ; 3.539      ;
; 2.813 ; reset_ff                                                                                             ; rv32i_cpu:icpu|datapath:i_datapath|ALUResult_M[8]                                                                                        ; clk          ; clk         ; 0.000        ; 0.540      ; 3.539      ;
; 2.813 ; reset_ff                                                                                             ; rv32i_cpu:icpu|datapath:i_datapath|ImmExt_E[26]                                                                                          ; clk          ; clk         ; 0.000        ; 0.530      ; 3.529      ;
; 2.813 ; reset_ff                                                                                             ; rv32i_cpu:icpu|datapath:i_datapath|ImmExt_E[30]                                                                                          ; clk          ; clk         ; 0.000        ; 0.530      ; 3.529      ;
; 2.813 ; reset_ff                                                                                             ; rv32i_cpu:icpu|datapath:i_datapath|ImmExt_E[21]                                                                                          ; clk          ; clk         ; 0.000        ; 0.530      ; 3.529      ;
; 2.813 ; reset_ff                                                                                             ; rv32i_cpu:icpu|datapath:i_datapath|ImmExt_E[20]                                                                                          ; clk          ; clk         ; 0.000        ; 0.530      ; 3.529      ;
; 2.813 ; reset_ff                                                                                             ; rv32i_cpu:icpu|datapath:i_datapath|ImmExt_E[22]                                                                                          ; clk          ; clk         ; 0.000        ; 0.530      ; 3.529      ;
; 2.813 ; reset_ff                                                                                             ; rv32i_cpu:icpu|datapath:i_datapath|ImmExt_E[23]                                                                                          ; clk          ; clk         ; 0.000        ; 0.530      ; 3.529      ;
; 2.813 ; reset_ff                                                                                             ; rv32i_cpu:icpu|datapath:i_datapath|ImmExt_E[24]                                                                                          ; clk          ; clk         ; 0.000        ; 0.530      ; 3.529      ;
; 2.813 ; reset_ff                                                                                             ; rv32i_cpu:icpu|datapath:i_datapath|ImmExt_E[25]                                                                                          ; clk          ; clk         ; 0.000        ; 0.530      ; 3.529      ;
; 2.813 ; reset_ff                                                                                             ; rv32i_cpu:icpu|datapath:i_datapath|ImmExt_E[27]                                                                                          ; clk          ; clk         ; 0.000        ; 0.530      ; 3.529      ;
; 2.813 ; reset_ff                                                                                             ; rv32i_cpu:icpu|datapath:i_datapath|ImmExt_E[28]                                                                                          ; clk          ; clk         ; 0.000        ; 0.530      ; 3.529      ;
; 2.813 ; reset_ff                                                                                             ; rv32i_cpu:icpu|datapath:i_datapath|ImmExt_E[29]                                                                                          ; clk          ; clk         ; 0.000        ; 0.530      ; 3.529      ;
; 2.813 ; reset_ff                                                                                             ; rv32i_cpu:icpu|datapath:i_datapath|ImmExt_E[9]                                                                                           ; clk          ; clk         ; 0.000        ; 0.539      ; 3.538      ;
; 2.813 ; reset_ff                                                                                             ; rv32i_cpu:icpu|datapath:i_datapath|ALUSrcA_E[0]                                                                                          ; clk          ; clk         ; 0.000        ; 0.530      ; 3.529      ;
; 2.813 ; reset_ff                                                                                             ; rv32i_cpu:icpu|datapath:i_datapath|Instr_E[24]                                                                                           ; clk          ; clk         ; 0.000        ; 0.539      ; 3.538      ;
; 2.813 ; reset_ff                                                                                             ; rv32i_cpu:icpu|datapath:i_datapath|Instr_E[8]                                                                                            ; clk          ; clk         ; 0.000        ; 0.531      ; 3.530      ;
; 2.813 ; reset_ff                                                                                             ; rv32i_cpu:icpu|datapath:i_datapath|Instr_E[7]                                                                                            ; clk          ; clk         ; 0.000        ; 0.531      ; 3.530      ;
; 2.813 ; reset_ff                                                                                             ; rv32i_cpu:icpu|datapath:i_datapath|Instr_E[20]                                                                                           ; clk          ; clk         ; 0.000        ; 0.539      ; 3.538      ;
; 2.813 ; reset_ff                                                                                             ; rv32i_cpu:icpu|datapath:i_datapath|Instr_E[21]                                                                                           ; clk          ; clk         ; 0.000        ; 0.539      ; 3.538      ;
; 2.813 ; reset_ff                                                                                             ; rv32i_cpu:icpu|datapath:i_datapath|Instr_E[22]                                                                                           ; clk          ; clk         ; 0.000        ; 0.531      ; 3.530      ;
+-------+------------------------------------------------------------------------------------------------------+------------------------------------------------------------------------------------------------------------------------------------------+--------------+-------------+--------------+------------+------------+


-----------------------------------------------
; Slow 1200mV 85C Model Metastability Summary ;
-----------------------------------------------
No synchronizer chains to report.


+-------------------------------------------------+
; Slow 1200mV 0C Model Fmax Summary               ;
+-----------+-----------------+------------+------+
; Fmax      ; Restricted Fmax ; Clock Name ; Note ;
+-----------+-----------------+------------+------+
; 41.36 MHz ; 41.36 MHz       ; clk        ;      ;
+-----------+-----------------+------------+------+
This panel reports FMAX for every clock in the design, regardless of the user-specified clock periods.  FMAX is only computed for paths where the source and destination registers or ports are driven by the same clock.  Paths of different clocks, including generated clocks, are ignored.  For paths between a clock and its inversion, FMAX is computed as if the rising and falling edges are scaled along with FMAX, such that the duty cycle (in terms of a percentage) is maintained. Altera recommends that you always use clock constraints and other slack reports for sign-off analysis.


+------------------------------------+
; Slow 1200mV 0C Model Setup Summary ;
+-------+--------+-------------------+
; Clock ; Slack  ; End Point TNS     ;
+-------+--------+-------------------+
; clk   ; -4.180 ; -903.397          ;
+-------+--------+-------------------+


+-----------------------------------+
; Slow 1200mV 0C Model Hold Summary ;
+-------+-------+-------------------+
; Clock ; Slack ; End Point TNS     ;
+-------+-------+-------------------+
; clk   ; 0.337 ; 0.000             ;
+-------+-------+-------------------+


+---------------------------------------+
; Slow 1200mV 0C Model Recovery Summary ;
+-------+--------+----------------------+
; Clock ; Slack  ; End Point TNS        ;
+-------+--------+----------------------+
; clk   ; 16.526 ; 0.000                ;
+-------+--------+----------------------+


+--------------------------------------+
; Slow 1200mV 0C Model Removal Summary ;
+-------+-------+----------------------+
; Clock ; Slack ; End Point TNS        ;
+-------+-------+----------------------+
; clk   ; 1.482 ; 0.000                ;
+-------+-------+----------------------+


+--------------------------------------------------+
; Slow 1200mV 0C Model Minimum Pulse Width Summary ;
+-------+-------+----------------------------------+
; Clock ; Slack ; End Point TNS                    ;
+-------+-------+----------------------------------+
; clk   ; 9.643 ; 0.000                            ;
+-------+-------+----------------------------------+


+------------------------------------------------------------------------------------------------------------------------------------------------------------------------------------------------------------------------------------------------------------+
; Slow 1200mV 0C Model Setup: 'clk'                                                                                                                                                                                                                          ;
+--------+-------------------------------------------------------------------------------------------------------------------+---------------------------------------------------------+--------------+-------------+--------------+------------+------------+
; Slack  ; From Node                                                                                                         ; To Node                                                 ; Launch Clock ; Latch Clock ; Relationship ; Clock Skew ; Data Delay ;
+--------+-------------------------------------------------------------------------------------------------------------------+---------------------------------------------------------+--------------+-------------+--------------+------------+------------+
; -4.180 ; dualport_mem_synch_rw_dualclk:imem|altsyncram:mem_rtl_0|altsyncram_vod2:auto_generated|ram_block1a9~portb_we_reg  ; rv32i_cpu:icpu|datapath:i_datapath|pc_flopr:pcreg|q[13] ; clk          ; clk         ; 20.000       ; -0.418     ; 23.761     ;
; -4.166 ; dualport_mem_synch_rw_dualclk:imem|altsyncram:mem_rtl_0|altsyncram_vod2:auto_generated|ram_block1a9~portb_we_reg  ; rv32i_cpu:icpu|datapath:i_datapath|pc_flopr:pcreg|q[15] ; clk          ; clk         ; 20.000       ; -0.408     ; 23.757     ;
; -4.163 ; dualport_mem_synch_rw_dualclk:imem|altsyncram:mem_rtl_0|altsyncram_vod2:auto_generated|ram_block1a9~portb_we_reg  ; rv32i_cpu:icpu|datapath:i_datapath|PCPlus4_D[2]         ; clk          ; clk         ; 20.000       ; -0.402     ; 23.760     ;
; -4.163 ; dualport_mem_synch_rw_dualclk:imem|altsyncram:mem_rtl_0|altsyncram_vod2:auto_generated|ram_block1a9~portb_we_reg  ; rv32i_cpu:icpu|datapath:i_datapath|PC_D[15]             ; clk          ; clk         ; 20.000       ; -0.402     ; 23.760     ;
; -4.163 ; dualport_mem_synch_rw_dualclk:imem|altsyncram:mem_rtl_0|altsyncram_vod2:auto_generated|ram_block1a9~portb_we_reg  ; rv32i_cpu:icpu|datapath:i_datapath|PCPlus4_D[5]         ; clk          ; clk         ; 20.000       ; -0.402     ; 23.760     ;
; -4.163 ; dualport_mem_synch_rw_dualclk:imem|altsyncram:mem_rtl_0|altsyncram_vod2:auto_generated|ram_block1a9~portb_we_reg  ; rv32i_cpu:icpu|datapath:i_datapath|PCPlus4_D[14]        ; clk          ; clk         ; 20.000       ; -0.402     ; 23.760     ;
; -4.163 ; dualport_mem_synch_rw_dualclk:imem|altsyncram:mem_rtl_0|altsyncram_vod2:auto_generated|ram_block1a9~portb_we_reg  ; rv32i_cpu:icpu|datapath:i_datapath|PCPlus4_D[15]        ; clk          ; clk         ; 20.000       ; -0.402     ; 23.760     ;
; -4.163 ; dualport_mem_synch_rw_dualclk:imem|altsyncram:mem_rtl_0|altsyncram_vod2:auto_generated|ram_block1a9~portb_we_reg  ; rv32i_cpu:icpu|datapath:i_datapath|PCPlus4_D[3]         ; clk          ; clk         ; 20.000       ; -0.402     ; 23.760     ;
; -4.159 ; dualport_mem_synch_rw_dualclk:imem|altsyncram:mem_rtl_0|altsyncram_vod2:auto_generated|ram_block1a9~portb_we_reg  ; rv32i_cpu:icpu|datapath:i_datapath|pc_flopr:pcreg|q[20] ; clk          ; clk         ; 20.000       ; -0.424     ; 23.734     ;
; -4.159 ; dualport_mem_synch_rw_dualclk:imem|altsyncram:mem_rtl_0|altsyncram_vod2:auto_generated|ram_block1a9~portb_we_reg  ; rv32i_cpu:icpu|datapath:i_datapath|pc_flopr:pcreg|q[18] ; clk          ; clk         ; 20.000       ; -0.424     ; 23.734     ;
; -4.159 ; dualport_mem_synch_rw_dualclk:imem|altsyncram:mem_rtl_0|altsyncram_vod2:auto_generated|ram_block1a9~portb_we_reg  ; rv32i_cpu:icpu|datapath:i_datapath|pc_flopr:pcreg|q[6]  ; clk          ; clk         ; 20.000       ; -0.424     ; 23.734     ;
; -4.136 ; dualport_mem_synch_rw_dualclk:imem|altsyncram:mem_rtl_0|altsyncram_vod2:auto_generated|ram_block1a9~portb_we_reg  ; rv32i_cpu:icpu|datapath:i_datapath|rs2_data_E[5]        ; clk          ; clk         ; 20.000       ; -0.405     ; 23.730     ;
; -4.136 ; dualport_mem_synch_rw_dualclk:imem|altsyncram:mem_rtl_0|altsyncram_vod2:auto_generated|ram_block1a9~portb_we_reg  ; rv32i_cpu:icpu|datapath:i_datapath|rs2_data_E[3]        ; clk          ; clk         ; 20.000       ; -0.405     ; 23.730     ;
; -4.133 ; dualport_mem_synch_rw_dualclk:imem|altsyncram:mem_rtl_0|altsyncram_vod2:auto_generated|ram_block1a9~portb_we_reg  ; rv32i_cpu:icpu|datapath:i_datapath|pc_flopr:pcreg|q[21] ; clk          ; clk         ; 20.000       ; -0.406     ; 23.726     ;
; -4.131 ; dualport_mem_synch_rw_dualclk:imem|altsyncram:mem_rtl_0|altsyncram_vod2:auto_generated|ram_block1a9~portb_we_reg  ; rv32i_cpu:icpu|datapath:i_datapath|pc_flopr:pcreg|q[23] ; clk          ; clk         ; 20.000       ; -0.418     ; 23.712     ;
; -4.131 ; dualport_mem_synch_rw_dualclk:imem|altsyncram:mem_rtl_0|altsyncram_vod2:auto_generated|ram_block1a9~portb_we_reg  ; rv32i_cpu:icpu|datapath:i_datapath|rs2_data_E[8]        ; clk          ; clk         ; 20.000       ; -0.394     ; 23.736     ;
; -4.131 ; dualport_mem_synch_rw_dualclk:imem|altsyncram:mem_rtl_0|altsyncram_vod2:auto_generated|ram_block1a9~portb_we_reg  ; rv32i_cpu:icpu|datapath:i_datapath|rs2_data_E[6]        ; clk          ; clk         ; 20.000       ; -0.394     ; 23.736     ;
; -4.080 ; dualport_mem_synch_rw_dualclk:imem|altsyncram:mem_rtl_0|altsyncram_vod2:auto_generated|ram_block1a9~portb_we_reg  ; rv32i_cpu:icpu|datapath:i_datapath|pc_flopr:pcreg|q[7]  ; clk          ; clk         ; 20.000       ; -0.412     ; 23.667     ;
; -4.080 ; dualport_mem_synch_rw_dualclk:imem|altsyncram:mem_rtl_0|altsyncram_vod2:auto_generated|ram_block1a9~portb_we_reg  ; rv32i_cpu:icpu|datapath:i_datapath|pc_flopr:pcreg|q[31] ; clk          ; clk         ; 20.000       ; -0.412     ; 23.667     ;
; -4.080 ; dualport_mem_synch_rw_dualclk:imem|altsyncram:mem_rtl_0|altsyncram_vod2:auto_generated|ram_block1a9~portb_we_reg  ; rv32i_cpu:icpu|datapath:i_datapath|pc_flopr:pcreg|q[9]  ; clk          ; clk         ; 20.000       ; -0.412     ; 23.667     ;
; -4.080 ; dualport_mem_synch_rw_dualclk:imem|altsyncram:mem_rtl_0|altsyncram_vod2:auto_generated|ram_block1a9~portb_we_reg  ; rv32i_cpu:icpu|datapath:i_datapath|pc_flopr:pcreg|q[17] ; clk          ; clk         ; 20.000       ; -0.412     ; 23.667     ;
; -4.080 ; dualport_mem_synch_rw_dualclk:imem|altsyncram:mem_rtl_0|altsyncram_vod2:auto_generated|ram_block1a9~portb_we_reg  ; rv32i_cpu:icpu|datapath:i_datapath|pc_flopr:pcreg|q[8]  ; clk          ; clk         ; 20.000       ; -0.412     ; 23.667     ;
; -4.080 ; dualport_mem_synch_rw_dualclk:imem|altsyncram:mem_rtl_0|altsyncram_vod2:auto_generated|ram_block1a9~portb_we_reg  ; rv32i_cpu:icpu|datapath:i_datapath|pc_flopr:pcreg|q[4]  ; clk          ; clk         ; 20.000       ; -0.412     ; 23.667     ;
; -3.988 ; dualport_mem_synch_rw_dualclk:imem|altsyncram:mem_rtl_0|altsyncram_vod2:auto_generated|ram_block1a8~portb_we_reg  ; rv32i_cpu:icpu|datapath:i_datapath|pc_flopr:pcreg|q[13] ; clk          ; clk         ; 20.000       ; -0.454     ; 23.533     ;
; -3.974 ; dualport_mem_synch_rw_dualclk:imem|altsyncram:mem_rtl_0|altsyncram_vod2:auto_generated|ram_block1a8~portb_we_reg  ; rv32i_cpu:icpu|datapath:i_datapath|pc_flopr:pcreg|q[15] ; clk          ; clk         ; 20.000       ; -0.444     ; 23.529     ;
; -3.971 ; dualport_mem_synch_rw_dualclk:imem|altsyncram:mem_rtl_0|altsyncram_vod2:auto_generated|ram_block1a8~portb_we_reg  ; rv32i_cpu:icpu|datapath:i_datapath|PCPlus4_D[2]         ; clk          ; clk         ; 20.000       ; -0.438     ; 23.532     ;
; -3.971 ; dualport_mem_synch_rw_dualclk:imem|altsyncram:mem_rtl_0|altsyncram_vod2:auto_generated|ram_block1a8~portb_we_reg  ; rv32i_cpu:icpu|datapath:i_datapath|PC_D[15]             ; clk          ; clk         ; 20.000       ; -0.438     ; 23.532     ;
; -3.971 ; dualport_mem_synch_rw_dualclk:imem|altsyncram:mem_rtl_0|altsyncram_vod2:auto_generated|ram_block1a8~portb_we_reg  ; rv32i_cpu:icpu|datapath:i_datapath|PCPlus4_D[5]         ; clk          ; clk         ; 20.000       ; -0.438     ; 23.532     ;
; -3.971 ; dualport_mem_synch_rw_dualclk:imem|altsyncram:mem_rtl_0|altsyncram_vod2:auto_generated|ram_block1a8~portb_we_reg  ; rv32i_cpu:icpu|datapath:i_datapath|PCPlus4_D[14]        ; clk          ; clk         ; 20.000       ; -0.438     ; 23.532     ;
; -3.971 ; dualport_mem_synch_rw_dualclk:imem|altsyncram:mem_rtl_0|altsyncram_vod2:auto_generated|ram_block1a8~portb_we_reg  ; rv32i_cpu:icpu|datapath:i_datapath|PCPlus4_D[15]        ; clk          ; clk         ; 20.000       ; -0.438     ; 23.532     ;
; -3.971 ; dualport_mem_synch_rw_dualclk:imem|altsyncram:mem_rtl_0|altsyncram_vod2:auto_generated|ram_block1a8~portb_we_reg  ; rv32i_cpu:icpu|datapath:i_datapath|PCPlus4_D[3]         ; clk          ; clk         ; 20.000       ; -0.438     ; 23.532     ;
; -3.970 ; dualport_mem_synch_rw_dualclk:imem|altsyncram:mem_rtl_0|altsyncram_vod2:auto_generated|ram_block1a16~portb_we_reg ; rv32i_cpu:icpu|datapath:i_datapath|pc_flopr:pcreg|q[13] ; clk          ; clk         ; 20.000       ; -0.433     ; 23.536     ;
; -3.967 ; dualport_mem_synch_rw_dualclk:imem|altsyncram:mem_rtl_0|altsyncram_vod2:auto_generated|ram_block1a8~portb_we_reg  ; rv32i_cpu:icpu|datapath:i_datapath|pc_flopr:pcreg|q[6]  ; clk          ; clk         ; 20.000       ; -0.460     ; 23.506     ;
; -3.967 ; dualport_mem_synch_rw_dualclk:imem|altsyncram:mem_rtl_0|altsyncram_vod2:auto_generated|ram_block1a8~portb_we_reg  ; rv32i_cpu:icpu|datapath:i_datapath|pc_flopr:pcreg|q[20] ; clk          ; clk         ; 20.000       ; -0.460     ; 23.506     ;
; -3.967 ; dualport_mem_synch_rw_dualclk:imem|altsyncram:mem_rtl_0|altsyncram_vod2:auto_generated|ram_block1a8~portb_we_reg  ; rv32i_cpu:icpu|datapath:i_datapath|pc_flopr:pcreg|q[18] ; clk          ; clk         ; 20.000       ; -0.460     ; 23.506     ;
; -3.962 ; dualport_mem_synch_rw_dualclk:imem|altsyncram:mem_rtl_0|altsyncram_vod2:auto_generated|ram_block1a1~portb_we_reg  ; rv32i_cpu:icpu|datapath:i_datapath|pc_flopr:pcreg|q[13] ; clk          ; clk         ; 20.000       ; -0.428     ; 23.533     ;
; -3.949 ; dualport_mem_synch_rw_dualclk:imem|altsyncram:mem_rtl_0|altsyncram_vod2:auto_generated|ram_block1a16~portb_we_reg ; rv32i_cpu:icpu|datapath:i_datapath|pc_flopr:pcreg|q[6]  ; clk          ; clk         ; 20.000       ; -0.439     ; 23.509     ;
; -3.949 ; dualport_mem_synch_rw_dualclk:imem|altsyncram:mem_rtl_0|altsyncram_vod2:auto_generated|ram_block1a16~portb_we_reg ; rv32i_cpu:icpu|datapath:i_datapath|pc_flopr:pcreg|q[20] ; clk          ; clk         ; 20.000       ; -0.439     ; 23.509     ;
; -3.949 ; dualport_mem_synch_rw_dualclk:imem|altsyncram:mem_rtl_0|altsyncram_vod2:auto_generated|ram_block1a16~portb_we_reg ; rv32i_cpu:icpu|datapath:i_datapath|pc_flopr:pcreg|q[18] ; clk          ; clk         ; 20.000       ; -0.439     ; 23.509     ;
; -3.948 ; dualport_mem_synch_rw_dualclk:imem|altsyncram:mem_rtl_0|altsyncram_vod2:auto_generated|ram_block1a1~portb_we_reg  ; rv32i_cpu:icpu|datapath:i_datapath|pc_flopr:pcreg|q[15] ; clk          ; clk         ; 20.000       ; -0.418     ; 23.529     ;
; -3.945 ; dualport_mem_synch_rw_dualclk:imem|altsyncram:mem_rtl_0|altsyncram_vod2:auto_generated|ram_block1a1~portb_we_reg  ; rv32i_cpu:icpu|datapath:i_datapath|PCPlus4_D[2]         ; clk          ; clk         ; 20.000       ; -0.412     ; 23.532     ;
; -3.945 ; dualport_mem_synch_rw_dualclk:imem|altsyncram:mem_rtl_0|altsyncram_vod2:auto_generated|ram_block1a1~portb_we_reg  ; rv32i_cpu:icpu|datapath:i_datapath|PC_D[15]             ; clk          ; clk         ; 20.000       ; -0.412     ; 23.532     ;
; -3.945 ; dualport_mem_synch_rw_dualclk:imem|altsyncram:mem_rtl_0|altsyncram_vod2:auto_generated|ram_block1a1~portb_we_reg  ; rv32i_cpu:icpu|datapath:i_datapath|PCPlus4_D[5]         ; clk          ; clk         ; 20.000       ; -0.412     ; 23.532     ;
; -3.945 ; dualport_mem_synch_rw_dualclk:imem|altsyncram:mem_rtl_0|altsyncram_vod2:auto_generated|ram_block1a1~portb_we_reg  ; rv32i_cpu:icpu|datapath:i_datapath|PCPlus4_D[14]        ; clk          ; clk         ; 20.000       ; -0.412     ; 23.532     ;
; -3.945 ; dualport_mem_synch_rw_dualclk:imem|altsyncram:mem_rtl_0|altsyncram_vod2:auto_generated|ram_block1a1~portb_we_reg  ; rv32i_cpu:icpu|datapath:i_datapath|PCPlus4_D[15]        ; clk          ; clk         ; 20.000       ; -0.412     ; 23.532     ;
; -3.945 ; dualport_mem_synch_rw_dualclk:imem|altsyncram:mem_rtl_0|altsyncram_vod2:auto_generated|ram_block1a1~portb_we_reg  ; rv32i_cpu:icpu|datapath:i_datapath|PCPlus4_D[3]         ; clk          ; clk         ; 20.000       ; -0.412     ; 23.532     ;
; -3.944 ; dualport_mem_synch_rw_dualclk:imem|altsyncram:mem_rtl_0|altsyncram_vod2:auto_generated|ram_block1a8~portb_we_reg  ; rv32i_cpu:icpu|datapath:i_datapath|rs2_data_E[5]        ; clk          ; clk         ; 20.000       ; -0.441     ; 23.502     ;
; -3.944 ; dualport_mem_synch_rw_dualclk:imem|altsyncram:mem_rtl_0|altsyncram_vod2:auto_generated|ram_block1a8~portb_we_reg  ; rv32i_cpu:icpu|datapath:i_datapath|rs2_data_E[3]        ; clk          ; clk         ; 20.000       ; -0.441     ; 23.502     ;
; -3.941 ; dualport_mem_synch_rw_dualclk:imem|altsyncram:mem_rtl_0|altsyncram_vod2:auto_generated|ram_block1a1~portb_we_reg  ; rv32i_cpu:icpu|datapath:i_datapath|pc_flopr:pcreg|q[20] ; clk          ; clk         ; 20.000       ; -0.434     ; 23.506     ;
; -3.941 ; dualport_mem_synch_rw_dualclk:imem|altsyncram:mem_rtl_0|altsyncram_vod2:auto_generated|ram_block1a1~portb_we_reg  ; rv32i_cpu:icpu|datapath:i_datapath|pc_flopr:pcreg|q[18] ; clk          ; clk         ; 20.000       ; -0.434     ; 23.506     ;
; -3.941 ; dualport_mem_synch_rw_dualclk:imem|altsyncram:mem_rtl_0|altsyncram_vod2:auto_generated|ram_block1a1~portb_we_reg  ; rv32i_cpu:icpu|datapath:i_datapath|pc_flopr:pcreg|q[6]  ; clk          ; clk         ; 20.000       ; -0.434     ; 23.506     ;
; -3.941 ; dualport_mem_synch_rw_dualclk:imem|altsyncram:mem_rtl_0|altsyncram_vod2:auto_generated|ram_block1a8~portb_we_reg  ; rv32i_cpu:icpu|datapath:i_datapath|pc_flopr:pcreg|q[21] ; clk          ; clk         ; 20.000       ; -0.442     ; 23.498     ;
; -3.939 ; dualport_mem_synch_rw_dualclk:imem|altsyncram:mem_rtl_0|altsyncram_vod2:auto_generated|ram_block1a8~portb_we_reg  ; rv32i_cpu:icpu|datapath:i_datapath|pc_flopr:pcreg|q[23] ; clk          ; clk         ; 20.000       ; -0.454     ; 23.484     ;
; -3.939 ; dualport_mem_synch_rw_dualclk:imem|altsyncram:mem_rtl_0|altsyncram_vod2:auto_generated|ram_block1a8~portb_we_reg  ; rv32i_cpu:icpu|datapath:i_datapath|rs2_data_E[8]        ; clk          ; clk         ; 20.000       ; -0.430     ; 23.508     ;
; -3.939 ; dualport_mem_synch_rw_dualclk:imem|altsyncram:mem_rtl_0|altsyncram_vod2:auto_generated|ram_block1a8~portb_we_reg  ; rv32i_cpu:icpu|datapath:i_datapath|rs2_data_E[6]        ; clk          ; clk         ; 20.000       ; -0.430     ; 23.508     ;
; -3.935 ; dualport_mem_synch_rw_dualclk:imem|altsyncram:mem_rtl_0|altsyncram_vod2:auto_generated|ram_block1a16~portb_we_reg ; rv32i_cpu:icpu|datapath:i_datapath|pc_flopr:pcreg|q[15] ; clk          ; clk         ; 20.000       ; -0.402     ; 23.532     ;
; -3.932 ; dualport_mem_synch_rw_dualclk:imem|altsyncram:mem_rtl_0|altsyncram_vod2:auto_generated|ram_block1a16~portb_we_reg ; rv32i_cpu:icpu|datapath:i_datapath|PCPlus4_D[2]         ; clk          ; clk         ; 20.000       ; -0.396     ; 23.535     ;
; -3.932 ; dualport_mem_synch_rw_dualclk:imem|altsyncram:mem_rtl_0|altsyncram_vod2:auto_generated|ram_block1a16~portb_we_reg ; rv32i_cpu:icpu|datapath:i_datapath|PC_D[15]             ; clk          ; clk         ; 20.000       ; -0.396     ; 23.535     ;
; -3.932 ; dualport_mem_synch_rw_dualclk:imem|altsyncram:mem_rtl_0|altsyncram_vod2:auto_generated|ram_block1a16~portb_we_reg ; rv32i_cpu:icpu|datapath:i_datapath|PCPlus4_D[5]         ; clk          ; clk         ; 20.000       ; -0.396     ; 23.535     ;
; -3.932 ; dualport_mem_synch_rw_dualclk:imem|altsyncram:mem_rtl_0|altsyncram_vod2:auto_generated|ram_block1a16~portb_we_reg ; rv32i_cpu:icpu|datapath:i_datapath|PCPlus4_D[14]        ; clk          ; clk         ; 20.000       ; -0.396     ; 23.535     ;
; -3.932 ; dualport_mem_synch_rw_dualclk:imem|altsyncram:mem_rtl_0|altsyncram_vod2:auto_generated|ram_block1a16~portb_we_reg ; rv32i_cpu:icpu|datapath:i_datapath|PCPlus4_D[15]        ; clk          ; clk         ; 20.000       ; -0.396     ; 23.535     ;
; -3.932 ; dualport_mem_synch_rw_dualclk:imem|altsyncram:mem_rtl_0|altsyncram_vod2:auto_generated|ram_block1a16~portb_we_reg ; rv32i_cpu:icpu|datapath:i_datapath|PCPlus4_D[3]         ; clk          ; clk         ; 20.000       ; -0.396     ; 23.535     ;
; -3.927 ; dualport_mem_synch_rw_dualclk:imem|altsyncram:mem_rtl_0|altsyncram_vod2:auto_generated|ram_block1a9~portb_we_reg  ; rv32i_cpu:icpu|datapath:i_datapath|rs1_data_E[23]       ; clk          ; clk         ; 20.000       ; -0.417     ; 23.509     ;
; -3.921 ; dualport_mem_synch_rw_dualclk:imem|altsyncram:mem_rtl_0|altsyncram_vod2:auto_generated|ram_block1a16~portb_we_reg ; rv32i_cpu:icpu|datapath:i_datapath|pc_flopr:pcreg|q[23] ; clk          ; clk         ; 20.000       ; -0.433     ; 23.487     ;
; -3.919 ; dualport_mem_synch_rw_dualclk:imem|altsyncram:mem_rtl_0|altsyncram_vod2:auto_generated|ram_block1a17~portb_we_reg ; rv32i_cpu:icpu|datapath:i_datapath|pc_flopr:pcreg|q[15] ; clk          ; clk         ; 20.000       ; -0.396     ; 23.522     ;
; -3.918 ; dualport_mem_synch_rw_dualclk:imem|altsyncram:mem_rtl_0|altsyncram_vod2:auto_generated|ram_block1a1~portb_we_reg  ; rv32i_cpu:icpu|datapath:i_datapath|rs2_data_E[5]        ; clk          ; clk         ; 20.000       ; -0.415     ; 23.502     ;
; -3.918 ; dualport_mem_synch_rw_dualclk:imem|altsyncram:mem_rtl_0|altsyncram_vod2:auto_generated|ram_block1a1~portb_we_reg  ; rv32i_cpu:icpu|datapath:i_datapath|rs2_data_E[3]        ; clk          ; clk         ; 20.000       ; -0.415     ; 23.502     ;
; -3.916 ; dualport_mem_synch_rw_dualclk:imem|altsyncram:mem_rtl_0|altsyncram_vod2:auto_generated|ram_block1a17~portb_we_reg ; rv32i_cpu:icpu|datapath:i_datapath|PCPlus4_D[2]         ; clk          ; clk         ; 20.000       ; -0.390     ; 23.525     ;
; -3.916 ; dualport_mem_synch_rw_dualclk:imem|altsyncram:mem_rtl_0|altsyncram_vod2:auto_generated|ram_block1a17~portb_we_reg ; rv32i_cpu:icpu|datapath:i_datapath|PC_D[15]             ; clk          ; clk         ; 20.000       ; -0.390     ; 23.525     ;
; -3.916 ; dualport_mem_synch_rw_dualclk:imem|altsyncram:mem_rtl_0|altsyncram_vod2:auto_generated|ram_block1a17~portb_we_reg ; rv32i_cpu:icpu|datapath:i_datapath|PCPlus4_D[5]         ; clk          ; clk         ; 20.000       ; -0.390     ; 23.525     ;
; -3.916 ; dualport_mem_synch_rw_dualclk:imem|altsyncram:mem_rtl_0|altsyncram_vod2:auto_generated|ram_block1a17~portb_we_reg ; rv32i_cpu:icpu|datapath:i_datapath|PCPlus4_D[14]        ; clk          ; clk         ; 20.000       ; -0.390     ; 23.525     ;
; -3.916 ; dualport_mem_synch_rw_dualclk:imem|altsyncram:mem_rtl_0|altsyncram_vod2:auto_generated|ram_block1a17~portb_we_reg ; rv32i_cpu:icpu|datapath:i_datapath|PCPlus4_D[15]        ; clk          ; clk         ; 20.000       ; -0.390     ; 23.525     ;
; -3.916 ; dualport_mem_synch_rw_dualclk:imem|altsyncram:mem_rtl_0|altsyncram_vod2:auto_generated|ram_block1a17~portb_we_reg ; rv32i_cpu:icpu|datapath:i_datapath|PCPlus4_D[3]         ; clk          ; clk         ; 20.000       ; -0.390     ; 23.525     ;
; -3.915 ; dualport_mem_synch_rw_dualclk:imem|altsyncram:mem_rtl_0|altsyncram_vod2:auto_generated|ram_block1a1~portb_we_reg  ; rv32i_cpu:icpu|datapath:i_datapath|pc_flopr:pcreg|q[21] ; clk          ; clk         ; 20.000       ; -0.416     ; 23.498     ;
; -3.914 ; dualport_mem_synch_rw_dualclk:imem|altsyncram:mem_rtl_0|altsyncram_vod2:auto_generated|ram_block1a9~portb_we_reg  ; rv32i_cpu:icpu|datapath:i_datapath|rs1_data_E[15]       ; clk          ; clk         ; 20.000       ; -0.408     ; 23.505     ;
; -3.914 ; dualport_mem_synch_rw_dualclk:imem|altsyncram:mem_rtl_0|altsyncram_vod2:auto_generated|ram_block1a9~portb_we_reg  ; rv32i_cpu:icpu|datapath:i_datapath|rs1_data_E[25]       ; clk          ; clk         ; 20.000       ; -0.408     ; 23.505     ;
; -3.914 ; dualport_mem_synch_rw_dualclk:imem|altsyncram:mem_rtl_0|altsyncram_vod2:auto_generated|ram_block1a9~portb_we_reg  ; rv32i_cpu:icpu|datapath:i_datapath|rs1_data_E[22]       ; clk          ; clk         ; 20.000       ; -0.408     ; 23.505     ;
; -3.914 ; dualport_mem_synch_rw_dualclk:imem|altsyncram:mem_rtl_0|altsyncram_vod2:auto_generated|ram_block1a9~portb_we_reg  ; rv32i_cpu:icpu|datapath:i_datapath|rs1_data_E[16]       ; clk          ; clk         ; 20.000       ; -0.408     ; 23.505     ;
; -3.914 ; dualport_mem_synch_rw_dualclk:imem|altsyncram:mem_rtl_0|altsyncram_vod2:auto_generated|ram_block1a9~portb_we_reg  ; rv32i_cpu:icpu|datapath:i_datapath|rs1_data_E[17]       ; clk          ; clk         ; 20.000       ; -0.408     ; 23.505     ;
; -3.913 ; dualport_mem_synch_rw_dualclk:imem|altsyncram:mem_rtl_0|altsyncram_vod2:auto_generated|ram_block1a1~portb_we_reg  ; rv32i_cpu:icpu|datapath:i_datapath|pc_flopr:pcreg|q[23] ; clk          ; clk         ; 20.000       ; -0.428     ; 23.484     ;
; -3.913 ; dualport_mem_synch_rw_dualclk:imem|altsyncram:mem_rtl_0|altsyncram_vod2:auto_generated|ram_block1a1~portb_we_reg  ; rv32i_cpu:icpu|datapath:i_datapath|rs2_data_E[8]        ; clk          ; clk         ; 20.000       ; -0.404     ; 23.508     ;
; -3.913 ; dualport_mem_synch_rw_dualclk:imem|altsyncram:mem_rtl_0|altsyncram_vod2:auto_generated|ram_block1a1~portb_we_reg  ; rv32i_cpu:icpu|datapath:i_datapath|rs2_data_E[6]        ; clk          ; clk         ; 20.000       ; -0.404     ; 23.508     ;
; -3.912 ; dualport_mem_synch_rw_dualclk:imem|altsyncram:mem_rtl_0|altsyncram_vod2:auto_generated|ram_block1a17~portb_we_reg ; rv32i_cpu:icpu|datapath:i_datapath|pc_flopr:pcreg|q[13] ; clk          ; clk         ; 20.000       ; -0.385     ; 23.526     ;
; -3.912 ; dualport_mem_synch_rw_dualclk:imem|altsyncram:mem_rtl_0|altsyncram_vod2:auto_generated|ram_block1a9~portb_we_reg  ; rv32i_cpu:icpu|datapath:i_datapath|PC_D[20]             ; clk          ; clk         ; 20.000       ; -0.424     ; 23.487     ;
; -3.912 ; dualport_mem_synch_rw_dualclk:imem|altsyncram:mem_rtl_0|altsyncram_vod2:auto_generated|ram_block1a9~portb_we_reg  ; rv32i_cpu:icpu|datapath:i_datapath|PC_D[18]             ; clk          ; clk         ; 20.000       ; -0.424     ; 23.487     ;
; -3.912 ; dualport_mem_synch_rw_dualclk:imem|altsyncram:mem_rtl_0|altsyncram_vod2:auto_generated|ram_block1a9~portb_we_reg  ; rv32i_cpu:icpu|datapath:i_datapath|PCPlus4_D[6]         ; clk          ; clk         ; 20.000       ; -0.424     ; 23.487     ;
; -3.912 ; dualport_mem_synch_rw_dualclk:imem|altsyncram:mem_rtl_0|altsyncram_vod2:auto_generated|ram_block1a9~portb_we_reg  ; rv32i_cpu:icpu|datapath:i_datapath|PCPlus4_D[8]         ; clk          ; clk         ; 20.000       ; -0.424     ; 23.487     ;
; -3.912 ; dualport_mem_synch_rw_dualclk:imem|altsyncram:mem_rtl_0|altsyncram_vod2:auto_generated|ram_block1a9~portb_we_reg  ; rv32i_cpu:icpu|datapath:i_datapath|PCPlus4_D[18]        ; clk          ; clk         ; 20.000       ; -0.424     ; 23.487     ;
; -3.912 ; dualport_mem_synch_rw_dualclk:imem|altsyncram:mem_rtl_0|altsyncram_vod2:auto_generated|ram_block1a9~portb_we_reg  ; rv32i_cpu:icpu|datapath:i_datapath|PCPlus4_D[20]        ; clk          ; clk         ; 20.000       ; -0.424     ; 23.487     ;
; -3.907 ; dualport_mem_synch_rw_dualclk:imem|altsyncram:mem_rtl_0|altsyncram_vod2:auto_generated|ram_block1a9~portb_we_reg  ; rv32i_cpu:icpu|datapath:i_datapath|rs1_data_E[20]       ; clk          ; clk         ; 20.000       ; -0.395     ; 23.511     ;
; -3.907 ; dualport_mem_synch_rw_dualclk:imem|altsyncram:mem_rtl_0|altsyncram_vod2:auto_generated|ram_block1a9~portb_we_reg  ; rv32i_cpu:icpu|datapath:i_datapath|rs1_data_E[27]       ; clk          ; clk         ; 20.000       ; -0.395     ; 23.511     ;
; -3.907 ; dualport_mem_synch_rw_dualclk:imem|altsyncram:mem_rtl_0|altsyncram_vod2:auto_generated|ram_block1a9~portb_we_reg  ; rv32i_cpu:icpu|datapath:i_datapath|rs1_data_E[5]        ; clk          ; clk         ; 20.000       ; -0.395     ; 23.511     ;
; -3.907 ; dualport_mem_synch_rw_dualclk:imem|altsyncram:mem_rtl_0|altsyncram_vod2:auto_generated|ram_block1a9~portb_we_reg  ; rv32i_cpu:icpu|datapath:i_datapath|rs1_data_E[24]       ; clk          ; clk         ; 20.000       ; -0.395     ; 23.511     ;
; -3.907 ; dualport_mem_synch_rw_dualclk:imem|altsyncram:mem_rtl_0|altsyncram_vod2:auto_generated|ram_block1a9~portb_we_reg  ; rv32i_cpu:icpu|datapath:i_datapath|rs1_data_E[10]       ; clk          ; clk         ; 20.000       ; -0.395     ; 23.511     ;
; -3.907 ; dualport_mem_synch_rw_dualclk:imem|altsyncram:mem_rtl_0|altsyncram_vod2:auto_generated|ram_block1a9~portb_we_reg  ; rv32i_cpu:icpu|datapath:i_datapath|rs1_data_E[28]       ; clk          ; clk         ; 20.000       ; -0.395     ; 23.511     ;
; -3.906 ; dualport_mem_synch_rw_dualclk:imem|altsyncram:mem_rtl_0|altsyncram_vod2:auto_generated|ram_block1a9~portb_we_reg  ; rv32i_cpu:icpu|datapath:i_datapath|rs2_data_E[17]       ; clk          ; clk         ; 20.000       ; -0.408     ; 23.497     ;
; -3.905 ; dualport_mem_synch_rw_dualclk:imem|altsyncram:mem_rtl_0|altsyncram_vod2:auto_generated|ram_block1a16~portb_we_reg ; rv32i_cpu:icpu|datapath:i_datapath|rs2_data_E[5]        ; clk          ; clk         ; 20.000       ; -0.399     ; 23.505     ;
; -3.905 ; dualport_mem_synch_rw_dualclk:imem|altsyncram:mem_rtl_0|altsyncram_vod2:auto_generated|ram_block1a16~portb_we_reg ; rv32i_cpu:icpu|datapath:i_datapath|rs2_data_E[3]        ; clk          ; clk         ; 20.000       ; -0.399     ; 23.505     ;
; -3.902 ; dualport_mem_synch_rw_dualclk:imem|altsyncram:mem_rtl_0|altsyncram_vod2:auto_generated|ram_block1a9~portb_we_reg  ; rv32i_cpu:icpu|datapath:i_datapath|pc_flopr:pcreg|q[27] ; clk          ; clk         ; 20.000       ; -0.413     ; 23.488     ;
; -3.902 ; dualport_mem_synch_rw_dualclk:imem|altsyncram:mem_rtl_0|altsyncram_vod2:auto_generated|ram_block1a16~portb_we_reg ; rv32i_cpu:icpu|datapath:i_datapath|pc_flopr:pcreg|q[21] ; clk          ; clk         ; 20.000       ; -0.400     ; 23.501     ;
+--------+-------------------------------------------------------------------------------------------------------------------+---------------------------------------------------------+--------------+-------------+--------------+------------+------------+


+---------------------------------------------------------------------------------------------------------------------------------------------------------------------------------------------------------------------------------------------------------------------------------------------------------------------------------------------------+
; Slow 1200mV 0C Model Hold: 'clk'                                                                                                                                                                                                                                                                                                                  ;
+-------+----------------------------------------------------------------------------------------------------------------------------------+----------------------------------------------------------------------------------------------------------------------------------+--------------+-------------+--------------+------------+------------+
; Slack ; From Node                                                                                                                        ; To Node                                                                                                                          ; Launch Clock ; Latch Clock ; Relationship ; Clock Skew ; Data Delay ;
+-------+----------------------------------------------------------------------------------------------------------------------------------+----------------------------------------------------------------------------------------------------------------------------------+--------------+-------------+--------------+------------+------------+
; 0.337 ; rv32i_cpu:icpu|datapath:i_datapath|pc_flopr:pcreg|q[1]                                                                           ; rv32i_cpu:icpu|datapath:i_datapath|pc_flopr:pcreg|q[1]                                                                           ; clk          ; clk         ; 0.000        ; 0.089      ; 0.597      ;
; 0.339 ; rv32i_cpu:icpu|datapath:i_datapath|pc_flopr:pcreg|q[0]                                                                           ; rv32i_cpu:icpu|datapath:i_datapath|pc_flopr:pcreg|q[0]                                                                           ; clk          ; clk         ; 0.000        ; 0.087      ; 0.597      ;
; 0.351 ; rv32i_cpu:icpu|datapath:i_datapath|pc_flopr:pcreg|q[3]                                                                           ; dualport_mem_synch_rw_dualclk:imem|altsyncram:mem_rtl_0|altsyncram_vod2:auto_generated|ram_block1a16~porta_address_reg0          ; clk          ; clk         ; 0.000        ; 0.396      ; 0.948      ;
; 0.352 ; GPIO:iGPIO|SW_StatusR[2]                                                                                                         ; GPIO:iGPIO|SW_StatusR[2]                                                                                                         ; clk          ; clk         ; 0.000        ; 0.074      ; 0.597      ;
; 0.352 ; GPIO:iGPIO|BUTTON_StatusR[2]                                                                                                     ; GPIO:iGPIO|BUTTON_StatusR[2]                                                                                                     ; clk          ; clk         ; 0.000        ; 0.074      ; 0.597      ;
; 0.352 ; GPIO:iGPIO|BUTTON_StatusR[1]                                                                                                     ; GPIO:iGPIO|BUTTON_StatusR[1]                                                                                                     ; clk          ; clk         ; 0.000        ; 0.074      ; 0.597      ;
; 0.352 ; GPIO:iGPIO|SW_StatusR[1]                                                                                                         ; GPIO:iGPIO|SW_StatusR[1]                                                                                                         ; clk          ; clk         ; 0.000        ; 0.074      ; 0.597      ;
; 0.352 ; GPIO:iGPIO|SW_StatusR[9]                                                                                                         ; GPIO:iGPIO|SW_StatusR[9]                                                                                                         ; clk          ; clk         ; 0.000        ; 0.074      ; 0.597      ;
; 0.352 ; GPIO:iGPIO|SW_StatusR[0]                                                                                                         ; GPIO:iGPIO|SW_StatusR[0]                                                                                                         ; clk          ; clk         ; 0.000        ; 0.074      ; 0.597      ;
; 0.352 ; GPIO:iGPIO|SW_StatusR[8]                                                                                                         ; GPIO:iGPIO|SW_StatusR[8]                                                                                                         ; clk          ; clk         ; 0.000        ; 0.074      ; 0.597      ;
; 0.352 ; GPIO:iGPIO|SW_StatusR[7]                                                                                                         ; GPIO:iGPIO|SW_StatusR[7]                                                                                                         ; clk          ; clk         ; 0.000        ; 0.074      ; 0.597      ;
; 0.352 ; GPIO:iGPIO|SW_StatusR[3]                                                                                                         ; GPIO:iGPIO|SW_StatusR[3]                                                                                                         ; clk          ; clk         ; 0.000        ; 0.074      ; 0.597      ;
; 0.352 ; GPIO:iGPIO|SW_StatusR[5]                                                                                                         ; GPIO:iGPIO|SW_StatusR[5]                                                                                                         ; clk          ; clk         ; 0.000        ; 0.074      ; 0.597      ;
; 0.352 ; GPIO:iGPIO|SW_StatusR[6]                                                                                                         ; GPIO:iGPIO|SW_StatusR[6]                                                                                                         ; clk          ; clk         ; 0.000        ; 0.074      ; 0.597      ;
; 0.352 ; GPIO:iGPIO|SW_StatusR[4]                                                                                                         ; GPIO:iGPIO|SW_StatusR[4]                                                                                                         ; clk          ; clk         ; 0.000        ; 0.074      ; 0.597      ;
; 0.353 ; uart_wrap:iuart_wrap|uart:u_uart|uart_transmitter:uatransmit|bit_counter[3]                                                      ; uart_wrap:iuart_wrap|uart:u_uart|uart_transmitter:uatransmit|bit_counter[3]                                                      ; clk          ; clk         ; 0.000        ; 0.073      ; 0.597      ;
; 0.353 ; uart_wrap:iuart_wrap|uart:u_uart|uart_transmitter:uatransmit|bit_counter[1]                                                      ; uart_wrap:iuart_wrap|uart:u_uart|uart_transmitter:uatransmit|bit_counter[1]                                                      ; clk          ; clk         ; 0.000        ; 0.073      ; 0.597      ;
; 0.354 ; uart_wrap:iuart_wrap|uart:u_uart|uart_transmitter:uatransmit|bit_counter[0]                                                      ; uart_wrap:iuart_wrap|uart:u_uart|uart_transmitter:uatransmit|bit_counter[0]                                                      ; clk          ; clk         ; 0.000        ; 0.072      ; 0.597      ;
; 0.354 ; TimerCounter:iTimer|StatusR[0]                                                                                                   ; TimerCounter:iTimer|StatusR[0]                                                                                                   ; clk          ; clk         ; 0.000        ; 0.072      ; 0.597      ;
; 0.354 ; uart_wrap:iuart_wrap|uart:u_uart|uart_receiver:uareceive|has_byte                                                                ; uart_wrap:iuart_wrap|uart:u_uart|uart_receiver:uareceive|has_byte                                                                ; clk          ; clk         ; 0.000        ; 0.072      ; 0.597      ;
; 0.354 ; uart_wrap:iuart_wrap|uart:u_uart|uart_receiver:uareceive|bit_counter[0]                                                          ; uart_wrap:iuart_wrap|uart:u_uart|uart_receiver:uareceive|bit_counter[0]                                                          ; clk          ; clk         ; 0.000        ; 0.072      ; 0.597      ;
; 0.354 ; rv32i_cpu:icpu|datapath:i_datapath|altshift_taps:PCPlus4_E_rtl_0|shift_taps_bkm:auto_generated|cntr_6pf:cntr1|counter_reg_bit[0] ; rv32i_cpu:icpu|datapath:i_datapath|altshift_taps:PCPlus4_E_rtl_0|shift_taps_bkm:auto_generated|cntr_6pf:cntr1|counter_reg_bit[0] ; clk          ; clk         ; 0.000        ; 0.072      ; 0.597      ;
; 0.365 ; rv32i_cpu:icpu|datapath:i_datapath|altshift_taps:PCPlus4_E_rtl_0|shift_taps_bkm:auto_generated|cntr_6pf:cntr1|counter_reg_bit[1] ; rv32i_cpu:icpu|datapath:i_datapath|altshift_taps:PCPlus4_E_rtl_0|shift_taps_bkm:auto_generated|cntr_6pf:cntr1|counter_reg_bit[1] ; clk          ; clk         ; 0.000        ; 0.072      ; 0.608      ;
; 0.375 ; rv32i_cpu:icpu|datapath:i_datapath|ALUResult_M[12]                                                                               ; dualport_mem_synch_rw_dualclk:imem|altsyncram:mem_rtl_0|altsyncram_vod2:auto_generated|ram_block1a24~portb_address_reg0          ; clk          ; clk         ; 0.000        ; 0.397      ; 0.973      ;
; 0.379 ; GPIO:iGPIO|pulse_gen:sw2|c_state.S0                                                                                              ; GPIO:iGPIO|pulse_gen:sw2|c_state.S1                                                                                              ; clk          ; clk         ; 0.000        ; 0.073      ; 0.623      ;
; 0.379 ; GPIO:iGPIO|pulse_gen:sw9|c_state.S0                                                                                              ; GPIO:iGPIO|pulse_gen:sw9|c_state.S1                                                                                              ; clk          ; clk         ; 0.000        ; 0.073      ; 0.623      ;
; 0.379 ; GPIO:iGPIO|pulse_gen:sw3|c_state.S0                                                                                              ; GPIO:iGPIO|pulse_gen:sw3|c_state.S1                                                                                              ; clk          ; clk         ; 0.000        ; 0.073      ; 0.623      ;
; 0.380 ; GPIO:iGPIO|pulse_gen:sw7|c_state.S0                                                                                              ; GPIO:iGPIO|pulse_gen:sw7|c_state.S1                                                                                              ; clk          ; clk         ; 0.000        ; 0.073      ; 0.624      ;
; 0.380 ; GPIO:iGPIO|pulse_gen:sw5|c_state.S0                                                                                              ; GPIO:iGPIO|pulse_gen:sw5|c_state.S1                                                                                              ; clk          ; clk         ; 0.000        ; 0.072      ; 0.623      ;
; 0.380 ; GPIO:iGPIO|pulse_gen:sw6|c_state.S0                                                                                              ; GPIO:iGPIO|pulse_gen:sw6|c_state.S1                                                                                              ; clk          ; clk         ; 0.000        ; 0.073      ; 0.624      ;
; 0.381 ; GPIO:iGPIO|pulse_gen:button1|c_state.S0                                                                                          ; GPIO:iGPIO|pulse_gen:button1|c_state.S1                                                                                          ; clk          ; clk         ; 0.000        ; 0.072      ; 0.624      ;
; 0.381 ; GPIO:iGPIO|pulse_gen:sw8|c_state.S0                                                                                              ; GPIO:iGPIO|pulse_gen:sw8|c_state.S1                                                                                              ; clk          ; clk         ; 0.000        ; 0.072      ; 0.624      ;
; 0.382 ; GPIO:iGPIO|pulse_gen:sw1|c_state.S0                                                                                              ; GPIO:iGPIO|pulse_gen:sw1|c_state.S1                                                                                              ; clk          ; clk         ; 0.000        ; 0.073      ; 0.626      ;
; 0.383 ; GPIO:iGPIO|pulse_gen:sw4|c_state.S0                                                                                              ; GPIO:iGPIO|pulse_gen:sw4|c_state.S1                                                                                              ; clk          ; clk         ; 0.000        ; 0.069      ; 0.623      ;
; 0.387 ; rv32i_cpu:icpu|datapath:i_datapath|pc_flopr:pcreg|q[6]                                                                           ; dualport_mem_synch_rw_dualclk:imem|altsyncram:mem_rtl_0|altsyncram_vod2:auto_generated|ram_block1a27~porta_address_reg0          ; clk          ; clk         ; 0.000        ; 0.395      ; 0.983      ;
; 0.388 ; uart_wrap:iuart_wrap|uart:u_uart|uart_transmitter:uatransmit|clock_counter[6]                                                    ; uart_wrap:iuart_wrap|uart:u_uart|uart_transmitter:uatransmit|clock_counter[6]                                                    ; clk          ; clk         ; 0.000        ; 0.072      ; 0.631      ;
; 0.393 ; uart_wrap:iuart_wrap|uart:u_uart|uart_receiver:uareceive|clock_counter[6]                                                        ; uart_wrap:iuart_wrap|uart:u_uart|uart_receiver:uareceive|clock_counter[6]                                                        ; clk          ; clk         ; 0.000        ; 0.073      ; 0.637      ;
; 0.394 ; uart_wrap:iuart_wrap|uart:u_uart|uart_transmitter:uatransmit|tx_shift[2]                                                         ; uart_wrap:iuart_wrap|uart:u_uart|uart_transmitter:uatransmit|tx_shift[1]                                                         ; clk          ; clk         ; 0.000        ; 0.073      ; 0.638      ;
; 0.394 ; GPIO:iGPIO|pulse_gen:sw2|c_state.S3                                                                                              ; GPIO:iGPIO|pulse_gen:sw2|c_state.S4                                                                                              ; clk          ; clk         ; 0.000        ; 0.073      ; 0.638      ;
; 0.394 ; GPIO:iGPIO|pulse_gen:button2|c_state.S11                                                                                         ; GPIO:iGPIO|pulse_gen:button2|c_state.S12                                                                                         ; clk          ; clk         ; 0.000        ; 0.073      ; 0.638      ;
; 0.394 ; GPIO:iGPIO|pulse_gen:sw1|c_state.S4                                                                                              ; GPIO:iGPIO|pulse_gen:sw1|c_state.S5                                                                                              ; clk          ; clk         ; 0.000        ; 0.073      ; 0.638      ;
; 0.394 ; GPIO:iGPIO|pulse_gen:sw7|c_state.S7                                                                                              ; GPIO:iGPIO|pulse_gen:sw7|c_state.S8                                                                                              ; clk          ; clk         ; 0.000        ; 0.073      ; 0.638      ;
; 0.394 ; GPIO:iGPIO|pulse_gen:sw7|c_state.S3                                                                                              ; GPIO:iGPIO|pulse_gen:sw7|c_state.S4                                                                                              ; clk          ; clk         ; 0.000        ; 0.073      ; 0.638      ;
; 0.394 ; GPIO:iGPIO|pulse_gen:sw3|c_state.S1                                                                                              ; GPIO:iGPIO|pulse_gen:sw3|c_state.S2                                                                                              ; clk          ; clk         ; 0.000        ; 0.073      ; 0.638      ;
; 0.394 ; rv32i_cpu:icpu|datapath:i_datapath|Instr_D_stall[17]                                                                             ; rv32i_cpu:icpu|datapath:i_datapath|ImmExt_E[17]                                                                                  ; clk          ; clk         ; 0.000        ; 0.072      ; 0.637      ;
; 0.395 ; GPIO:iGPIO|pulse_gen:sw2|c_state.S9                                                                                              ; GPIO:iGPIO|pulse_gen:sw2|c_state.S10                                                                                             ; clk          ; clk         ; 0.000        ; 0.073      ; 0.639      ;
; 0.395 ; GPIO:iGPIO|pulse_gen:sw2|c_state.S4                                                                                              ; GPIO:iGPIO|pulse_gen:sw2|c_state.S5                                                                                              ; clk          ; clk         ; 0.000        ; 0.073      ; 0.639      ;
; 0.395 ; GPIO:iGPIO|pulse_gen:sw2|c_state.S1                                                                                              ; GPIO:iGPIO|pulse_gen:sw2|c_state.S2                                                                                              ; clk          ; clk         ; 0.000        ; 0.073      ; 0.639      ;
; 0.395 ; GPIO:iGPIO|pulse_gen:button2|c_state.S10                                                                                         ; GPIO:iGPIO|pulse_gen:button2|c_state.S11                                                                                         ; clk          ; clk         ; 0.000        ; 0.073      ; 0.639      ;
; 0.395 ; GPIO:iGPIO|pulse_gen:sw1|c_state.S13                                                                                             ; GPIO:iGPIO|pulse_gen:sw1|c_state.S14                                                                                             ; clk          ; clk         ; 0.000        ; 0.073      ; 0.639      ;
; 0.395 ; GPIO:iGPIO|pulse_gen:sw1|c_state.S12                                                                                             ; GPIO:iGPIO|pulse_gen:sw1|c_state.S13                                                                                             ; clk          ; clk         ; 0.000        ; 0.073      ; 0.639      ;
; 0.395 ; GPIO:iGPIO|pulse_gen:sw1|c_state.S7                                                                                              ; GPIO:iGPIO|pulse_gen:sw1|c_state.S8                                                                                              ; clk          ; clk         ; 0.000        ; 0.073      ; 0.639      ;
; 0.395 ; GPIO:iGPIO|pulse_gen:sw1|c_state.S6                                                                                              ; GPIO:iGPIO|pulse_gen:sw1|c_state.S7                                                                                              ; clk          ; clk         ; 0.000        ; 0.073      ; 0.639      ;
; 0.395 ; GPIO:iGPIO|pulse_gen:sw1|c_state.S5                                                                                              ; GPIO:iGPIO|pulse_gen:sw1|c_state.S6                                                                                              ; clk          ; clk         ; 0.000        ; 0.073      ; 0.639      ;
; 0.395 ; GPIO:iGPIO|pulse_gen:sw9|c_state.S11                                                                                             ; GPIO:iGPIO|pulse_gen:sw9|c_state.S12                                                                                             ; clk          ; clk         ; 0.000        ; 0.073      ; 0.639      ;
; 0.395 ; GPIO:iGPIO|pulse_gen:sw9|c_state.S1                                                                                              ; GPIO:iGPIO|pulse_gen:sw9|c_state.S2                                                                                              ; clk          ; clk         ; 0.000        ; 0.073      ; 0.639      ;
; 0.395 ; GPIO:iGPIO|pulse_gen:sw7|c_state.S13                                                                                             ; GPIO:iGPIO|pulse_gen:sw7|c_state.S14                                                                                             ; clk          ; clk         ; 0.000        ; 0.073      ; 0.639      ;
; 0.395 ; GPIO:iGPIO|pulse_gen:sw7|c_state.S12                                                                                             ; GPIO:iGPIO|pulse_gen:sw7|c_state.S13                                                                                             ; clk          ; clk         ; 0.000        ; 0.073      ; 0.639      ;
; 0.395 ; GPIO:iGPIO|pulse_gen:sw7|c_state.S6                                                                                              ; GPIO:iGPIO|pulse_gen:sw7|c_state.S7                                                                                              ; clk          ; clk         ; 0.000        ; 0.073      ; 0.639      ;
; 0.395 ; GPIO:iGPIO|pulse_gen:sw7|c_state.S4                                                                                              ; GPIO:iGPIO|pulse_gen:sw7|c_state.S5                                                                                              ; clk          ; clk         ; 0.000        ; 0.073      ; 0.639      ;
; 0.395 ; GPIO:iGPIO|pulse_gen:sw3|c_state.S13                                                                                             ; GPIO:iGPIO|pulse_gen:sw3|c_state.S14                                                                                             ; clk          ; clk         ; 0.000        ; 0.073      ; 0.639      ;
; 0.395 ; GPIO:iGPIO|pulse_gen:sw3|c_state.S12                                                                                             ; GPIO:iGPIO|pulse_gen:sw3|c_state.S13                                                                                             ; clk          ; clk         ; 0.000        ; 0.073      ; 0.639      ;
; 0.395 ; GPIO:iGPIO|pulse_gen:sw3|c_state.S10                                                                                             ; GPIO:iGPIO|pulse_gen:sw3|c_state.S11                                                                                             ; clk          ; clk         ; 0.000        ; 0.073      ; 0.639      ;
; 0.395 ; GPIO:iGPIO|pulse_gen:sw3|c_state.S3                                                                                              ; GPIO:iGPIO|pulse_gen:sw3|c_state.S4                                                                                              ; clk          ; clk         ; 0.000        ; 0.073      ; 0.639      ;
; 0.395 ; GPIO:iGPIO|pulse_gen:sw5|c_state.S12                                                                                             ; GPIO:iGPIO|pulse_gen:sw5|c_state.S13                                                                                             ; clk          ; clk         ; 0.000        ; 0.072      ; 0.638      ;
; 0.395 ; GPIO:iGPIO|pulse_gen:sw6|c_state.S13                                                                                             ; GPIO:iGPIO|pulse_gen:sw6|c_state.S14                                                                                             ; clk          ; clk         ; 0.000        ; 0.073      ; 0.639      ;
; 0.395 ; GPIO:iGPIO|pulse_gen:sw6|c_state.S5                                                                                              ; GPIO:iGPIO|pulse_gen:sw6|c_state.S6                                                                                              ; clk          ; clk         ; 0.000        ; 0.073      ; 0.639      ;
; 0.395 ; GPIO:iGPIO|pulse_gen:sw6|c_state.S2                                                                                              ; GPIO:iGPIO|pulse_gen:sw6|c_state.S3                                                                                              ; clk          ; clk         ; 0.000        ; 0.073      ; 0.639      ;
; 0.395 ; GPIO:iGPIO|pulse_gen:sw6|c_state.S1                                                                                              ; GPIO:iGPIO|pulse_gen:sw6|c_state.S2                                                                                              ; clk          ; clk         ; 0.000        ; 0.073      ; 0.639      ;
; 0.395 ; GPIO:iGPIO|pulse_gen:sw8|c_state.S3                                                                                              ; GPIO:iGPIO|pulse_gen:sw8|c_state.S4                                                                                              ; clk          ; clk         ; 0.000        ; 0.072      ; 0.638      ;
; 0.396 ; GPIO:iGPIO|pulse_gen:button1|c_state.S5                                                                                          ; GPIO:iGPIO|pulse_gen:button1|c_state.S6                                                                                          ; clk          ; clk         ; 0.000        ; 0.072      ; 0.639      ;
; 0.396 ; GPIO:iGPIO|pulse_gen:sw2|c_state.S8                                                                                              ; GPIO:iGPIO|pulse_gen:sw2|c_state.S9                                                                                              ; clk          ; clk         ; 0.000        ; 0.073      ; 0.640      ;
; 0.396 ; GPIO:iGPIO|pulse_gen:sw2|c_state.S6                                                                                              ; GPIO:iGPIO|pulse_gen:sw2|c_state.S7                                                                                              ; clk          ; clk         ; 0.000        ; 0.073      ; 0.640      ;
; 0.396 ; GPIO:iGPIO|pulse_gen:sw1|c_state.S2                                                                                              ; GPIO:iGPIO|pulse_gen:sw1|c_state.S3                                                                                              ; clk          ; clk         ; 0.000        ; 0.073      ; 0.640      ;
; 0.396 ; GPIO:iGPIO|pulse_gen:sw1|c_state.S1                                                                                              ; GPIO:iGPIO|pulse_gen:sw1|c_state.S2                                                                                              ; clk          ; clk         ; 0.000        ; 0.073      ; 0.640      ;
; 0.396 ; GPIO:iGPIO|pulse_gen:sw9|c_state.S12                                                                                             ; GPIO:iGPIO|pulse_gen:sw9|c_state.S13                                                                                             ; clk          ; clk         ; 0.000        ; 0.073      ; 0.640      ;
; 0.396 ; GPIO:iGPIO|pulse_gen:sw9|c_state.S6                                                                                              ; GPIO:iGPIO|pulse_gen:sw9|c_state.S7                                                                                              ; clk          ; clk         ; 0.000        ; 0.073      ; 0.640      ;
; 0.396 ; GPIO:iGPIO|pulse_gen:sw9|c_state.S5                                                                                              ; GPIO:iGPIO|pulse_gen:sw9|c_state.S6                                                                                              ; clk          ; clk         ; 0.000        ; 0.073      ; 0.640      ;
; 0.396 ; GPIO:iGPIO|pulse_gen:sw9|c_state.S4                                                                                              ; GPIO:iGPIO|pulse_gen:sw9|c_state.S5                                                                                              ; clk          ; clk         ; 0.000        ; 0.073      ; 0.640      ;
; 0.396 ; GPIO:iGPIO|pulse_gen:sw9|c_state.S2                                                                                              ; GPIO:iGPIO|pulse_gen:sw9|c_state.S3                                                                                              ; clk          ; clk         ; 0.000        ; 0.073      ; 0.640      ;
; 0.396 ; GPIO:iGPIO|pulse_gen:sw7|c_state.S2                                                                                              ; GPIO:iGPIO|pulse_gen:sw7|c_state.S3                                                                                              ; clk          ; clk         ; 0.000        ; 0.073      ; 0.640      ;
; 0.396 ; GPIO:iGPIO|pulse_gen:sw7|c_state.S1                                                                                              ; GPIO:iGPIO|pulse_gen:sw7|c_state.S2                                                                                              ; clk          ; clk         ; 0.000        ; 0.073      ; 0.640      ;
; 0.396 ; GPIO:iGPIO|pulse_gen:sw3|c_state.S9                                                                                              ; GPIO:iGPIO|pulse_gen:sw3|c_state.S10                                                                                             ; clk          ; clk         ; 0.000        ; 0.073      ; 0.640      ;
; 0.396 ; GPIO:iGPIO|pulse_gen:sw3|c_state.S8                                                                                              ; GPIO:iGPIO|pulse_gen:sw3|c_state.S9                                                                                              ; clk          ; clk         ; 0.000        ; 0.073      ; 0.640      ;
; 0.396 ; GPIO:iGPIO|pulse_gen:sw5|c_state.S9                                                                                              ; GPIO:iGPIO|pulse_gen:sw5|c_state.S10                                                                                             ; clk          ; clk         ; 0.000        ; 0.072      ; 0.639      ;
; 0.396 ; GPIO:iGPIO|pulse_gen:sw6|c_state.S8                                                                                              ; GPIO:iGPIO|pulse_gen:sw6|c_state.S9                                                                                              ; clk          ; clk         ; 0.000        ; 0.073      ; 0.640      ;
; 0.396 ; GPIO:iGPIO|pulse_gen:sw8|c_state.S12                                                                                             ; GPIO:iGPIO|pulse_gen:sw8|c_state.S13                                                                                             ; clk          ; clk         ; 0.000        ; 0.072      ; 0.639      ;
; 0.396 ; GPIO:iGPIO|pulse_gen:sw8|c_state.S11                                                                                             ; GPIO:iGPIO|pulse_gen:sw8|c_state.S12                                                                                             ; clk          ; clk         ; 0.000        ; 0.072      ; 0.639      ;
; 0.397 ; GPIO:iGPIO|pulse_gen:button1|c_state.S8                                                                                          ; GPIO:iGPIO|pulse_gen:button1|c_state.S9                                                                                          ; clk          ; clk         ; 0.000        ; 0.072      ; 0.640      ;
; 0.397 ; GPIO:iGPIO|pulse_gen:button1|c_state.S6                                                                                          ; GPIO:iGPIO|pulse_gen:button1|c_state.S7                                                                                          ; clk          ; clk         ; 0.000        ; 0.072      ; 0.640      ;
; 0.397 ; GPIO:iGPIO|pulse_gen:button1|c_state.S1                                                                                          ; GPIO:iGPIO|pulse_gen:button1|c_state.S2                                                                                          ; clk          ; clk         ; 0.000        ; 0.072      ; 0.640      ;
; 0.397 ; GPIO:iGPIO|pulse_gen:sw2|c_state.S2                                                                                              ; GPIO:iGPIO|pulse_gen:sw2|c_state.S3                                                                                              ; clk          ; clk         ; 0.000        ; 0.073      ; 0.641      ;
; 0.397 ; GPIO:iGPIO|pulse_gen:sw5|c_state.S10                                                                                             ; GPIO:iGPIO|pulse_gen:sw5|c_state.S11                                                                                             ; clk          ; clk         ; 0.000        ; 0.072      ; 0.640      ;
; 0.397 ; GPIO:iGPIO|pulse_gen:sw5|c_state.S8                                                                                              ; GPIO:iGPIO|pulse_gen:sw5|c_state.S9                                                                                              ; clk          ; clk         ; 0.000        ; 0.072      ; 0.640      ;
; 0.397 ; GPIO:iGPIO|pulse_gen:sw5|c_state.S4                                                                                              ; GPIO:iGPIO|pulse_gen:sw5|c_state.S5                                                                                              ; clk          ; clk         ; 0.000        ; 0.072      ; 0.640      ;
; 0.397 ; GPIO:iGPIO|pulse_gen:sw5|c_state.S2                                                                                              ; GPIO:iGPIO|pulse_gen:sw5|c_state.S3                                                                                              ; clk          ; clk         ; 0.000        ; 0.072      ; 0.640      ;
; 0.397 ; GPIO:iGPIO|pulse_gen:sw5|c_state.S1                                                                                              ; GPIO:iGPIO|pulse_gen:sw5|c_state.S2                                                                                              ; clk          ; clk         ; 0.000        ; 0.072      ; 0.640      ;
; 0.397 ; GPIO:iGPIO|pulse_gen:sw6|c_state.S10                                                                                             ; GPIO:iGPIO|pulse_gen:sw6|c_state.S11                                                                                             ; clk          ; clk         ; 0.000        ; 0.073      ; 0.641      ;
; 0.397 ; GPIO:iGPIO|pulse_gen:sw6|c_state.S4                                                                                              ; GPIO:iGPIO|pulse_gen:sw6|c_state.S5                                                                                              ; clk          ; clk         ; 0.000        ; 0.073      ; 0.641      ;
; 0.397 ; GPIO:iGPIO|pulse_gen:sw6|c_state.S3                                                                                              ; GPIO:iGPIO|pulse_gen:sw6|c_state.S4                                                                                              ; clk          ; clk         ; 0.000        ; 0.073      ; 0.641      ;
+-------+----------------------------------------------------------------------------------------------------------------------------------+----------------------------------------------------------------------------------------------------------------------------------+--------------+-------------+--------------+------------+------------+


+-----------------------------------------------------------------------------------------------------------------------------------------------------------------------------------------------------------------------------+
; Slow 1200mV 0C Model Recovery: 'clk'                                                                                                                                                                                        ;
+--------+-----------+----------------------------------------------------------------------------------------------------------------------------------+--------------+-------------+--------------+------------+------------+
; Slack  ; From Node ; To Node                                                                                                                          ; Launch Clock ; Latch Clock ; Relationship ; Clock Skew ; Data Delay ;
+--------+-----------+----------------------------------------------------------------------------------------------------------------------------------+--------------+-------------+--------------+------------+------------+
; 16.526 ; reset_ff  ; rv32i_cpu:icpu|datapath:i_datapath|ALUResult_M[2]                                                                                ; clk          ; clk         ; 20.000       ; -0.100     ; 3.373      ;
; 16.526 ; reset_ff  ; rv32i_cpu:icpu|datapath:i_datapath|ALUResult_M[3]                                                                                ; clk          ; clk         ; 20.000       ; -0.100     ; 3.373      ;
; 16.526 ; reset_ff  ; rv32i_cpu:icpu|datapath:i_datapath|ALUResult_M[23]                                                                               ; clk          ; clk         ; 20.000       ; -0.103     ; 3.370      ;
; 16.526 ; reset_ff  ; rv32i_cpu:icpu|datapath:i_datapath|pc_flopr:pcreg|q[23]                                                                          ; clk          ; clk         ; 20.000       ; -0.103     ; 3.370      ;
; 16.526 ; reset_ff  ; rv32i_cpu:icpu|datapath:i_datapath|PCPlus4_E[0]                                                                                  ; clk          ; clk         ; 20.000       ; -0.110     ; 3.363      ;
; 16.526 ; reset_ff  ; rv32i_cpu:icpu|datapath:i_datapath|PC_E[3]                                                                                       ; clk          ; clk         ; 20.000       ; -0.110     ; 3.363      ;
; 16.526 ; reset_ff  ; rv32i_cpu:icpu|datapath:i_datapath|PC_E[4]                                                                                       ; clk          ; clk         ; 20.000       ; -0.110     ; 3.363      ;
; 16.526 ; reset_ff  ; rv32i_cpu:icpu|datapath:i_datapath|PC_E[2]                                                                                       ; clk          ; clk         ; 20.000       ; -0.110     ; 3.363      ;
; 16.526 ; reset_ff  ; rv32i_cpu:icpu|datapath:i_datapath|PC_E[24]                                                                                      ; clk          ; clk         ; 20.000       ; -0.110     ; 3.363      ;
; 16.526 ; reset_ff  ; rv32i_cpu:icpu|datapath:i_datapath|PC_E[17]                                                                                      ; clk          ; clk         ; 20.000       ; -0.110     ; 3.363      ;
; 16.526 ; reset_ff  ; rv32i_cpu:icpu|datapath:i_datapath|PC_E[10]                                                                                      ; clk          ; clk         ; 20.000       ; -0.110     ; 3.363      ;
; 16.526 ; reset_ff  ; rv32i_cpu:icpu|datapath:i_datapath|PC_E[30]                                                                                      ; clk          ; clk         ; 20.000       ; -0.110     ; 3.363      ;
; 16.526 ; reset_ff  ; rv32i_cpu:icpu|datapath:i_datapath|rs1_data_E[23]                                                                                ; clk          ; clk         ; 20.000       ; -0.102     ; 3.371      ;
; 16.526 ; reset_ff  ; rv32i_cpu:icpu|datapath:i_datapath|WriteData_M[4]                                                                                ; clk          ; clk         ; 20.000       ; -0.102     ; 3.371      ;
; 16.526 ; reset_ff  ; rv32i_cpu:icpu|datapath:i_datapath|WriteData_M[5]                                                                                ; clk          ; clk         ; 20.000       ; -0.100     ; 3.373      ;
; 16.526 ; reset_ff  ; rv32i_cpu:icpu|datapath:i_datapath|WriteData_M[20]                                                                               ; clk          ; clk         ; 20.000       ; -0.101     ; 3.372      ;
; 16.526 ; reset_ff  ; rv32i_cpu:icpu|datapath:i_datapath|WriteData_M[23]                                                                               ; clk          ; clk         ; 20.000       ; -0.103     ; 3.370      ;
; 16.527 ; reset_ff  ; rv32i_cpu:icpu|datapath:i_datapath|ALUResult_M[13]                                                                               ; clk          ; clk         ; 20.000       ; -0.103     ; 3.369      ;
; 16.527 ; reset_ff  ; rv32i_cpu:icpu|datapath:i_datapath|pc_flopr:pcreg|q[13]                                                                          ; clk          ; clk         ; 20.000       ; -0.103     ; 3.369      ;
; 16.527 ; reset_ff  ; rv32i_cpu:icpu|datapath:i_datapath|pc_flopr:pcreg|q[6]                                                                           ; clk          ; clk         ; 20.000       ; -0.109     ; 3.363      ;
; 16.527 ; reset_ff  ; rv32i_cpu:icpu|datapath:i_datapath|pc_flopr:pcreg|q[20]                                                                          ; clk          ; clk         ; 20.000       ; -0.109     ; 3.363      ;
; 16.527 ; reset_ff  ; rv32i_cpu:icpu|datapath:i_datapath|pc_flopr:pcreg|q[18]                                                                          ; clk          ; clk         ; 20.000       ; -0.109     ; 3.363      ;
; 16.527 ; reset_ff  ; rv32i_cpu:icpu|datapath:i_datapath|ALUResult_M[16]                                                                               ; clk          ; clk         ; 20.000       ; -0.103     ; 3.369      ;
; 16.527 ; reset_ff  ; rv32i_cpu:icpu|datapath:i_datapath|Instr_E[12]                                                                                   ; clk          ; clk         ; 20.000       ; -0.110     ; 3.362      ;
; 16.527 ; reset_ff  ; rv32i_cpu:icpu|datapath:i_datapath|Instr_E[14]                                                                                   ; clk          ; clk         ; 20.000       ; -0.110     ; 3.362      ;
; 16.527 ; reset_ff  ; rv32i_cpu:icpu|datapath:i_datapath|PC_E[22]                                                                                      ; clk          ; clk         ; 20.000       ; -0.110     ; 3.362      ;
; 16.527 ; reset_ff  ; rv32i_cpu:icpu|datapath:i_datapath|PC_E[23]                                                                                      ; clk          ; clk         ; 20.000       ; -0.110     ; 3.362      ;
; 16.527 ; reset_ff  ; rv32i_cpu:icpu|datapath:i_datapath|PC_E[29]                                                                                      ; clk          ; clk         ; 20.000       ; -0.110     ; 3.362      ;
; 16.527 ; reset_ff  ; rv32i_cpu:icpu|datapath:i_datapath|PC_E[18]                                                                                      ; clk          ; clk         ; 20.000       ; -0.110     ; 3.362      ;
; 16.527 ; reset_ff  ; rv32i_cpu:icpu|datapath:i_datapath|PC_E[20]                                                                                      ; clk          ; clk         ; 20.000       ; -0.110     ; 3.362      ;
; 16.527 ; reset_ff  ; rv32i_cpu:icpu|datapath:i_datapath|Instr_E[13]                                                                                   ; clk          ; clk         ; 20.000       ; -0.110     ; 3.362      ;
; 16.527 ; reset_ff  ; rv32i_cpu:icpu|datapath:i_datapath|PC_D[20]                                                                                      ; clk          ; clk         ; 20.000       ; -0.109     ; 3.363      ;
; 16.527 ; reset_ff  ; rv32i_cpu:icpu|datapath:i_datapath|PC_D[18]                                                                                      ; clk          ; clk         ; 20.000       ; -0.109     ; 3.363      ;
; 16.527 ; reset_ff  ; rv32i_cpu:icpu|datapath:i_datapath|PCPlus4_D[6]                                                                                  ; clk          ; clk         ; 20.000       ; -0.109     ; 3.363      ;
; 16.527 ; reset_ff  ; rv32i_cpu:icpu|datapath:i_datapath|PCPlus4_D[8]                                                                                  ; clk          ; clk         ; 20.000       ; -0.109     ; 3.363      ;
; 16.527 ; reset_ff  ; rv32i_cpu:icpu|datapath:i_datapath|PCPlus4_D[18]                                                                                 ; clk          ; clk         ; 20.000       ; -0.109     ; 3.363      ;
; 16.527 ; reset_ff  ; rv32i_cpu:icpu|datapath:i_datapath|PCPlus4_D[20]                                                                                 ; clk          ; clk         ; 20.000       ; -0.109     ; 3.363      ;
; 16.527 ; reset_ff  ; rv32i_cpu:icpu|datapath:i_datapath|WriteData_M[13]                                                                               ; clk          ; clk         ; 20.000       ; -0.103     ; 3.369      ;
; 16.527 ; reset_ff  ; rv32i_cpu:icpu|datapath:i_datapath|altshift_taps:PCPlus4_E_rtl_0|shift_taps_bkm:auto_generated|cntr_p8h:cntr5|counter_reg_bit[0] ; clk          ; clk         ; 20.000       ; -0.111     ; 3.361      ;
; 16.527 ; reset_ff  ; rv32i_cpu:icpu|datapath:i_datapath|altshift_taps:PCPlus4_E_rtl_0|shift_taps_bkm:auto_generated|dffe6                             ; clk          ; clk         ; 20.000       ; -0.111     ; 3.361      ;
; 16.528 ; reset_ff  ; rv32i_cpu:icpu|datapath:i_datapath|ALUResult_M[6]                                                                                ; clk          ; clk         ; 20.000       ; -0.102     ; 3.369      ;
; 16.528 ; reset_ff  ; rv32i_cpu:icpu|datapath:i_datapath|ALUResult_M[10]                                                                               ; clk          ; clk         ; 20.000       ; -0.103     ; 3.368      ;
; 16.529 ; reset_ff  ; rv32i_cpu:icpu|datapath:i_datapath|ALUResult_M[4]                                                                                ; clk          ; clk         ; 20.000       ; -0.103     ; 3.367      ;
; 16.529 ; reset_ff  ; rv32i_cpu:icpu|datapath:i_datapath|ALUResult_M[7]                                                                                ; clk          ; clk         ; 20.000       ; -0.103     ; 3.367      ;
; 16.538 ; reset_ff  ; rv32i_cpu:icpu|datapath:i_datapath|ALUResult_M[17]                                                                               ; clk          ; clk         ; 20.000       ; -0.093     ; 3.368      ;
; 16.538 ; reset_ff  ; rv32i_cpu:icpu|datapath:i_datapath|rs2_data_E[17]                                                                                ; clk          ; clk         ; 20.000       ; -0.093     ; 3.368      ;
; 16.538 ; reset_ff  ; rv32i_cpu:icpu|datapath:i_datapath|WriteData_M[17]                                                                               ; clk          ; clk         ; 20.000       ; -0.093     ; 3.368      ;
; 16.539 ; reset_ff  ; rv32i_cpu:icpu|datapath:i_datapath|WriteData_M[31]                                                                               ; clk          ; clk         ; 20.000       ; -0.099     ; 3.361      ;
; 16.551 ; reset_ff  ; rv32i_cpu:icpu|datapath:i_datapath|MemWrite_M                                                                                    ; clk          ; clk         ; 20.000       ; -0.081     ; 3.367      ;
; 16.552 ; reset_ff  ; rv32i_cpu:icpu|datapath:i_datapath|WriteData_M[2]                                                                                ; clk          ; clk         ; 20.000       ; -0.091     ; 3.356      ;
; 16.552 ; reset_ff  ; rv32i_cpu:icpu|datapath:i_datapath|pc_flopr:pcreg|q[9]                                                                           ; clk          ; clk         ; 20.000       ; -0.097     ; 3.350      ;
; 16.552 ; reset_ff  ; rv32i_cpu:icpu|datapath:i_datapath|ALUResult_M[21]                                                                               ; clk          ; clk         ; 20.000       ; -0.091     ; 3.356      ;
; 16.552 ; reset_ff  ; rv32i_cpu:icpu|datapath:i_datapath|pc_flopr:pcreg|q[21]                                                                          ; clk          ; clk         ; 20.000       ; -0.091     ; 3.356      ;
; 16.552 ; reset_ff  ; rv32i_cpu:icpu|datapath:i_datapath|pc_flopr:pcreg|q[17]                                                                          ; clk          ; clk         ; 20.000       ; -0.097     ; 3.350      ;
; 16.552 ; reset_ff  ; rv32i_cpu:icpu|datapath:i_datapath|pc_flopr:pcreg|q[28]                                                                          ; clk          ; clk         ; 20.000       ; -0.097     ; 3.350      ;
; 16.552 ; reset_ff  ; rv32i_cpu:icpu|datapath:i_datapath|pc_flopr:pcreg|q[27]                                                                          ; clk          ; clk         ; 20.000       ; -0.098     ; 3.349      ;
; 16.552 ; reset_ff  ; rv32i_cpu:icpu|datapath:i_datapath|ALUResult_M[27]                                                                               ; clk          ; clk         ; 20.000       ; -0.098     ; 3.349      ;
; 16.552 ; reset_ff  ; rv32i_cpu:icpu|datapath:i_datapath|ALUResult_M[11]                                                                               ; clk          ; clk         ; 20.000       ; -0.099     ; 3.348      ;
; 16.552 ; reset_ff  ; rv32i_cpu:icpu|datapath:i_datapath|ALUResult_M[12]                                                                               ; clk          ; clk         ; 20.000       ; -0.098     ; 3.349      ;
; 16.552 ; reset_ff  ; rv32i_cpu:icpu|datapath:i_datapath|ALUResult_M[26]                                                                               ; clk          ; clk         ; 20.000       ; -0.099     ; 3.348      ;
; 16.552 ; reset_ff  ; rv32i_cpu:icpu|datapath:i_datapath|pc_flopr:pcreg|q[26]                                                                          ; clk          ; clk         ; 20.000       ; -0.099     ; 3.348      ;
; 16.552 ; reset_ff  ; rv32i_cpu:icpu|datapath:i_datapath|pc_flopr:pcreg|q[4]                                                                           ; clk          ; clk         ; 20.000       ; -0.097     ; 3.350      ;
; 16.552 ; reset_ff  ; rv32i_cpu:icpu|datapath:i_datapath|pc_flopr:pcreg|q[8]                                                                           ; clk          ; clk         ; 20.000       ; -0.097     ; 3.350      ;
; 16.552 ; reset_ff  ; rv32i_cpu:icpu|datapath:i_datapath|pc_flopr:pcreg|q[7]                                                                           ; clk          ; clk         ; 20.000       ; -0.097     ; 3.350      ;
; 16.552 ; reset_ff  ; rv32i_cpu:icpu|datapath:i_datapath|pc_flopr:pcreg|q[31]                                                                          ; clk          ; clk         ; 20.000       ; -0.097     ; 3.350      ;
; 16.552 ; reset_ff  ; rv32i_cpu:icpu|datapath:i_datapath|Instr_E[17]                                                                                   ; clk          ; clk         ; 20.000       ; -0.097     ; 3.350      ;
; 16.552 ; reset_ff  ; rv32i_cpu:icpu|datapath:i_datapath|Instr_E[16]                                                                                   ; clk          ; clk         ; 20.000       ; -0.097     ; 3.350      ;
; 16.552 ; reset_ff  ; rv32i_cpu:icpu|datapath:i_datapath|Instr_E[23]                                                                                   ; clk          ; clk         ; 20.000       ; -0.097     ; 3.350      ;
; 16.552 ; reset_ff  ; rv32i_cpu:icpu|datapath:i_datapath|PC_E[9]                                                                                       ; clk          ; clk         ; 20.000       ; -0.098     ; 3.349      ;
; 16.552 ; reset_ff  ; rv32i_cpu:icpu|datapath:i_datapath|rs2_data_E[19]                                                                                ; clk          ; clk         ; 20.000       ; -0.090     ; 3.357      ;
; 16.552 ; reset_ff  ; rv32i_cpu:icpu|datapath:i_datapath|rs2_data_E[5]                                                                                 ; clk          ; clk         ; 20.000       ; -0.090     ; 3.357      ;
; 16.552 ; reset_ff  ; rv32i_cpu:icpu|datapath:i_datapath|rs2_data_E[18]                                                                                ; clk          ; clk         ; 20.000       ; -0.090     ; 3.357      ;
; 16.552 ; reset_ff  ; rv32i_cpu:icpu|datapath:i_datapath|rs2_data_E[11]                                                                                ; clk          ; clk         ; 20.000       ; -0.090     ; 3.357      ;
; 16.552 ; reset_ff  ; rv32i_cpu:icpu|datapath:i_datapath|rs2_data_E[3]                                                                                 ; clk          ; clk         ; 20.000       ; -0.090     ; 3.357      ;
; 16.552 ; reset_ff  ; rv32i_cpu:icpu|datapath:i_datapath|PCPlus4_D[4]                                                                                  ; clk          ; clk         ; 20.000       ; -0.097     ; 3.350      ;
; 16.552 ; reset_ff  ; rv32i_cpu:icpu|datapath:i_datapath|PCPlus4_D[7]                                                                                  ; clk          ; clk         ; 20.000       ; -0.097     ; 3.350      ;
; 16.552 ; reset_ff  ; rv32i_cpu:icpu|datapath:i_datapath|PCPlus4_D[9]                                                                                  ; clk          ; clk         ; 20.000       ; -0.097     ; 3.350      ;
; 16.552 ; reset_ff  ; rv32i_cpu:icpu|datapath:i_datapath|PCPlus4_D[17]                                                                                 ; clk          ; clk         ; 20.000       ; -0.097     ; 3.350      ;
; 16.552 ; reset_ff  ; rv32i_cpu:icpu|datapath:i_datapath|PCPlus4_D[28]                                                                                 ; clk          ; clk         ; 20.000       ; -0.097     ; 3.350      ;
; 16.552 ; reset_ff  ; rv32i_cpu:icpu|datapath:i_datapath|PCPlus4_D[29]                                                                                 ; clk          ; clk         ; 20.000       ; -0.097     ; 3.350      ;
; 16.552 ; reset_ff  ; rv32i_cpu:icpu|datapath:i_datapath|PCPlus4_D[30]                                                                                 ; clk          ; clk         ; 20.000       ; -0.097     ; 3.350      ;
; 16.552 ; reset_ff  ; rv32i_cpu:icpu|datapath:i_datapath|PCPlus4_D[31]                                                                                 ; clk          ; clk         ; 20.000       ; -0.097     ; 3.350      ;
; 16.552 ; reset_ff  ; rv32i_cpu:icpu|datapath:i_datapath|ALUControl_E[2]                                                                               ; clk          ; clk         ; 20.000       ; -0.096     ; 3.351      ;
; 16.552 ; reset_ff  ; rv32i_cpu:icpu|datapath:i_datapath|ALUControl_E[3]                                                                               ; clk          ; clk         ; 20.000       ; -0.096     ; 3.351      ;
; 16.552 ; reset_ff  ; rv32i_cpu:icpu|datapath:i_datapath|ImmExt_E[19]                                                                                  ; clk          ; clk         ; 20.000       ; -0.096     ; 3.351      ;
; 16.552 ; reset_ff  ; rv32i_cpu:icpu|datapath:i_datapath|rs1_data_E[15]                                                                                ; clk          ; clk         ; 20.000       ; -0.093     ; 3.354      ;
; 16.552 ; reset_ff  ; rv32i_cpu:icpu|datapath:i_datapath|rs1_data_E[25]                                                                                ; clk          ; clk         ; 20.000       ; -0.093     ; 3.354      ;
; 16.552 ; reset_ff  ; rv32i_cpu:icpu|datapath:i_datapath|rs1_data_E[22]                                                                                ; clk          ; clk         ; 20.000       ; -0.093     ; 3.354      ;
; 16.552 ; reset_ff  ; rv32i_cpu:icpu|datapath:i_datapath|rs1_data_E[16]                                                                                ; clk          ; clk         ; 20.000       ; -0.093     ; 3.354      ;
; 16.552 ; reset_ff  ; rv32i_cpu:icpu|datapath:i_datapath|rs1_data_E[17]                                                                                ; clk          ; clk         ; 20.000       ; -0.093     ; 3.354      ;
; 16.552 ; reset_ff  ; rv32i_cpu:icpu|datapath:i_datapath|RegWrite_W                                                                                    ; clk          ; clk         ; 20.000       ; -0.089     ; 3.358      ;
; 16.552 ; reset_ff  ; rv32i_cpu:icpu|datapath:i_datapath|Rd_W[1]                                                                                       ; clk          ; clk         ; 20.000       ; -0.089     ; 3.358      ;
; 16.552 ; reset_ff  ; rv32i_cpu:icpu|datapath:i_datapath|Rd_W[2]                                                                                       ; clk          ; clk         ; 20.000       ; -0.097     ; 3.350      ;
; 16.552 ; reset_ff  ; rv32i_cpu:icpu|datapath:i_datapath|WriteData_M[8]                                                                                ; clk          ; clk         ; 20.000       ; -0.087     ; 3.360      ;
; 16.552 ; reset_ff  ; rv32i_cpu:icpu|datapath:i_datapath|WriteData_M[27]                                                                               ; clk          ; clk         ; 20.000       ; -0.098     ; 3.349      ;
; 16.552 ; reset_ff  ; rv32i_cpu:icpu|datapath:i_datapath|ALUResult_W[20]                                                                               ; clk          ; clk         ; 20.000       ; -0.087     ; 3.360      ;
; 16.552 ; reset_ff  ; rv32i_cpu:icpu|datapath:i_datapath|WriteData_M[21]                                                                               ; clk          ; clk         ; 20.000       ; -0.091     ; 3.356      ;
; 16.552 ; reset_ff  ; rv32i_cpu:icpu|datapath:i_datapath|ALUResult_W[29]                                                                               ; clk          ; clk         ; 20.000       ; -0.087     ; 3.360      ;
; 16.552 ; reset_ff  ; rv32i_cpu:icpu|datapath:i_datapath|WriteData_M[29]                                                                               ; clk          ; clk         ; 20.000       ; -0.091     ; 3.356      ;
; 16.552 ; reset_ff  ; rv32i_cpu:icpu|datapath:i_datapath|WriteData_M[9]                                                                                ; clk          ; clk         ; 20.000       ; -0.089     ; 3.358      ;
+--------+-----------+----------------------------------------------------------------------------------------------------------------------------------+--------------+-------------+--------------+------------+------------+


+-------------------------------------------------------------------------------------------------------------------------------------------------------------------------------------------------------------------------------------------------------------------------------------------------------------------------------+
; Slow 1200mV 0C Model Removal: 'clk'                                                                                                                                                                                                                                                                                           ;
+-------+------------------------------------------------------------------------------------------------------+------------------------------------------------------------------------------------------------------------------------------------------+--------------+-------------+--------------+------------+------------+
; Slack ; From Node                                                                                            ; To Node                                                                                                                                  ; Launch Clock ; Latch Clock ; Relationship ; Clock Skew ; Data Delay ;
+-------+------------------------------------------------------------------------------------------------------+------------------------------------------------------------------------------------------------------------------------------------------+--------------+-------------+--------------+------------+------------+
; 1.482 ; rv32i_cpu:icpu|datapath:i_datapath|altshift_taps:PCPlus4_E_rtl_0|shift_taps_bkm:auto_generated|dffe6 ; rv32i_cpu:icpu|datapath:i_datapath|altshift_taps:PCPlus4_E_rtl_0|shift_taps_bkm:auto_generated|altsyncram_r861:altsyncram4|ram_block7a0  ; clk          ; clk         ; 0.000        ; 0.398      ; 2.048      ;
; 1.482 ; rv32i_cpu:icpu|datapath:i_datapath|altshift_taps:PCPlus4_E_rtl_0|shift_taps_bkm:auto_generated|dffe6 ; rv32i_cpu:icpu|datapath:i_datapath|altshift_taps:PCPlus4_E_rtl_0|shift_taps_bkm:auto_generated|altsyncram_r861:altsyncram4|ram_block7a1  ; clk          ; clk         ; 0.000        ; 0.398      ; 2.048      ;
; 1.482 ; rv32i_cpu:icpu|datapath:i_datapath|altshift_taps:PCPlus4_E_rtl_0|shift_taps_bkm:auto_generated|dffe6 ; rv32i_cpu:icpu|datapath:i_datapath|altshift_taps:PCPlus4_E_rtl_0|shift_taps_bkm:auto_generated|altsyncram_r861:altsyncram4|ram_block7a2  ; clk          ; clk         ; 0.000        ; 0.398      ; 2.048      ;
; 1.482 ; rv32i_cpu:icpu|datapath:i_datapath|altshift_taps:PCPlus4_E_rtl_0|shift_taps_bkm:auto_generated|dffe6 ; rv32i_cpu:icpu|datapath:i_datapath|altshift_taps:PCPlus4_E_rtl_0|shift_taps_bkm:auto_generated|altsyncram_r861:altsyncram4|ram_block7a3  ; clk          ; clk         ; 0.000        ; 0.398      ; 2.048      ;
; 1.482 ; rv32i_cpu:icpu|datapath:i_datapath|altshift_taps:PCPlus4_E_rtl_0|shift_taps_bkm:auto_generated|dffe6 ; rv32i_cpu:icpu|datapath:i_datapath|altshift_taps:PCPlus4_E_rtl_0|shift_taps_bkm:auto_generated|altsyncram_r861:altsyncram4|ram_block7a4  ; clk          ; clk         ; 0.000        ; 0.398      ; 2.048      ;
; 1.482 ; rv32i_cpu:icpu|datapath:i_datapath|altshift_taps:PCPlus4_E_rtl_0|shift_taps_bkm:auto_generated|dffe6 ; rv32i_cpu:icpu|datapath:i_datapath|altshift_taps:PCPlus4_E_rtl_0|shift_taps_bkm:auto_generated|altsyncram_r861:altsyncram4|ram_block7a5  ; clk          ; clk         ; 0.000        ; 0.398      ; 2.048      ;
; 1.482 ; rv32i_cpu:icpu|datapath:i_datapath|altshift_taps:PCPlus4_E_rtl_0|shift_taps_bkm:auto_generated|dffe6 ; rv32i_cpu:icpu|datapath:i_datapath|altshift_taps:PCPlus4_E_rtl_0|shift_taps_bkm:auto_generated|altsyncram_r861:altsyncram4|ram_block7a6  ; clk          ; clk         ; 0.000        ; 0.398      ; 2.048      ;
; 1.482 ; rv32i_cpu:icpu|datapath:i_datapath|altshift_taps:PCPlus4_E_rtl_0|shift_taps_bkm:auto_generated|dffe6 ; rv32i_cpu:icpu|datapath:i_datapath|altshift_taps:PCPlus4_E_rtl_0|shift_taps_bkm:auto_generated|altsyncram_r861:altsyncram4|ram_block7a7  ; clk          ; clk         ; 0.000        ; 0.398      ; 2.048      ;
; 1.482 ; rv32i_cpu:icpu|datapath:i_datapath|altshift_taps:PCPlus4_E_rtl_0|shift_taps_bkm:auto_generated|dffe6 ; rv32i_cpu:icpu|datapath:i_datapath|altshift_taps:PCPlus4_E_rtl_0|shift_taps_bkm:auto_generated|altsyncram_r861:altsyncram4|ram_block7a8  ; clk          ; clk         ; 0.000        ; 0.398      ; 2.048      ;
; 1.482 ; rv32i_cpu:icpu|datapath:i_datapath|altshift_taps:PCPlus4_E_rtl_0|shift_taps_bkm:auto_generated|dffe6 ; rv32i_cpu:icpu|datapath:i_datapath|altshift_taps:PCPlus4_E_rtl_0|shift_taps_bkm:auto_generated|altsyncram_r861:altsyncram4|ram_block7a9  ; clk          ; clk         ; 0.000        ; 0.398      ; 2.048      ;
; 1.482 ; rv32i_cpu:icpu|datapath:i_datapath|altshift_taps:PCPlus4_E_rtl_0|shift_taps_bkm:auto_generated|dffe6 ; rv32i_cpu:icpu|datapath:i_datapath|altshift_taps:PCPlus4_E_rtl_0|shift_taps_bkm:auto_generated|altsyncram_r861:altsyncram4|ram_block7a10 ; clk          ; clk         ; 0.000        ; 0.398      ; 2.048      ;
; 1.482 ; rv32i_cpu:icpu|datapath:i_datapath|altshift_taps:PCPlus4_E_rtl_0|shift_taps_bkm:auto_generated|dffe6 ; rv32i_cpu:icpu|datapath:i_datapath|altshift_taps:PCPlus4_E_rtl_0|shift_taps_bkm:auto_generated|altsyncram_r861:altsyncram4|ram_block7a11 ; clk          ; clk         ; 0.000        ; 0.398      ; 2.048      ;
; 1.482 ; rv32i_cpu:icpu|datapath:i_datapath|altshift_taps:PCPlus4_E_rtl_0|shift_taps_bkm:auto_generated|dffe6 ; rv32i_cpu:icpu|datapath:i_datapath|altshift_taps:PCPlus4_E_rtl_0|shift_taps_bkm:auto_generated|altsyncram_r861:altsyncram4|ram_block7a12 ; clk          ; clk         ; 0.000        ; 0.398      ; 2.048      ;
; 1.482 ; rv32i_cpu:icpu|datapath:i_datapath|altshift_taps:PCPlus4_E_rtl_0|shift_taps_bkm:auto_generated|dffe6 ; rv32i_cpu:icpu|datapath:i_datapath|altshift_taps:PCPlus4_E_rtl_0|shift_taps_bkm:auto_generated|altsyncram_r861:altsyncram4|ram_block7a13 ; clk          ; clk         ; 0.000        ; 0.398      ; 2.048      ;
; 1.482 ; rv32i_cpu:icpu|datapath:i_datapath|altshift_taps:PCPlus4_E_rtl_0|shift_taps_bkm:auto_generated|dffe6 ; rv32i_cpu:icpu|datapath:i_datapath|altshift_taps:PCPlus4_E_rtl_0|shift_taps_bkm:auto_generated|altsyncram_r861:altsyncram4|ram_block7a14 ; clk          ; clk         ; 0.000        ; 0.398      ; 2.048      ;
; 1.482 ; rv32i_cpu:icpu|datapath:i_datapath|altshift_taps:PCPlus4_E_rtl_0|shift_taps_bkm:auto_generated|dffe6 ; rv32i_cpu:icpu|datapath:i_datapath|altshift_taps:PCPlus4_E_rtl_0|shift_taps_bkm:auto_generated|altsyncram_r861:altsyncram4|ram_block7a15 ; clk          ; clk         ; 0.000        ; 0.398      ; 2.048      ;
; 1.482 ; rv32i_cpu:icpu|datapath:i_datapath|altshift_taps:PCPlus4_E_rtl_0|shift_taps_bkm:auto_generated|dffe6 ; rv32i_cpu:icpu|datapath:i_datapath|altshift_taps:PCPlus4_E_rtl_0|shift_taps_bkm:auto_generated|altsyncram_r861:altsyncram4|ram_block7a16 ; clk          ; clk         ; 0.000        ; 0.398      ; 2.048      ;
; 1.482 ; rv32i_cpu:icpu|datapath:i_datapath|altshift_taps:PCPlus4_E_rtl_0|shift_taps_bkm:auto_generated|dffe6 ; rv32i_cpu:icpu|datapath:i_datapath|altshift_taps:PCPlus4_E_rtl_0|shift_taps_bkm:auto_generated|altsyncram_r861:altsyncram4|ram_block7a17 ; clk          ; clk         ; 0.000        ; 0.398      ; 2.048      ;
; 1.482 ; rv32i_cpu:icpu|datapath:i_datapath|altshift_taps:PCPlus4_E_rtl_0|shift_taps_bkm:auto_generated|dffe6 ; rv32i_cpu:icpu|datapath:i_datapath|altshift_taps:PCPlus4_E_rtl_0|shift_taps_bkm:auto_generated|altsyncram_r861:altsyncram4|ram_block7a18 ; clk          ; clk         ; 0.000        ; 0.398      ; 2.048      ;
; 1.482 ; rv32i_cpu:icpu|datapath:i_datapath|altshift_taps:PCPlus4_E_rtl_0|shift_taps_bkm:auto_generated|dffe6 ; rv32i_cpu:icpu|datapath:i_datapath|altshift_taps:PCPlus4_E_rtl_0|shift_taps_bkm:auto_generated|altsyncram_r861:altsyncram4|ram_block7a19 ; clk          ; clk         ; 0.000        ; 0.398      ; 2.048      ;
; 1.482 ; rv32i_cpu:icpu|datapath:i_datapath|altshift_taps:PCPlus4_E_rtl_0|shift_taps_bkm:auto_generated|dffe6 ; rv32i_cpu:icpu|datapath:i_datapath|altshift_taps:PCPlus4_E_rtl_0|shift_taps_bkm:auto_generated|altsyncram_r861:altsyncram4|ram_block7a20 ; clk          ; clk         ; 0.000        ; 0.398      ; 2.048      ;
; 1.482 ; rv32i_cpu:icpu|datapath:i_datapath|altshift_taps:PCPlus4_E_rtl_0|shift_taps_bkm:auto_generated|dffe6 ; rv32i_cpu:icpu|datapath:i_datapath|altshift_taps:PCPlus4_E_rtl_0|shift_taps_bkm:auto_generated|altsyncram_r861:altsyncram4|ram_block7a21 ; clk          ; clk         ; 0.000        ; 0.398      ; 2.048      ;
; 1.482 ; rv32i_cpu:icpu|datapath:i_datapath|altshift_taps:PCPlus4_E_rtl_0|shift_taps_bkm:auto_generated|dffe6 ; rv32i_cpu:icpu|datapath:i_datapath|altshift_taps:PCPlus4_E_rtl_0|shift_taps_bkm:auto_generated|altsyncram_r861:altsyncram4|ram_block7a22 ; clk          ; clk         ; 0.000        ; 0.398      ; 2.048      ;
; 1.482 ; rv32i_cpu:icpu|datapath:i_datapath|altshift_taps:PCPlus4_E_rtl_0|shift_taps_bkm:auto_generated|dffe6 ; rv32i_cpu:icpu|datapath:i_datapath|altshift_taps:PCPlus4_E_rtl_0|shift_taps_bkm:auto_generated|altsyncram_r861:altsyncram4|ram_block7a23 ; clk          ; clk         ; 0.000        ; 0.398      ; 2.048      ;
; 1.482 ; rv32i_cpu:icpu|datapath:i_datapath|altshift_taps:PCPlus4_E_rtl_0|shift_taps_bkm:auto_generated|dffe6 ; rv32i_cpu:icpu|datapath:i_datapath|altshift_taps:PCPlus4_E_rtl_0|shift_taps_bkm:auto_generated|altsyncram_r861:altsyncram4|ram_block7a24 ; clk          ; clk         ; 0.000        ; 0.398      ; 2.048      ;
; 1.482 ; rv32i_cpu:icpu|datapath:i_datapath|altshift_taps:PCPlus4_E_rtl_0|shift_taps_bkm:auto_generated|dffe6 ; rv32i_cpu:icpu|datapath:i_datapath|altshift_taps:PCPlus4_E_rtl_0|shift_taps_bkm:auto_generated|altsyncram_r861:altsyncram4|ram_block7a25 ; clk          ; clk         ; 0.000        ; 0.398      ; 2.048      ;
; 1.482 ; rv32i_cpu:icpu|datapath:i_datapath|altshift_taps:PCPlus4_E_rtl_0|shift_taps_bkm:auto_generated|dffe6 ; rv32i_cpu:icpu|datapath:i_datapath|altshift_taps:PCPlus4_E_rtl_0|shift_taps_bkm:auto_generated|altsyncram_r861:altsyncram4|ram_block7a26 ; clk          ; clk         ; 0.000        ; 0.398      ; 2.048      ;
; 1.482 ; rv32i_cpu:icpu|datapath:i_datapath|altshift_taps:PCPlus4_E_rtl_0|shift_taps_bkm:auto_generated|dffe6 ; rv32i_cpu:icpu|datapath:i_datapath|altshift_taps:PCPlus4_E_rtl_0|shift_taps_bkm:auto_generated|altsyncram_r861:altsyncram4|ram_block7a27 ; clk          ; clk         ; 0.000        ; 0.398      ; 2.048      ;
; 1.482 ; rv32i_cpu:icpu|datapath:i_datapath|altshift_taps:PCPlus4_E_rtl_0|shift_taps_bkm:auto_generated|dffe6 ; rv32i_cpu:icpu|datapath:i_datapath|altshift_taps:PCPlus4_E_rtl_0|shift_taps_bkm:auto_generated|altsyncram_r861:altsyncram4|ram_block7a28 ; clk          ; clk         ; 0.000        ; 0.398      ; 2.048      ;
; 1.482 ; rv32i_cpu:icpu|datapath:i_datapath|altshift_taps:PCPlus4_E_rtl_0|shift_taps_bkm:auto_generated|dffe6 ; rv32i_cpu:icpu|datapath:i_datapath|altshift_taps:PCPlus4_E_rtl_0|shift_taps_bkm:auto_generated|altsyncram_r861:altsyncram4|ram_block7a29 ; clk          ; clk         ; 0.000        ; 0.398      ; 2.048      ;
; 1.482 ; rv32i_cpu:icpu|datapath:i_datapath|altshift_taps:PCPlus4_E_rtl_0|shift_taps_bkm:auto_generated|dffe6 ; rv32i_cpu:icpu|datapath:i_datapath|altshift_taps:PCPlus4_E_rtl_0|shift_taps_bkm:auto_generated|altsyncram_r861:altsyncram4|ram_block7a30 ; clk          ; clk         ; 0.000        ; 0.398      ; 2.048      ;
; 2.472 ; reset_ff                                                                                             ; rv32i_cpu:icpu|datapath:i_datapath|ALUResult_M[14]                                                                                       ; clk          ; clk         ; 0.000        ; 0.533      ; 3.176      ;
; 2.496 ; reset_ff                                                                                             ; rv32i_cpu:icpu|datapath:i_datapath|rs1_data_E[12]                                                                                        ; clk          ; clk         ; 0.000        ; 0.523      ; 3.190      ;
; 2.496 ; reset_ff                                                                                             ; rv32i_cpu:icpu|datapath:i_datapath|rs1_data_E[13]                                                                                        ; clk          ; clk         ; 0.000        ; 0.523      ; 3.190      ;
; 2.496 ; reset_ff                                                                                             ; rv32i_cpu:icpu|datapath:i_datapath|rs1_data_E[7]                                                                                         ; clk          ; clk         ; 0.000        ; 0.523      ; 3.190      ;
; 2.504 ; reset_ff                                                                                             ; rv32i_cpu:icpu|datapath:i_datapath|pc_flopr:pcreg|q[1]                                                                                   ; clk          ; clk         ; 0.000        ; 0.494      ; 3.169      ;
; 2.504 ; reset_ff                                                                                             ; rv32i_cpu:icpu|datapath:i_datapath|PC_E[28]                                                                                              ; clk          ; clk         ; 0.000        ; 0.494      ; 3.169      ;
; 2.504 ; reset_ff                                                                                             ; rv32i_cpu:icpu|datapath:i_datapath|PC_E[6]                                                                                               ; clk          ; clk         ; 0.000        ; 0.494      ; 3.169      ;
; 2.504 ; reset_ff                                                                                             ; rv32i_cpu:icpu|datapath:i_datapath|PC_E[27]                                                                                              ; clk          ; clk         ; 0.000        ; 0.494      ; 3.169      ;
; 2.504 ; reset_ff                                                                                             ; rv32i_cpu:icpu|datapath:i_datapath|PCPlus4_E[1]                                                                                          ; clk          ; clk         ; 0.000        ; 0.494      ; 3.169      ;
; 2.504 ; reset_ff                                                                                             ; rv32i_cpu:icpu|datapath:i_datapath|PC_E[11]                                                                                              ; clk          ; clk         ; 0.000        ; 0.494      ; 3.169      ;
; 2.504 ; reset_ff                                                                                             ; rv32i_cpu:icpu|datapath:i_datapath|PC_E[7]                                                                                               ; clk          ; clk         ; 0.000        ; 0.494      ; 3.169      ;
; 2.504 ; reset_ff                                                                                             ; rv32i_cpu:icpu|datapath:i_datapath|PC_E[31]                                                                                              ; clk          ; clk         ; 0.000        ; 0.494      ; 3.169      ;
; 2.505 ; reset_ff                                                                                             ; rv32i_cpu:icpu|datapath:i_datapath|ALUResult_M[0]                                                                                        ; clk          ; clk         ; 0.000        ; 0.503      ; 3.179      ;
; 2.505 ; reset_ff                                                                                             ; rv32i_cpu:icpu|datapath:i_datapath|MemWrite_E                                                                                            ; clk          ; clk         ; 0.000        ; 0.496      ; 3.172      ;
; 2.506 ; reset_ff                                                                                             ; rv32i_cpu:icpu|datapath:i_datapath|rs2_data_E[7]                                                                                         ; clk          ; clk         ; 0.000        ; 0.502      ; 3.179      ;
; 2.506 ; reset_ff                                                                                             ; rv32i_cpu:icpu|datapath:i_datapath|rs2_data_E[9]                                                                                         ; clk          ; clk         ; 0.000        ; 0.502      ; 3.179      ;
; 2.506 ; reset_ff                                                                                             ; rv32i_cpu:icpu|datapath:i_datapath|rs2_data_E[10]                                                                                        ; clk          ; clk         ; 0.000        ; 0.502      ; 3.179      ;
; 2.511 ; reset_ff                                                                                             ; rv32i_cpu:icpu|datapath:i_datapath|ALUResult_M[1]                                                                                        ; clk          ; clk         ; 0.000        ; 0.496      ; 3.178      ;
; 2.511 ; reset_ff                                                                                             ; rv32i_cpu:icpu|datapath:i_datapath|Instr_E[19]                                                                                           ; clk          ; clk         ; 0.000        ; 0.496      ; 3.178      ;
; 2.511 ; reset_ff                                                                                             ; rv32i_cpu:icpu|datapath:i_datapath|PCPlus4_M[0]                                                                                          ; clk          ; clk         ; 0.000        ; 0.496      ; 3.178      ;
; 2.511 ; reset_ff                                                                                             ; rv32i_cpu:icpu|datapath:i_datapath|Instr_M[11]                                                                                           ; clk          ; clk         ; 0.000        ; 0.496      ; 3.178      ;
; 2.512 ; reset_ff                                                                                             ; rv32i_cpu:icpu|datapath:i_datapath|ALUResult_M[22]                                                                                       ; clk          ; clk         ; 0.000        ; 0.497      ; 3.180      ;
; 2.512 ; reset_ff                                                                                             ; rv32i_cpu:icpu|datapath:i_datapath|ImmExt_E[0]                                                                                           ; clk          ; clk         ; 0.000        ; 0.484      ; 3.167      ;
; 2.512 ; reset_ff                                                                                             ; rv32i_cpu:icpu|datapath:i_datapath|ImmExt_E[11]                                                                                          ; clk          ; clk         ; 0.000        ; 0.484      ; 3.167      ;
; 2.512 ; reset_ff                                                                                             ; rv32i_cpu:icpu|datapath:i_datapath|ALUResult_W[22]                                                                                       ; clk          ; clk         ; 0.000        ; 0.497      ; 3.180      ;
; 2.512 ; reset_ff                                                                                             ; rv32i_cpu:icpu|datapath:i_datapath|WriteData_M[22]                                                                                       ; clk          ; clk         ; 0.000        ; 0.497      ; 3.180      ;
; 2.512 ; reset_ff                                                                                             ; rv32i_cpu:icpu|datapath:i_datapath|ALUResult_W[27]                                                                                       ; clk          ; clk         ; 0.000        ; 0.497      ; 3.180      ;
; 2.513 ; reset_ff                                                                                             ; rv32i_cpu:icpu|datapath:i_datapath|ImmExt_E[7]                                                                                           ; clk          ; clk         ; 0.000        ; 0.497      ; 3.181      ;
; 2.513 ; reset_ff                                                                                             ; rv32i_cpu:icpu|datapath:i_datapath|ResultSrc_M[0]                                                                                        ; clk          ; clk         ; 0.000        ; 0.497      ; 3.181      ;
; 2.513 ; reset_ff                                                                                             ; rv32i_cpu:icpu|datapath:i_datapath|ResultSrc_W[0]                                                                                        ; clk          ; clk         ; 0.000        ; 0.497      ; 3.181      ;
; 2.513 ; reset_ff                                                                                             ; rv32i_cpu:icpu|datapath:i_datapath|funct3_W[1]                                                                                           ; clk          ; clk         ; 0.000        ; 0.497      ; 3.181      ;
; 2.513 ; reset_ff                                                                                             ; rv32i_cpu:icpu|datapath:i_datapath|funct3_W[0]                                                                                           ; clk          ; clk         ; 0.000        ; 0.497      ; 3.181      ;
; 2.513 ; reset_ff                                                                                             ; rv32i_cpu:icpu|datapath:i_datapath|ALUResult_W[6]                                                                                        ; clk          ; clk         ; 0.000        ; 0.495      ; 3.179      ;
; 2.513 ; reset_ff                                                                                             ; rv32i_cpu:icpu|datapath:i_datapath|ALUResult_W[7]                                                                                        ; clk          ; clk         ; 0.000        ; 0.497      ; 3.181      ;
; 2.513 ; reset_ff                                                                                             ; rv32i_cpu:icpu|datapath:i_datapath|WriteData_M[6]                                                                                        ; clk          ; clk         ; 0.000        ; 0.495      ; 3.179      ;
; 2.513 ; reset_ff                                                                                             ; rv32i_cpu:icpu|datapath:i_datapath|ALUResult_W[14]                                                                                       ; clk          ; clk         ; 0.000        ; 0.495      ; 3.179      ;
; 2.514 ; reset_ff                                                                                             ; rv32i_cpu:icpu|datapath:i_datapath|ALUResult_M[29]                                                                                       ; clk          ; clk         ; 0.000        ; 0.495      ; 3.180      ;
; 2.514 ; reset_ff                                                                                             ; rv32i_cpu:icpu|datapath:i_datapath|ALUResult_M[9]                                                                                        ; clk          ; clk         ; 0.000        ; 0.495      ; 3.180      ;
; 2.514 ; reset_ff                                                                                             ; rv32i_cpu:icpu|datapath:i_datapath|ALUResult_M[28]                                                                                       ; clk          ; clk         ; 0.000        ; 0.495      ; 3.180      ;
; 2.514 ; reset_ff                                                                                             ; rv32i_cpu:icpu|datapath:i_datapath|ALUResult_M[8]                                                                                        ; clk          ; clk         ; 0.000        ; 0.495      ; 3.180      ;
; 2.514 ; reset_ff                                                                                             ; rv32i_cpu:icpu|datapath:i_datapath|ImmExt_E[26]                                                                                          ; clk          ; clk         ; 0.000        ; 0.485      ; 3.170      ;
; 2.514 ; reset_ff                                                                                             ; rv32i_cpu:icpu|datapath:i_datapath|ImmExt_E[30]                                                                                          ; clk          ; clk         ; 0.000        ; 0.485      ; 3.170      ;
; 2.514 ; reset_ff                                                                                             ; rv32i_cpu:icpu|datapath:i_datapath|ImmExt_E[21]                                                                                          ; clk          ; clk         ; 0.000        ; 0.485      ; 3.170      ;
; 2.514 ; reset_ff                                                                                             ; rv32i_cpu:icpu|datapath:i_datapath|ImmExt_E[20]                                                                                          ; clk          ; clk         ; 0.000        ; 0.485      ; 3.170      ;
; 2.514 ; reset_ff                                                                                             ; rv32i_cpu:icpu|datapath:i_datapath|ImmExt_E[22]                                                                                          ; clk          ; clk         ; 0.000        ; 0.485      ; 3.170      ;
; 2.514 ; reset_ff                                                                                             ; rv32i_cpu:icpu|datapath:i_datapath|ImmExt_E[23]                                                                                          ; clk          ; clk         ; 0.000        ; 0.485      ; 3.170      ;
; 2.514 ; reset_ff                                                                                             ; rv32i_cpu:icpu|datapath:i_datapath|ImmExt_E[24]                                                                                          ; clk          ; clk         ; 0.000        ; 0.485      ; 3.170      ;
; 2.514 ; reset_ff                                                                                             ; rv32i_cpu:icpu|datapath:i_datapath|ImmExt_E[25]                                                                                          ; clk          ; clk         ; 0.000        ; 0.485      ; 3.170      ;
; 2.514 ; reset_ff                                                                                             ; rv32i_cpu:icpu|datapath:i_datapath|ImmExt_E[27]                                                                                          ; clk          ; clk         ; 0.000        ; 0.485      ; 3.170      ;
; 2.514 ; reset_ff                                                                                             ; rv32i_cpu:icpu|datapath:i_datapath|ImmExt_E[28]                                                                                          ; clk          ; clk         ; 0.000        ; 0.485      ; 3.170      ;
; 2.514 ; reset_ff                                                                                             ; rv32i_cpu:icpu|datapath:i_datapath|ImmExt_E[29]                                                                                          ; clk          ; clk         ; 0.000        ; 0.485      ; 3.170      ;
; 2.514 ; reset_ff                                                                                             ; rv32i_cpu:icpu|datapath:i_datapath|ImmExt_E[9]                                                                                           ; clk          ; clk         ; 0.000        ; 0.494      ; 3.179      ;
; 2.514 ; reset_ff                                                                                             ; rv32i_cpu:icpu|datapath:i_datapath|ALUSrcA_E[0]                                                                                          ; clk          ; clk         ; 0.000        ; 0.485      ; 3.170      ;
; 2.514 ; reset_ff                                                                                             ; rv32i_cpu:icpu|datapath:i_datapath|Instr_E[24]                                                                                           ; clk          ; clk         ; 0.000        ; 0.494      ; 3.179      ;
; 2.514 ; reset_ff                                                                                             ; rv32i_cpu:icpu|datapath:i_datapath|Instr_E[8]                                                                                            ; clk          ; clk         ; 0.000        ; 0.486      ; 3.171      ;
; 2.514 ; reset_ff                                                                                             ; rv32i_cpu:icpu|datapath:i_datapath|Instr_E[7]                                                                                            ; clk          ; clk         ; 0.000        ; 0.486      ; 3.171      ;
; 2.514 ; reset_ff                                                                                             ; rv32i_cpu:icpu|datapath:i_datapath|Instr_E[20]                                                                                           ; clk          ; clk         ; 0.000        ; 0.494      ; 3.179      ;
; 2.514 ; reset_ff                                                                                             ; rv32i_cpu:icpu|datapath:i_datapath|Instr_E[21]                                                                                           ; clk          ; clk         ; 0.000        ; 0.494      ; 3.179      ;
; 2.514 ; reset_ff                                                                                             ; rv32i_cpu:icpu|datapath:i_datapath|Instr_E[22]                                                                                           ; clk          ; clk         ; 0.000        ; 0.486      ; 3.171      ;
; 2.514 ; reset_ff                                                                                             ; rv32i_cpu:icpu|datapath:i_datapath|Instr_E[18]                                                                                           ; clk          ; clk         ; 0.000        ; 0.486      ; 3.171      ;
; 2.514 ; reset_ff                                                                                             ; rv32i_cpu:icpu|datapath:i_datapath|WriteData_M[0]                                                                                        ; clk          ; clk         ; 0.000        ; 0.496      ; 3.181      ;
; 2.514 ; reset_ff                                                                                             ; rv32i_cpu:icpu|datapath:i_datapath|RegWrite_M                                                                                            ; clk          ; clk         ; 0.000        ; 0.494      ; 3.179      ;
; 2.514 ; reset_ff                                                                                             ; rv32i_cpu:icpu|datapath:i_datapath|Instr_M[8]                                                                                            ; clk          ; clk         ; 0.000        ; 0.494      ; 3.179      ;
; 2.514 ; reset_ff                                                                                             ; rv32i_cpu:icpu|datapath:i_datapath|ALUResult_W[8]                                                                                        ; clk          ; clk         ; 0.000        ; 0.496      ; 3.181      ;
; 2.514 ; reset_ff                                                                                             ; rv32i_cpu:icpu|datapath:i_datapath|ALUResult_W[9]                                                                                        ; clk          ; clk         ; 0.000        ; 0.496      ; 3.181      ;
; 2.514 ; reset_ff                                                                                             ; rv32i_cpu:icpu|datapath:i_datapath|ALUResult_W[21]                                                                                       ; clk          ; clk         ; 0.000        ; 0.496      ; 3.181      ;
; 2.514 ; reset_ff                                                                                             ; rv32i_cpu:icpu|datapath:i_datapath|PCPlus4_W[0]                                                                                          ; clk          ; clk         ; 0.000        ; 0.496      ; 3.181      ;
; 2.514 ; reset_ff                                                                                             ; rv32i_cpu:icpu|datapath:i_datapath|PCPlus4_M[1]                                                                                          ; clk          ; clk         ; 0.000        ; 0.496      ; 3.181      ;
; 2.514 ; reset_ff                                                                                             ; rv32i_cpu:icpu|datapath:i_datapath|ALUResult_W[19]                                                                                       ; clk          ; clk         ; 0.000        ; 0.496      ; 3.181      ;
+-------+------------------------------------------------------------------------------------------------------+------------------------------------------------------------------------------------------------------------------------------------------+--------------+-------------+--------------+------------+------------+


----------------------------------------------
; Slow 1200mV 0C Model Metastability Summary ;
----------------------------------------------
No synchronizer chains to report.


+------------------------------------+
; Fast 1200mV 0C Model Setup Summary ;
+-------+-------+--------------------+
; Clock ; Slack ; End Point TNS      ;
+-------+-------+--------------------+
; clk   ; 7.322 ; 0.000              ;
+-------+-------+--------------------+


+-----------------------------------+
; Fast 1200mV 0C Model Hold Summary ;
+-------+-------+-------------------+
; Clock ; Slack ; End Point TNS     ;
+-------+-------+-------------------+
; clk   ; 0.151 ; 0.000             ;
+-------+-------+-------------------+


+---------------------------------------+
; Fast 1200mV 0C Model Recovery Summary ;
+-------+--------+----------------------+
; Clock ; Slack  ; End Point TNS        ;
+-------+--------+----------------------+
; clk   ; 17.902 ; 0.000                ;
+-------+--------+----------------------+


+--------------------------------------+
; Fast 1200mV 0C Model Removal Summary ;
+-------+-------+----------------------+
; Clock ; Slack ; End Point TNS        ;
+-------+-------+----------------------+
; clk   ; 0.781 ; 0.000                ;
+-------+-------+----------------------+


+--------------------------------------------------+
; Fast 1200mV 0C Model Minimum Pulse Width Summary ;
+-------+-------+----------------------------------+
; Clock ; Slack ; End Point TNS                    ;
+-------+-------+----------------------------------+
; clk   ; 9.371 ; 0.000                            ;
+-------+-------+----------------------------------+


+-----------------------------------------------------------------------------------------------------------------------------------------------------------------------------------------------------------------------------------------------------------+
; Fast 1200mV 0C Model Setup: 'clk'                                                                                                                                                                                                                         ;
+-------+-------------------------------------------------------------------------------------------------------------------+---------------------------------------------------------+--------------+-------------+--------------+------------+------------+
; Slack ; From Node                                                                                                         ; To Node                                                 ; Launch Clock ; Latch Clock ; Relationship ; Clock Skew ; Data Delay ;
+-------+-------------------------------------------------------------------------------------------------------------------+---------------------------------------------------------+--------------+-------------+--------------+------------+------------+
; 7.322 ; dualport_mem_synch_rw_dualclk:imem|altsyncram:mem_rtl_0|altsyncram_vod2:auto_generated|ram_block1a9~portb_we_reg  ; rv32i_cpu:icpu|datapath:i_datapath|pc_flopr:pcreg|q[13] ; clk          ; clk         ; 20.000       ; -0.246     ; 12.419     ;
; 7.336 ; dualport_mem_synch_rw_dualclk:imem|altsyncram:mem_rtl_0|altsyncram_vod2:auto_generated|ram_block1a9~portb_we_reg  ; rv32i_cpu:icpu|datapath:i_datapath|pc_flopr:pcreg|q[15] ; clk          ; clk         ; 20.000       ; -0.240     ; 12.411     ;
; 7.348 ; dualport_mem_synch_rw_dualclk:imem|altsyncram:mem_rtl_0|altsyncram_vod2:auto_generated|ram_block1a9~portb_we_reg  ; rv32i_cpu:icpu|datapath:i_datapath|PCPlus4_D[2]         ; clk          ; clk         ; 20.000       ; -0.236     ; 12.403     ;
; 7.348 ; dualport_mem_synch_rw_dualclk:imem|altsyncram:mem_rtl_0|altsyncram_vod2:auto_generated|ram_block1a9~portb_we_reg  ; rv32i_cpu:icpu|datapath:i_datapath|PC_D[15]             ; clk          ; clk         ; 20.000       ; -0.236     ; 12.403     ;
; 7.348 ; dualport_mem_synch_rw_dualclk:imem|altsyncram:mem_rtl_0|altsyncram_vod2:auto_generated|ram_block1a9~portb_we_reg  ; rv32i_cpu:icpu|datapath:i_datapath|PCPlus4_D[5]         ; clk          ; clk         ; 20.000       ; -0.236     ; 12.403     ;
; 7.348 ; dualport_mem_synch_rw_dualclk:imem|altsyncram:mem_rtl_0|altsyncram_vod2:auto_generated|ram_block1a9~portb_we_reg  ; rv32i_cpu:icpu|datapath:i_datapath|PCPlus4_D[14]        ; clk          ; clk         ; 20.000       ; -0.236     ; 12.403     ;
; 7.348 ; dualport_mem_synch_rw_dualclk:imem|altsyncram:mem_rtl_0|altsyncram_vod2:auto_generated|ram_block1a9~portb_we_reg  ; rv32i_cpu:icpu|datapath:i_datapath|PCPlus4_D[15]        ; clk          ; clk         ; 20.000       ; -0.236     ; 12.403     ;
; 7.348 ; dualport_mem_synch_rw_dualclk:imem|altsyncram:mem_rtl_0|altsyncram_vod2:auto_generated|ram_block1a9~portb_we_reg  ; rv32i_cpu:icpu|datapath:i_datapath|PCPlus4_D[3]         ; clk          ; clk         ; 20.000       ; -0.236     ; 12.403     ;
; 7.357 ; dualport_mem_synch_rw_dualclk:imem|altsyncram:mem_rtl_0|altsyncram_vod2:auto_generated|ram_block1a9~portb_we_reg  ; rv32i_cpu:icpu|datapath:i_datapath|pc_flopr:pcreg|q[20] ; clk          ; clk         ; 20.000       ; -0.249     ; 12.381     ;
; 7.357 ; dualport_mem_synch_rw_dualclk:imem|altsyncram:mem_rtl_0|altsyncram_vod2:auto_generated|ram_block1a9~portb_we_reg  ; rv32i_cpu:icpu|datapath:i_datapath|pc_flopr:pcreg|q[18] ; clk          ; clk         ; 20.000       ; -0.249     ; 12.381     ;
; 7.357 ; dualport_mem_synch_rw_dualclk:imem|altsyncram:mem_rtl_0|altsyncram_vod2:auto_generated|ram_block1a9~portb_we_reg  ; rv32i_cpu:icpu|datapath:i_datapath|pc_flopr:pcreg|q[6]  ; clk          ; clk         ; 20.000       ; -0.249     ; 12.381     ;
; 7.359 ; dualport_mem_synch_rw_dualclk:imem|altsyncram:mem_rtl_0|altsyncram_vod2:auto_generated|ram_block1a9~portb_we_reg  ; rv32i_cpu:icpu|datapath:i_datapath|pc_flopr:pcreg|q[23] ; clk          ; clk         ; 20.000       ; -0.246     ; 12.382     ;
; 7.366 ; dualport_mem_synch_rw_dualclk:imem|altsyncram:mem_rtl_0|altsyncram_vod2:auto_generated|ram_block1a9~portb_we_reg  ; rv32i_cpu:icpu|datapath:i_datapath|pc_flopr:pcreg|q[21] ; clk          ; clk         ; 20.000       ; -0.238     ; 12.383     ;
; 7.370 ; dualport_mem_synch_rw_dualclk:imem|altsyncram:mem_rtl_0|altsyncram_vod2:auto_generated|ram_block1a9~portb_we_reg  ; rv32i_cpu:icpu|datapath:i_datapath|rs2_data_E[5]        ; clk          ; clk         ; 20.000       ; -0.238     ; 12.379     ;
; 7.370 ; dualport_mem_synch_rw_dualclk:imem|altsyncram:mem_rtl_0|altsyncram_vod2:auto_generated|ram_block1a9~portb_we_reg  ; rv32i_cpu:icpu|datapath:i_datapath|rs2_data_E[3]        ; clk          ; clk         ; 20.000       ; -0.238     ; 12.379     ;
; 7.377 ; dualport_mem_synch_rw_dualclk:imem|altsyncram:mem_rtl_0|altsyncram_vod2:auto_generated|ram_block1a1~portb_we_reg  ; rv32i_cpu:icpu|datapath:i_datapath|pc_flopr:pcreg|q[13] ; clk          ; clk         ; 20.000       ; -0.252     ; 12.358     ;
; 7.381 ; dualport_mem_synch_rw_dualclk:imem|altsyncram:mem_rtl_0|altsyncram_vod2:auto_generated|ram_block1a9~portb_we_reg  ; rv32i_cpu:icpu|datapath:i_datapath|rs2_data_E[8]        ; clk          ; clk         ; 20.000       ; -0.233     ; 12.373     ;
; 7.381 ; dualport_mem_synch_rw_dualclk:imem|altsyncram:mem_rtl_0|altsyncram_vod2:auto_generated|ram_block1a9~portb_we_reg  ; rv32i_cpu:icpu|datapath:i_datapath|rs2_data_E[6]        ; clk          ; clk         ; 20.000       ; -0.233     ; 12.373     ;
; 7.391 ; dualport_mem_synch_rw_dualclk:imem|altsyncram:mem_rtl_0|altsyncram_vod2:auto_generated|ram_block1a1~portb_we_reg  ; rv32i_cpu:icpu|datapath:i_datapath|pc_flopr:pcreg|q[15] ; clk          ; clk         ; 20.000       ; -0.246     ; 12.350     ;
; 7.403 ; dualport_mem_synch_rw_dualclk:imem|altsyncram:mem_rtl_0|altsyncram_vod2:auto_generated|ram_block1a1~portb_we_reg  ; rv32i_cpu:icpu|datapath:i_datapath|PCPlus4_D[2]         ; clk          ; clk         ; 20.000       ; -0.242     ; 12.342     ;
; 7.403 ; dualport_mem_synch_rw_dualclk:imem|altsyncram:mem_rtl_0|altsyncram_vod2:auto_generated|ram_block1a1~portb_we_reg  ; rv32i_cpu:icpu|datapath:i_datapath|PC_D[15]             ; clk          ; clk         ; 20.000       ; -0.242     ; 12.342     ;
; 7.403 ; dualport_mem_synch_rw_dualclk:imem|altsyncram:mem_rtl_0|altsyncram_vod2:auto_generated|ram_block1a1~portb_we_reg  ; rv32i_cpu:icpu|datapath:i_datapath|PCPlus4_D[5]         ; clk          ; clk         ; 20.000       ; -0.242     ; 12.342     ;
; 7.403 ; dualport_mem_synch_rw_dualclk:imem|altsyncram:mem_rtl_0|altsyncram_vod2:auto_generated|ram_block1a1~portb_we_reg  ; rv32i_cpu:icpu|datapath:i_datapath|PCPlus4_D[14]        ; clk          ; clk         ; 20.000       ; -0.242     ; 12.342     ;
; 7.403 ; dualport_mem_synch_rw_dualclk:imem|altsyncram:mem_rtl_0|altsyncram_vod2:auto_generated|ram_block1a1~portb_we_reg  ; rv32i_cpu:icpu|datapath:i_datapath|PCPlus4_D[15]        ; clk          ; clk         ; 20.000       ; -0.242     ; 12.342     ;
; 7.403 ; dualport_mem_synch_rw_dualclk:imem|altsyncram:mem_rtl_0|altsyncram_vod2:auto_generated|ram_block1a1~portb_we_reg  ; rv32i_cpu:icpu|datapath:i_datapath|PCPlus4_D[3]         ; clk          ; clk         ; 20.000       ; -0.242     ; 12.342     ;
; 7.412 ; dualport_mem_synch_rw_dualclk:imem|altsyncram:mem_rtl_0|altsyncram_vod2:auto_generated|ram_block1a1~portb_we_reg  ; rv32i_cpu:icpu|datapath:i_datapath|pc_flopr:pcreg|q[20] ; clk          ; clk         ; 20.000       ; -0.255     ; 12.320     ;
; 7.412 ; dualport_mem_synch_rw_dualclk:imem|altsyncram:mem_rtl_0|altsyncram_vod2:auto_generated|ram_block1a1~portb_we_reg  ; rv32i_cpu:icpu|datapath:i_datapath|pc_flopr:pcreg|q[18] ; clk          ; clk         ; 20.000       ; -0.255     ; 12.320     ;
; 7.412 ; dualport_mem_synch_rw_dualclk:imem|altsyncram:mem_rtl_0|altsyncram_vod2:auto_generated|ram_block1a1~portb_we_reg  ; rv32i_cpu:icpu|datapath:i_datapath|pc_flopr:pcreg|q[6]  ; clk          ; clk         ; 20.000       ; -0.255     ; 12.320     ;
; 7.414 ; dualport_mem_synch_rw_dualclk:imem|altsyncram:mem_rtl_0|altsyncram_vod2:auto_generated|ram_block1a1~portb_we_reg  ; rv32i_cpu:icpu|datapath:i_datapath|pc_flopr:pcreg|q[23] ; clk          ; clk         ; 20.000       ; -0.252     ; 12.321     ;
; 7.417 ; dualport_mem_synch_rw_dualclk:imem|altsyncram:mem_rtl_0|altsyncram_vod2:auto_generated|ram_block1a16~portb_we_reg ; rv32i_cpu:icpu|datapath:i_datapath|pc_flopr:pcreg|q[13] ; clk          ; clk         ; 20.000       ; -0.254     ; 12.316     ;
; 7.421 ; dualport_mem_synch_rw_dualclk:imem|altsyncram:mem_rtl_0|altsyncram_vod2:auto_generated|ram_block1a1~portb_we_reg  ; rv32i_cpu:icpu|datapath:i_datapath|pc_flopr:pcreg|q[21] ; clk          ; clk         ; 20.000       ; -0.244     ; 12.322     ;
; 7.422 ; dualport_mem_synch_rw_dualclk:imem|altsyncram:mem_rtl_0|altsyncram_vod2:auto_generated|ram_block1a9~portb_we_reg  ; rv32i_cpu:icpu|datapath:i_datapath|pc_flopr:pcreg|q[7]  ; clk          ; clk         ; 20.000       ; -0.242     ; 12.323     ;
; 7.422 ; dualport_mem_synch_rw_dualclk:imem|altsyncram:mem_rtl_0|altsyncram_vod2:auto_generated|ram_block1a9~portb_we_reg  ; rv32i_cpu:icpu|datapath:i_datapath|pc_flopr:pcreg|q[31] ; clk          ; clk         ; 20.000       ; -0.242     ; 12.323     ;
; 7.422 ; dualport_mem_synch_rw_dualclk:imem|altsyncram:mem_rtl_0|altsyncram_vod2:auto_generated|ram_block1a9~portb_we_reg  ; rv32i_cpu:icpu|datapath:i_datapath|pc_flopr:pcreg|q[9]  ; clk          ; clk         ; 20.000       ; -0.242     ; 12.323     ;
; 7.422 ; dualport_mem_synch_rw_dualclk:imem|altsyncram:mem_rtl_0|altsyncram_vod2:auto_generated|ram_block1a9~portb_we_reg  ; rv32i_cpu:icpu|datapath:i_datapath|pc_flopr:pcreg|q[17] ; clk          ; clk         ; 20.000       ; -0.242     ; 12.323     ;
; 7.422 ; dualport_mem_synch_rw_dualclk:imem|altsyncram:mem_rtl_0|altsyncram_vod2:auto_generated|ram_block1a9~portb_we_reg  ; rv32i_cpu:icpu|datapath:i_datapath|pc_flopr:pcreg|q[8]  ; clk          ; clk         ; 20.000       ; -0.242     ; 12.323     ;
; 7.422 ; dualport_mem_synch_rw_dualclk:imem|altsyncram:mem_rtl_0|altsyncram_vod2:auto_generated|ram_block1a9~portb_we_reg  ; rv32i_cpu:icpu|datapath:i_datapath|pc_flopr:pcreg|q[4]  ; clk          ; clk         ; 20.000       ; -0.242     ; 12.323     ;
; 7.425 ; dualport_mem_synch_rw_dualclk:imem|altsyncram:mem_rtl_0|altsyncram_vod2:auto_generated|ram_block1a1~portb_we_reg  ; rv32i_cpu:icpu|datapath:i_datapath|rs2_data_E[5]        ; clk          ; clk         ; 20.000       ; -0.244     ; 12.318     ;
; 7.425 ; dualport_mem_synch_rw_dualclk:imem|altsyncram:mem_rtl_0|altsyncram_vod2:auto_generated|ram_block1a1~portb_we_reg  ; rv32i_cpu:icpu|datapath:i_datapath|rs2_data_E[3]        ; clk          ; clk         ; 20.000       ; -0.244     ; 12.318     ;
; 7.436 ; dualport_mem_synch_rw_dualclk:imem|altsyncram:mem_rtl_0|altsyncram_vod2:auto_generated|ram_block1a1~portb_we_reg  ; rv32i_cpu:icpu|datapath:i_datapath|rs2_data_E[8]        ; clk          ; clk         ; 20.000       ; -0.239     ; 12.312     ;
; 7.436 ; dualport_mem_synch_rw_dualclk:imem|altsyncram:mem_rtl_0|altsyncram_vod2:auto_generated|ram_block1a1~portb_we_reg  ; rv32i_cpu:icpu|datapath:i_datapath|rs2_data_E[6]        ; clk          ; clk         ; 20.000       ; -0.239     ; 12.312     ;
; 7.446 ; dualport_mem_synch_rw_dualclk:imem|altsyncram:mem_rtl_0|altsyncram_vod2:auto_generated|ram_block1a16~portb_we_reg ; rv32i_cpu:icpu|datapath:i_datapath|pc_flopr:pcreg|q[15] ; clk          ; clk         ; 20.000       ; -0.233     ; 12.308     ;
; 7.451 ; dualport_mem_synch_rw_dualclk:imem|altsyncram:mem_rtl_0|altsyncram_vod2:auto_generated|ram_block1a17~portb_we_reg ; rv32i_cpu:icpu|datapath:i_datapath|pc_flopr:pcreg|q[15] ; clk          ; clk         ; 20.000       ; -0.231     ; 12.305     ;
; 7.452 ; dualport_mem_synch_rw_dualclk:imem|altsyncram:mem_rtl_0|altsyncram_vod2:auto_generated|ram_block1a17~portb_we_reg ; rv32i_cpu:icpu|datapath:i_datapath|pc_flopr:pcreg|q[13] ; clk          ; clk         ; 20.000       ; -0.222     ; 12.313     ;
; 7.452 ; dualport_mem_synch_rw_dualclk:imem|altsyncram:mem_rtl_0|altsyncram_vod2:auto_generated|ram_block1a16~portb_we_reg ; rv32i_cpu:icpu|datapath:i_datapath|pc_flopr:pcreg|q[6]  ; clk          ; clk         ; 20.000       ; -0.257     ; 12.278     ;
; 7.452 ; dualport_mem_synch_rw_dualclk:imem|altsyncram:mem_rtl_0|altsyncram_vod2:auto_generated|ram_block1a16~portb_we_reg ; rv32i_cpu:icpu|datapath:i_datapath|pc_flopr:pcreg|q[20] ; clk          ; clk         ; 20.000       ; -0.257     ; 12.278     ;
; 7.452 ; dualport_mem_synch_rw_dualclk:imem|altsyncram:mem_rtl_0|altsyncram_vod2:auto_generated|ram_block1a16~portb_we_reg ; rv32i_cpu:icpu|datapath:i_datapath|pc_flopr:pcreg|q[18] ; clk          ; clk         ; 20.000       ; -0.257     ; 12.278     ;
; 7.454 ; dualport_mem_synch_rw_dualclk:imem|altsyncram:mem_rtl_0|altsyncram_vod2:auto_generated|ram_block1a16~portb_we_reg ; rv32i_cpu:icpu|datapath:i_datapath|pc_flopr:pcreg|q[23] ; clk          ; clk         ; 20.000       ; -0.254     ; 12.279     ;
; 7.458 ; dualport_mem_synch_rw_dualclk:imem|altsyncram:mem_rtl_0|altsyncram_vod2:auto_generated|ram_block1a16~portb_we_reg ; rv32i_cpu:icpu|datapath:i_datapath|PCPlus4_D[2]         ; clk          ; clk         ; 20.000       ; -0.229     ; 12.300     ;
; 7.458 ; dualport_mem_synch_rw_dualclk:imem|altsyncram:mem_rtl_0|altsyncram_vod2:auto_generated|ram_block1a16~portb_we_reg ; rv32i_cpu:icpu|datapath:i_datapath|PC_D[15]             ; clk          ; clk         ; 20.000       ; -0.229     ; 12.300     ;
; 7.458 ; dualport_mem_synch_rw_dualclk:imem|altsyncram:mem_rtl_0|altsyncram_vod2:auto_generated|ram_block1a16~portb_we_reg ; rv32i_cpu:icpu|datapath:i_datapath|PCPlus4_D[5]         ; clk          ; clk         ; 20.000       ; -0.229     ; 12.300     ;
; 7.458 ; dualport_mem_synch_rw_dualclk:imem|altsyncram:mem_rtl_0|altsyncram_vod2:auto_generated|ram_block1a16~portb_we_reg ; rv32i_cpu:icpu|datapath:i_datapath|PCPlus4_D[14]        ; clk          ; clk         ; 20.000       ; -0.229     ; 12.300     ;
; 7.458 ; dualport_mem_synch_rw_dualclk:imem|altsyncram:mem_rtl_0|altsyncram_vod2:auto_generated|ram_block1a16~portb_we_reg ; rv32i_cpu:icpu|datapath:i_datapath|PCPlus4_D[15]        ; clk          ; clk         ; 20.000       ; -0.229     ; 12.300     ;
; 7.458 ; dualport_mem_synch_rw_dualclk:imem|altsyncram:mem_rtl_0|altsyncram_vod2:auto_generated|ram_block1a16~portb_we_reg ; rv32i_cpu:icpu|datapath:i_datapath|PCPlus4_D[3]         ; clk          ; clk         ; 20.000       ; -0.229     ; 12.300     ;
; 7.463 ; dualport_mem_synch_rw_dualclk:imem|altsyncram:mem_rtl_0|altsyncram_vod2:auto_generated|ram_block1a17~portb_we_reg ; rv32i_cpu:icpu|datapath:i_datapath|PCPlus4_D[2]         ; clk          ; clk         ; 20.000       ; -0.227     ; 12.297     ;
; 7.463 ; dualport_mem_synch_rw_dualclk:imem|altsyncram:mem_rtl_0|altsyncram_vod2:auto_generated|ram_block1a17~portb_we_reg ; rv32i_cpu:icpu|datapath:i_datapath|PC_D[15]             ; clk          ; clk         ; 20.000       ; -0.227     ; 12.297     ;
; 7.463 ; dualport_mem_synch_rw_dualclk:imem|altsyncram:mem_rtl_0|altsyncram_vod2:auto_generated|ram_block1a17~portb_we_reg ; rv32i_cpu:icpu|datapath:i_datapath|PCPlus4_D[5]         ; clk          ; clk         ; 20.000       ; -0.227     ; 12.297     ;
; 7.463 ; dualport_mem_synch_rw_dualclk:imem|altsyncram:mem_rtl_0|altsyncram_vod2:auto_generated|ram_block1a17~portb_we_reg ; rv32i_cpu:icpu|datapath:i_datapath|PCPlus4_D[14]        ; clk          ; clk         ; 20.000       ; -0.227     ; 12.297     ;
; 7.463 ; dualport_mem_synch_rw_dualclk:imem|altsyncram:mem_rtl_0|altsyncram_vod2:auto_generated|ram_block1a17~portb_we_reg ; rv32i_cpu:icpu|datapath:i_datapath|PCPlus4_D[15]        ; clk          ; clk         ; 20.000       ; -0.227     ; 12.297     ;
; 7.463 ; dualport_mem_synch_rw_dualclk:imem|altsyncram:mem_rtl_0|altsyncram_vod2:auto_generated|ram_block1a17~portb_we_reg ; rv32i_cpu:icpu|datapath:i_datapath|PCPlus4_D[3]         ; clk          ; clk         ; 20.000       ; -0.227     ; 12.297     ;
; 7.469 ; dualport_mem_synch_rw_dualclk:imem|altsyncram:mem_rtl_0|altsyncram_vod2:auto_generated|ram_block1a8~portb_we_reg  ; rv32i_cpu:icpu|datapath:i_datapath|pc_flopr:pcreg|q[13] ; clk          ; clk         ; 20.000       ; -0.270     ; 12.248     ;
; 7.476 ; dualport_mem_synch_rw_dualclk:imem|altsyncram:mem_rtl_0|altsyncram_vod2:auto_generated|ram_block1a16~portb_we_reg ; rv32i_cpu:icpu|datapath:i_datapath|pc_flopr:pcreg|q[21] ; clk          ; clk         ; 20.000       ; -0.231     ; 12.280     ;
; 7.477 ; dualport_mem_synch_rw_dualclk:imem|altsyncram:mem_rtl_0|altsyncram_vod2:auto_generated|ram_block1a1~portb_we_reg  ; rv32i_cpu:icpu|datapath:i_datapath|pc_flopr:pcreg|q[7]  ; clk          ; clk         ; 20.000       ; -0.248     ; 12.262     ;
; 7.477 ; dualport_mem_synch_rw_dualclk:imem|altsyncram:mem_rtl_0|altsyncram_vod2:auto_generated|ram_block1a1~portb_we_reg  ; rv32i_cpu:icpu|datapath:i_datapath|pc_flopr:pcreg|q[31] ; clk          ; clk         ; 20.000       ; -0.248     ; 12.262     ;
; 7.477 ; dualport_mem_synch_rw_dualclk:imem|altsyncram:mem_rtl_0|altsyncram_vod2:auto_generated|ram_block1a1~portb_we_reg  ; rv32i_cpu:icpu|datapath:i_datapath|pc_flopr:pcreg|q[9]  ; clk          ; clk         ; 20.000       ; -0.248     ; 12.262     ;
; 7.477 ; dualport_mem_synch_rw_dualclk:imem|altsyncram:mem_rtl_0|altsyncram_vod2:auto_generated|ram_block1a1~portb_we_reg  ; rv32i_cpu:icpu|datapath:i_datapath|pc_flopr:pcreg|q[17] ; clk          ; clk         ; 20.000       ; -0.248     ; 12.262     ;
; 7.477 ; dualport_mem_synch_rw_dualclk:imem|altsyncram:mem_rtl_0|altsyncram_vod2:auto_generated|ram_block1a1~portb_we_reg  ; rv32i_cpu:icpu|datapath:i_datapath|pc_flopr:pcreg|q[8]  ; clk          ; clk         ; 20.000       ; -0.248     ; 12.262     ;
; 7.477 ; dualport_mem_synch_rw_dualclk:imem|altsyncram:mem_rtl_0|altsyncram_vod2:auto_generated|ram_block1a1~portb_we_reg  ; rv32i_cpu:icpu|datapath:i_datapath|pc_flopr:pcreg|q[4]  ; clk          ; clk         ; 20.000       ; -0.248     ; 12.262     ;
; 7.478 ; dualport_mem_synch_rw_dualclk:imem|altsyncram:mem_rtl_0|altsyncram_vod2:auto_generated|ram_block1a9~portb_we_reg  ; rv32i_cpu:icpu|datapath:i_datapath|PC_D[20]             ; clk          ; clk         ; 20.000       ; -0.249     ; 12.260     ;
; 7.478 ; dualport_mem_synch_rw_dualclk:imem|altsyncram:mem_rtl_0|altsyncram_vod2:auto_generated|ram_block1a9~portb_we_reg  ; rv32i_cpu:icpu|datapath:i_datapath|PC_D[18]             ; clk          ; clk         ; 20.000       ; -0.249     ; 12.260     ;
; 7.478 ; dualport_mem_synch_rw_dualclk:imem|altsyncram:mem_rtl_0|altsyncram_vod2:auto_generated|ram_block1a9~portb_we_reg  ; rv32i_cpu:icpu|datapath:i_datapath|PCPlus4_D[6]         ; clk          ; clk         ; 20.000       ; -0.249     ; 12.260     ;
; 7.478 ; dualport_mem_synch_rw_dualclk:imem|altsyncram:mem_rtl_0|altsyncram_vod2:auto_generated|ram_block1a9~portb_we_reg  ; rv32i_cpu:icpu|datapath:i_datapath|PCPlus4_D[8]         ; clk          ; clk         ; 20.000       ; -0.249     ; 12.260     ;
; 7.478 ; dualport_mem_synch_rw_dualclk:imem|altsyncram:mem_rtl_0|altsyncram_vod2:auto_generated|ram_block1a9~portb_we_reg  ; rv32i_cpu:icpu|datapath:i_datapath|PCPlus4_D[18]        ; clk          ; clk         ; 20.000       ; -0.249     ; 12.260     ;
; 7.478 ; dualport_mem_synch_rw_dualclk:imem|altsyncram:mem_rtl_0|altsyncram_vod2:auto_generated|ram_block1a9~portb_we_reg  ; rv32i_cpu:icpu|datapath:i_datapath|PCPlus4_D[20]        ; clk          ; clk         ; 20.000       ; -0.249     ; 12.260     ;
; 7.480 ; dualport_mem_synch_rw_dualclk:imem|altsyncram:mem_rtl_0|altsyncram_vod2:auto_generated|ram_block1a9~portb_we_reg  ; rv32i_cpu:icpu|datapath:i_datapath|ImmExt_E[8]          ; clk          ; clk         ; 20.000       ; -0.233     ; 12.274     ;
; 7.480 ; dualport_mem_synch_rw_dualclk:imem|altsyncram:mem_rtl_0|altsyncram_vod2:auto_generated|ram_block1a16~portb_we_reg ; rv32i_cpu:icpu|datapath:i_datapath|rs2_data_E[5]        ; clk          ; clk         ; 20.000       ; -0.231     ; 12.276     ;
; 7.480 ; dualport_mem_synch_rw_dualclk:imem|altsyncram:mem_rtl_0|altsyncram_vod2:auto_generated|ram_block1a16~portb_we_reg ; rv32i_cpu:icpu|datapath:i_datapath|rs2_data_E[3]        ; clk          ; clk         ; 20.000       ; -0.231     ; 12.276     ;
; 7.481 ; dualport_mem_synch_rw_dualclk:imem|altsyncram:mem_rtl_0|altsyncram_vod2:auto_generated|ram_block1a17~portb_we_reg ; rv32i_cpu:icpu|datapath:i_datapath|pc_flopr:pcreg|q[21] ; clk          ; clk         ; 20.000       ; -0.229     ; 12.277     ;
; 7.483 ; dualport_mem_synch_rw_dualclk:imem|altsyncram:mem_rtl_0|altsyncram_vod2:auto_generated|ram_block1a8~portb_we_reg  ; rv32i_cpu:icpu|datapath:i_datapath|pc_flopr:pcreg|q[15] ; clk          ; clk         ; 20.000       ; -0.264     ; 12.240     ;
; 7.485 ; dualport_mem_synch_rw_dualclk:imem|altsyncram:mem_rtl_0|altsyncram_vod2:auto_generated|ram_block1a17~portb_we_reg ; rv32i_cpu:icpu|datapath:i_datapath|rs2_data_E[5]        ; clk          ; clk         ; 20.000       ; -0.229     ; 12.273     ;
; 7.485 ; dualport_mem_synch_rw_dualclk:imem|altsyncram:mem_rtl_0|altsyncram_vod2:auto_generated|ram_block1a17~portb_we_reg ; rv32i_cpu:icpu|datapath:i_datapath|rs2_data_E[3]        ; clk          ; clk         ; 20.000       ; -0.229     ; 12.273     ;
; 7.487 ; dualport_mem_synch_rw_dualclk:imem|altsyncram:mem_rtl_0|altsyncram_vod2:auto_generated|ram_block1a17~portb_we_reg ; rv32i_cpu:icpu|datapath:i_datapath|pc_flopr:pcreg|q[20] ; clk          ; clk         ; 20.000       ; -0.225     ; 12.275     ;
; 7.487 ; dualport_mem_synch_rw_dualclk:imem|altsyncram:mem_rtl_0|altsyncram_vod2:auto_generated|ram_block1a17~portb_we_reg ; rv32i_cpu:icpu|datapath:i_datapath|pc_flopr:pcreg|q[18] ; clk          ; clk         ; 20.000       ; -0.225     ; 12.275     ;
; 7.487 ; dualport_mem_synch_rw_dualclk:imem|altsyncram:mem_rtl_0|altsyncram_vod2:auto_generated|ram_block1a17~portb_we_reg ; rv32i_cpu:icpu|datapath:i_datapath|pc_flopr:pcreg|q[6]  ; clk          ; clk         ; 20.000       ; -0.225     ; 12.275     ;
; 7.489 ; dualport_mem_synch_rw_dualclk:imem|altsyncram:mem_rtl_0|altsyncram_vod2:auto_generated|ram_block1a17~portb_we_reg ; rv32i_cpu:icpu|datapath:i_datapath|pc_flopr:pcreg|q[23] ; clk          ; clk         ; 20.000       ; -0.222     ; 12.276     ;
; 7.491 ; dualport_mem_synch_rw_dualclk:imem|altsyncram:mem_rtl_0|altsyncram_vod2:auto_generated|ram_block1a16~portb_we_reg ; rv32i_cpu:icpu|datapath:i_datapath|rs2_data_E[8]        ; clk          ; clk         ; 20.000       ; -0.226     ; 12.270     ;
; 7.491 ; dualport_mem_synch_rw_dualclk:imem|altsyncram:mem_rtl_0|altsyncram_vod2:auto_generated|ram_block1a16~portb_we_reg ; rv32i_cpu:icpu|datapath:i_datapath|rs2_data_E[6]        ; clk          ; clk         ; 20.000       ; -0.226     ; 12.270     ;
; 7.493 ; dualport_mem_synch_rw_dualclk:imem|altsyncram:mem_rtl_0|altsyncram_vod2:auto_generated|ram_block1a9~portb_we_reg  ; rv32i_cpu:icpu|datapath:i_datapath|pc_flopr:pcreg|q[26] ; clk          ; clk         ; 20.000       ; -0.244     ; 12.250     ;
; 7.493 ; dualport_mem_synch_rw_dualclk:imem|altsyncram:mem_rtl_0|altsyncram_vod2:auto_generated|ram_block1a9~portb_we_reg  ; rv32i_cpu:icpu|datapath:i_datapath|rs1_data_E[23]       ; clk          ; clk         ; 20.000       ; -0.246     ; 12.248     ;
; 7.494 ; dualport_mem_synch_rw_dualclk:imem|altsyncram:mem_rtl_0|altsyncram_vod2:auto_generated|ram_block1a9~portb_we_reg  ; rv32i_cpu:icpu|datapath:i_datapath|pc_flopr:pcreg|q[27] ; clk          ; clk         ; 20.000       ; -0.243     ; 12.250     ;
; 7.495 ; dualport_mem_synch_rw_dualclk:imem|altsyncram:mem_rtl_0|altsyncram_vod2:auto_generated|ram_block1a9~portb_we_reg  ; rv32i_cpu:icpu|datapath:i_datapath|rs2_data_E[17]       ; clk          ; clk         ; 20.000       ; -0.240     ; 12.252     ;
; 7.495 ; dualport_mem_synch_rw_dualclk:imem|altsyncram:mem_rtl_0|altsyncram_vod2:auto_generated|ram_block1a8~portb_we_reg  ; rv32i_cpu:icpu|datapath:i_datapath|PCPlus4_D[2]         ; clk          ; clk         ; 20.000       ; -0.260     ; 12.232     ;
; 7.495 ; dualport_mem_synch_rw_dualclk:imem|altsyncram:mem_rtl_0|altsyncram_vod2:auto_generated|ram_block1a8~portb_we_reg  ; rv32i_cpu:icpu|datapath:i_datapath|PC_D[15]             ; clk          ; clk         ; 20.000       ; -0.260     ; 12.232     ;
; 7.495 ; dualport_mem_synch_rw_dualclk:imem|altsyncram:mem_rtl_0|altsyncram_vod2:auto_generated|ram_block1a8~portb_we_reg  ; rv32i_cpu:icpu|datapath:i_datapath|PCPlus4_D[5]         ; clk          ; clk         ; 20.000       ; -0.260     ; 12.232     ;
; 7.495 ; dualport_mem_synch_rw_dualclk:imem|altsyncram:mem_rtl_0|altsyncram_vod2:auto_generated|ram_block1a8~portb_we_reg  ; rv32i_cpu:icpu|datapath:i_datapath|PCPlus4_D[14]        ; clk          ; clk         ; 20.000       ; -0.260     ; 12.232     ;
; 7.495 ; dualport_mem_synch_rw_dualclk:imem|altsyncram:mem_rtl_0|altsyncram_vod2:auto_generated|ram_block1a8~portb_we_reg  ; rv32i_cpu:icpu|datapath:i_datapath|PCPlus4_D[15]        ; clk          ; clk         ; 20.000       ; -0.260     ; 12.232     ;
; 7.495 ; dualport_mem_synch_rw_dualclk:imem|altsyncram:mem_rtl_0|altsyncram_vod2:auto_generated|ram_block1a8~portb_we_reg  ; rv32i_cpu:icpu|datapath:i_datapath|PCPlus4_D[3]         ; clk          ; clk         ; 20.000       ; -0.260     ; 12.232     ;
; 7.496 ; dualport_mem_synch_rw_dualclk:imem|altsyncram:mem_rtl_0|altsyncram_vod2:auto_generated|ram_block1a17~portb_we_reg ; rv32i_cpu:icpu|datapath:i_datapath|rs2_data_E[8]        ; clk          ; clk         ; 20.000       ; -0.224     ; 12.267     ;
; 7.496 ; dualport_mem_synch_rw_dualclk:imem|altsyncram:mem_rtl_0|altsyncram_vod2:auto_generated|ram_block1a17~portb_we_reg ; rv32i_cpu:icpu|datapath:i_datapath|rs2_data_E[6]        ; clk          ; clk         ; 20.000       ; -0.224     ; 12.267     ;
; 7.496 ; dualport_mem_synch_rw_dualclk:imem|altsyncram:mem_rtl_0|altsyncram_vod2:auto_generated|ram_block1a9~portb_we_reg  ; rv32i_cpu:icpu|datapath:i_datapath|PCPlus4_D[4]         ; clk          ; clk         ; 20.000       ; -0.242     ; 12.249     ;
+-------+-------------------------------------------------------------------------------------------------------------------+---------------------------------------------------------+--------------+-------------+--------------+------------+------------+


+---------------------------------------------------------------------------------------------------------------------------------------------------------------------------------------------------------------------------------------------------------------------------------------------------------------------------------------------------+
; Fast 1200mV 0C Model Hold: 'clk'                                                                                                                                                                                                                                                                                                                  ;
+-------+----------------------------------------------------------------------------------------------------------------------------------+----------------------------------------------------------------------------------------------------------------------------------+--------------+-------------+--------------+------------+------------+
; Slack ; From Node                                                                                                                        ; To Node                                                                                                                          ; Launch Clock ; Latch Clock ; Relationship ; Clock Skew ; Data Delay ;
+-------+----------------------------------------------------------------------------------------------------------------------------------+----------------------------------------------------------------------------------------------------------------------------------+--------------+-------------+--------------+------------+------------+
; 0.151 ; rv32i_cpu:icpu|datapath:i_datapath|pc_flopr:pcreg|q[3]                                                                           ; dualport_mem_synch_rw_dualclk:imem|altsyncram:mem_rtl_0|altsyncram_vod2:auto_generated|ram_block1a16~porta_address_reg0          ; clk          ; clk         ; 0.000        ; 0.227      ; 0.482      ;
; 0.159 ; rv32i_cpu:icpu|datapath:i_datapath|ALUResult_M[12]                                                                               ; dualport_mem_synch_rw_dualclk:imem|altsyncram:mem_rtl_0|altsyncram_vod2:auto_generated|ram_block1a24~portb_address_reg0          ; clk          ; clk         ; 0.000        ; 0.232      ; 0.495      ;
; 0.165 ; rv32i_cpu:icpu|datapath:i_datapath|pc_flopr:pcreg|q[6]                                                                           ; dualport_mem_synch_rw_dualclk:imem|altsyncram:mem_rtl_0|altsyncram_vod2:auto_generated|ram_block1a27~porta_address_reg0          ; clk          ; clk         ; 0.000        ; 0.227      ; 0.496      ;
; 0.173 ; rv32i_cpu:icpu|datapath:i_datapath|pc_flopr:pcreg|q[1]                                                                           ; rv32i_cpu:icpu|datapath:i_datapath|pc_flopr:pcreg|q[1]                                                                           ; clk          ; clk         ; 0.000        ; 0.050      ; 0.307      ;
; 0.173 ; rv32i_cpu:icpu|datapath:i_datapath|ALUResult_M[5]                                                                                ; dualport_mem_synch_rw_dualclk:imem|altsyncram:mem_rtl_0|altsyncram_vod2:auto_generated|ram_block1a16~portb_address_reg0          ; clk          ; clk         ; 0.000        ; 0.226      ; 0.503      ;
; 0.174 ; rv32i_cpu:icpu|datapath:i_datapath|pc_flopr:pcreg|q[0]                                                                           ; rv32i_cpu:icpu|datapath:i_datapath|pc_flopr:pcreg|q[0]                                                                           ; clk          ; clk         ; 0.000        ; 0.049      ; 0.307      ;
; 0.180 ; GPIO:iGPIO|SW_StatusR[2]                                                                                                         ; GPIO:iGPIO|SW_StatusR[2]                                                                                                         ; clk          ; clk         ; 0.000        ; 0.043      ; 0.307      ;
; 0.180 ; GPIO:iGPIO|BUTTON_StatusR[2]                                                                                                     ; GPIO:iGPIO|BUTTON_StatusR[2]                                                                                                     ; clk          ; clk         ; 0.000        ; 0.043      ; 0.307      ;
; 0.180 ; GPIO:iGPIO|BUTTON_StatusR[1]                                                                                                     ; GPIO:iGPIO|BUTTON_StatusR[1]                                                                                                     ; clk          ; clk         ; 0.000        ; 0.043      ; 0.307      ;
; 0.180 ; GPIO:iGPIO|SW_StatusR[1]                                                                                                         ; GPIO:iGPIO|SW_StatusR[1]                                                                                                         ; clk          ; clk         ; 0.000        ; 0.043      ; 0.307      ;
; 0.180 ; GPIO:iGPIO|SW_StatusR[9]                                                                                                         ; GPIO:iGPIO|SW_StatusR[9]                                                                                                         ; clk          ; clk         ; 0.000        ; 0.043      ; 0.307      ;
; 0.180 ; GPIO:iGPIO|SW_StatusR[0]                                                                                                         ; GPIO:iGPIO|SW_StatusR[0]                                                                                                         ; clk          ; clk         ; 0.000        ; 0.043      ; 0.307      ;
; 0.180 ; GPIO:iGPIO|SW_StatusR[8]                                                                                                         ; GPIO:iGPIO|SW_StatusR[8]                                                                                                         ; clk          ; clk         ; 0.000        ; 0.043      ; 0.307      ;
; 0.180 ; GPIO:iGPIO|SW_StatusR[7]                                                                                                         ; GPIO:iGPIO|SW_StatusR[7]                                                                                                         ; clk          ; clk         ; 0.000        ; 0.043      ; 0.307      ;
; 0.180 ; GPIO:iGPIO|SW_StatusR[3]                                                                                                         ; GPIO:iGPIO|SW_StatusR[3]                                                                                                         ; clk          ; clk         ; 0.000        ; 0.043      ; 0.307      ;
; 0.180 ; GPIO:iGPIO|SW_StatusR[5]                                                                                                         ; GPIO:iGPIO|SW_StatusR[5]                                                                                                         ; clk          ; clk         ; 0.000        ; 0.043      ; 0.307      ;
; 0.180 ; GPIO:iGPIO|SW_StatusR[6]                                                                                                         ; GPIO:iGPIO|SW_StatusR[6]                                                                                                         ; clk          ; clk         ; 0.000        ; 0.043      ; 0.307      ;
; 0.180 ; GPIO:iGPIO|SW_StatusR[4]                                                                                                         ; GPIO:iGPIO|SW_StatusR[4]                                                                                                         ; clk          ; clk         ; 0.000        ; 0.043      ; 0.307      ;
; 0.181 ; uart_wrap:iuart_wrap|uart:u_uart|uart_transmitter:uatransmit|bit_counter[3]                                                      ; uart_wrap:iuart_wrap|uart:u_uart|uart_transmitter:uatransmit|bit_counter[3]                                                      ; clk          ; clk         ; 0.000        ; 0.042      ; 0.307      ;
; 0.181 ; uart_wrap:iuart_wrap|uart:u_uart|uart_transmitter:uatransmit|bit_counter[0]                                                      ; uart_wrap:iuart_wrap|uart:u_uart|uart_transmitter:uatransmit|bit_counter[0]                                                      ; clk          ; clk         ; 0.000        ; 0.042      ; 0.307      ;
; 0.181 ; uart_wrap:iuart_wrap|uart:u_uart|uart_transmitter:uatransmit|bit_counter[1]                                                      ; uart_wrap:iuart_wrap|uart:u_uart|uart_transmitter:uatransmit|bit_counter[1]                                                      ; clk          ; clk         ; 0.000        ; 0.042      ; 0.307      ;
; 0.181 ; TimerCounter:iTimer|StatusR[0]                                                                                                   ; TimerCounter:iTimer|StatusR[0]                                                                                                   ; clk          ; clk         ; 0.000        ; 0.042      ; 0.307      ;
; 0.181 ; uart_wrap:iuart_wrap|uart:u_uart|uart_receiver:uareceive|has_byte                                                                ; uart_wrap:iuart_wrap|uart:u_uart|uart_receiver:uareceive|has_byte                                                                ; clk          ; clk         ; 0.000        ; 0.042      ; 0.307      ;
; 0.181 ; uart_wrap:iuart_wrap|uart:u_uart|uart_receiver:uareceive|bit_counter[0]                                                          ; uart_wrap:iuart_wrap|uart:u_uart|uart_receiver:uareceive|bit_counter[0]                                                          ; clk          ; clk         ; 0.000        ; 0.042      ; 0.307      ;
; 0.181 ; rv32i_cpu:icpu|datapath:i_datapath|altshift_taps:PCPlus4_E_rtl_0|shift_taps_bkm:auto_generated|cntr_6pf:cntr1|counter_reg_bit[0] ; rv32i_cpu:icpu|datapath:i_datapath|altshift_taps:PCPlus4_E_rtl_0|shift_taps_bkm:auto_generated|cntr_6pf:cntr1|counter_reg_bit[0] ; clk          ; clk         ; 0.000        ; 0.042      ; 0.307      ;
; 0.186 ; GPIO:iGPIO|pulse_gen:button2|c_state.S11                                                                                         ; GPIO:iGPIO|pulse_gen:button2|c_state.S12                                                                                         ; clk          ; clk         ; 0.000        ; 0.043      ; 0.313      ;
; 0.187 ; GPIO:iGPIO|pulse_gen:sw2|c_state.S3                                                                                              ; GPIO:iGPIO|pulse_gen:sw2|c_state.S4                                                                                              ; clk          ; clk         ; 0.000        ; 0.042      ; 0.313      ;
; 0.187 ; GPIO:iGPIO|pulse_gen:button2|c_state.S10                                                                                         ; GPIO:iGPIO|pulse_gen:button2|c_state.S11                                                                                         ; clk          ; clk         ; 0.000        ; 0.043      ; 0.314      ;
; 0.187 ; GPIO:iGPIO|pulse_gen:sw1|c_state.S4                                                                                              ; GPIO:iGPIO|pulse_gen:sw1|c_state.S5                                                                                              ; clk          ; clk         ; 0.000        ; 0.042      ; 0.313      ;
; 0.187 ; GPIO:iGPIO|pulse_gen:sw7|c_state.S7                                                                                              ; GPIO:iGPIO|pulse_gen:sw7|c_state.S8                                                                                              ; clk          ; clk         ; 0.000        ; 0.042      ; 0.313      ;
; 0.187 ; GPIO:iGPIO|pulse_gen:sw7|c_state.S3                                                                                              ; GPIO:iGPIO|pulse_gen:sw7|c_state.S4                                                                                              ; clk          ; clk         ; 0.000        ; 0.042      ; 0.313      ;
; 0.187 ; GPIO:iGPIO|pulse_gen:sw3|c_state.S1                                                                                              ; GPIO:iGPIO|pulse_gen:sw3|c_state.S2                                                                                              ; clk          ; clk         ; 0.000        ; 0.042      ; 0.313      ;
; 0.187 ; GPIO:iGPIO|pulse_gen:sw5|c_state.S12                                                                                             ; GPIO:iGPIO|pulse_gen:sw5|c_state.S13                                                                                             ; clk          ; clk         ; 0.000        ; 0.042      ; 0.313      ;
; 0.187 ; GPIO:iGPIO|pulse_gen:sw8|c_state.S3                                                                                              ; GPIO:iGPIO|pulse_gen:sw8|c_state.S4                                                                                              ; clk          ; clk         ; 0.000        ; 0.042      ; 0.313      ;
; 0.188 ; uart_wrap:iuart_wrap|uart:u_uart|uart_transmitter:uatransmit|tx_shift[2]                                                         ; uart_wrap:iuart_wrap|uart:u_uart|uart_transmitter:uatransmit|tx_shift[1]                                                         ; clk          ; clk         ; 0.000        ; 0.042      ; 0.314      ;
; 0.188 ; GPIO:iGPIO|pulse_gen:button1|c_state.S8                                                                                          ; GPIO:iGPIO|pulse_gen:button1|c_state.S9                                                                                          ; clk          ; clk         ; 0.000        ; 0.042      ; 0.314      ;
; 0.188 ; GPIO:iGPIO|pulse_gen:button1|c_state.S5                                                                                          ; GPIO:iGPIO|pulse_gen:button1|c_state.S6                                                                                          ; clk          ; clk         ; 0.000        ; 0.042      ; 0.314      ;
; 0.188 ; rv32i_cpu:icpu|datapath:i_datapath|ALUResult_M[10]                                                                               ; dualport_mem_synch_rw_dualclk:imem|altsyncram:mem_rtl_0|altsyncram_vod2:auto_generated|ram_block1a13~portb_address_reg0          ; clk          ; clk         ; 0.000        ; 0.225      ; 0.517      ;
; 0.188 ; GPIO:iGPIO|pulse_gen:sw2|c_state.S9                                                                                              ; GPIO:iGPIO|pulse_gen:sw2|c_state.S10                                                                                             ; clk          ; clk         ; 0.000        ; 0.042      ; 0.314      ;
; 0.188 ; GPIO:iGPIO|pulse_gen:sw2|c_state.S8                                                                                              ; GPIO:iGPIO|pulse_gen:sw2|c_state.S9                                                                                              ; clk          ; clk         ; 0.000        ; 0.042      ; 0.314      ;
; 0.188 ; GPIO:iGPIO|pulse_gen:sw2|c_state.S1                                                                                              ; GPIO:iGPIO|pulse_gen:sw2|c_state.S2                                                                                              ; clk          ; clk         ; 0.000        ; 0.042      ; 0.314      ;
; 0.188 ; GPIO:iGPIO|pulse_gen:sw1|c_state.S13                                                                                             ; GPIO:iGPIO|pulse_gen:sw1|c_state.S14                                                                                             ; clk          ; clk         ; 0.000        ; 0.042      ; 0.314      ;
; 0.188 ; GPIO:iGPIO|pulse_gen:sw1|c_state.S12                                                                                             ; GPIO:iGPIO|pulse_gen:sw1|c_state.S13                                                                                             ; clk          ; clk         ; 0.000        ; 0.042      ; 0.314      ;
; 0.188 ; GPIO:iGPIO|pulse_gen:sw1|c_state.S7                                                                                              ; GPIO:iGPIO|pulse_gen:sw1|c_state.S8                                                                                              ; clk          ; clk         ; 0.000        ; 0.042      ; 0.314      ;
; 0.188 ; GPIO:iGPIO|pulse_gen:sw1|c_state.S6                                                                                              ; GPIO:iGPIO|pulse_gen:sw1|c_state.S7                                                                                              ; clk          ; clk         ; 0.000        ; 0.042      ; 0.314      ;
; 0.188 ; GPIO:iGPIO|pulse_gen:sw1|c_state.S5                                                                                              ; GPIO:iGPIO|pulse_gen:sw1|c_state.S6                                                                                              ; clk          ; clk         ; 0.000        ; 0.042      ; 0.314      ;
; 0.188 ; GPIO:iGPIO|pulse_gen:sw1|c_state.S2                                                                                              ; GPIO:iGPIO|pulse_gen:sw1|c_state.S3                                                                                              ; clk          ; clk         ; 0.000        ; 0.042      ; 0.314      ;
; 0.188 ; GPIO:iGPIO|pulse_gen:sw9|c_state.S11                                                                                             ; GPIO:iGPIO|pulse_gen:sw9|c_state.S12                                                                                             ; clk          ; clk         ; 0.000        ; 0.042      ; 0.314      ;
; 0.188 ; GPIO:iGPIO|pulse_gen:sw9|c_state.S5                                                                                              ; GPIO:iGPIO|pulse_gen:sw9|c_state.S6                                                                                              ; clk          ; clk         ; 0.000        ; 0.042      ; 0.314      ;
; 0.188 ; GPIO:iGPIO|pulse_gen:sw9|c_state.S1                                                                                              ; GPIO:iGPIO|pulse_gen:sw9|c_state.S2                                                                                              ; clk          ; clk         ; 0.000        ; 0.042      ; 0.314      ;
; 0.188 ; GPIO:iGPIO|pulse_gen:sw7|c_state.S13                                                                                             ; GPIO:iGPIO|pulse_gen:sw7|c_state.S14                                                                                             ; clk          ; clk         ; 0.000        ; 0.042      ; 0.314      ;
; 0.188 ; GPIO:iGPIO|pulse_gen:sw7|c_state.S12                                                                                             ; GPIO:iGPIO|pulse_gen:sw7|c_state.S13                                                                                             ; clk          ; clk         ; 0.000        ; 0.042      ; 0.314      ;
; 0.188 ; GPIO:iGPIO|pulse_gen:sw7|c_state.S6                                                                                              ; GPIO:iGPIO|pulse_gen:sw7|c_state.S7                                                                                              ; clk          ; clk         ; 0.000        ; 0.042      ; 0.314      ;
; 0.188 ; GPIO:iGPIO|pulse_gen:sw3|c_state.S13                                                                                             ; GPIO:iGPIO|pulse_gen:sw3|c_state.S14                                                                                             ; clk          ; clk         ; 0.000        ; 0.042      ; 0.314      ;
; 0.188 ; GPIO:iGPIO|pulse_gen:sw3|c_state.S12                                                                                             ; GPIO:iGPIO|pulse_gen:sw3|c_state.S13                                                                                             ; clk          ; clk         ; 0.000        ; 0.042      ; 0.314      ;
; 0.188 ; GPIO:iGPIO|pulse_gen:sw3|c_state.S10                                                                                             ; GPIO:iGPIO|pulse_gen:sw3|c_state.S11                                                                                             ; clk          ; clk         ; 0.000        ; 0.042      ; 0.314      ;
; 0.188 ; GPIO:iGPIO|pulse_gen:sw3|c_state.S9                                                                                              ; GPIO:iGPIO|pulse_gen:sw3|c_state.S10                                                                                             ; clk          ; clk         ; 0.000        ; 0.042      ; 0.314      ;
; 0.188 ; GPIO:iGPIO|pulse_gen:sw3|c_state.S3                                                                                              ; GPIO:iGPIO|pulse_gen:sw3|c_state.S4                                                                                              ; clk          ; clk         ; 0.000        ; 0.042      ; 0.314      ;
; 0.188 ; GPIO:iGPIO|pulse_gen:sw5|c_state.S9                                                                                              ; GPIO:iGPIO|pulse_gen:sw5|c_state.S10                                                                                             ; clk          ; clk         ; 0.000        ; 0.042      ; 0.314      ;
; 0.188 ; GPIO:iGPIO|pulse_gen:sw6|c_state.S13                                                                                             ; GPIO:iGPIO|pulse_gen:sw6|c_state.S14                                                                                             ; clk          ; clk         ; 0.000        ; 0.042      ; 0.314      ;
; 0.188 ; GPIO:iGPIO|pulse_gen:sw6|c_state.S8                                                                                              ; GPIO:iGPIO|pulse_gen:sw6|c_state.S9                                                                                              ; clk          ; clk         ; 0.000        ; 0.042      ; 0.314      ;
; 0.188 ; GPIO:iGPIO|pulse_gen:sw6|c_state.S5                                                                                              ; GPIO:iGPIO|pulse_gen:sw6|c_state.S6                                                                                              ; clk          ; clk         ; 0.000        ; 0.042      ; 0.314      ;
; 0.188 ; GPIO:iGPIO|pulse_gen:sw6|c_state.S2                                                                                              ; GPIO:iGPIO|pulse_gen:sw6|c_state.S3                                                                                              ; clk          ; clk         ; 0.000        ; 0.042      ; 0.314      ;
; 0.188 ; GPIO:iGPIO|pulse_gen:sw6|c_state.S1                                                                                              ; GPIO:iGPIO|pulse_gen:sw6|c_state.S2                                                                                              ; clk          ; clk         ; 0.000        ; 0.042      ; 0.314      ;
; 0.188 ; GPIO:iGPIO|pulse_gen:sw8|c_state.S12                                                                                             ; GPIO:iGPIO|pulse_gen:sw8|c_state.S13                                                                                             ; clk          ; clk         ; 0.000        ; 0.042      ; 0.314      ;
; 0.188 ; GPIO:iGPIO|pulse_gen:sw8|c_state.S11                                                                                             ; GPIO:iGPIO|pulse_gen:sw8|c_state.S12                                                                                             ; clk          ; clk         ; 0.000        ; 0.042      ; 0.314      ;
; 0.188 ; GPIO:iGPIO|pulse_gen:sw8|c_state.S8                                                                                              ; GPIO:iGPIO|pulse_gen:sw8|c_state.S9                                                                                              ; clk          ; clk         ; 0.000        ; 0.042      ; 0.314      ;
; 0.188 ; rv32i_cpu:icpu|datapath:i_datapath|Instr_D_stall[17]                                                                             ; rv32i_cpu:icpu|datapath:i_datapath|ImmExt_E[17]                                                                                  ; clk          ; clk         ; 0.000        ; 0.042      ; 0.314      ;
; 0.188 ; rv32i_cpu:icpu|datapath:i_datapath|altshift_taps:PCPlus4_E_rtl_0|shift_taps_bkm:auto_generated|cntr_6pf:cntr1|counter_reg_bit[1] ; rv32i_cpu:icpu|datapath:i_datapath|altshift_taps:PCPlus4_E_rtl_0|shift_taps_bkm:auto_generated|cntr_6pf:cntr1|counter_reg_bit[1] ; clk          ; clk         ; 0.000        ; 0.042      ; 0.314      ;
; 0.189 ; GPIO:iGPIO|pulse_gen:button1|c_state.S6                                                                                          ; GPIO:iGPIO|pulse_gen:button1|c_state.S7                                                                                          ; clk          ; clk         ; 0.000        ; 0.042      ; 0.315      ;
; 0.189 ; GPIO:iGPIO|pulse_gen:button1|c_state.S2                                                                                          ; GPIO:iGPIO|pulse_gen:button1|c_state.S3                                                                                          ; clk          ; clk         ; 0.000        ; 0.042      ; 0.315      ;
; 0.189 ; GPIO:iGPIO|pulse_gen:button1|c_state.S1                                                                                          ; GPIO:iGPIO|pulse_gen:button1|c_state.S2                                                                                          ; clk          ; clk         ; 0.000        ; 0.042      ; 0.315      ;
; 0.189 ; GPIO:iGPIO|pulse_gen:sw2|c_state.S6                                                                                              ; GPIO:iGPIO|pulse_gen:sw2|c_state.S7                                                                                              ; clk          ; clk         ; 0.000        ; 0.042      ; 0.315      ;
; 0.189 ; GPIO:iGPIO|pulse_gen:sw2|c_state.S4                                                                                              ; GPIO:iGPIO|pulse_gen:sw2|c_state.S5                                                                                              ; clk          ; clk         ; 0.000        ; 0.042      ; 0.315      ;
; 0.189 ; GPIO:iGPIO|pulse_gen:sw9|c_state.S12                                                                                             ; GPIO:iGPIO|pulse_gen:sw9|c_state.S13                                                                                             ; clk          ; clk         ; 0.000        ; 0.042      ; 0.315      ;
; 0.189 ; GPIO:iGPIO|pulse_gen:sw9|c_state.S6                                                                                              ; GPIO:iGPIO|pulse_gen:sw9|c_state.S7                                                                                              ; clk          ; clk         ; 0.000        ; 0.042      ; 0.315      ;
; 0.189 ; GPIO:iGPIO|pulse_gen:sw9|c_state.S4                                                                                              ; GPIO:iGPIO|pulse_gen:sw9|c_state.S5                                                                                              ; clk          ; clk         ; 0.000        ; 0.042      ; 0.315      ;
; 0.189 ; GPIO:iGPIO|pulse_gen:sw9|c_state.S2                                                                                              ; GPIO:iGPIO|pulse_gen:sw9|c_state.S3                                                                                              ; clk          ; clk         ; 0.000        ; 0.042      ; 0.315      ;
; 0.189 ; GPIO:iGPIO|pulse_gen:sw7|c_state.S4                                                                                              ; GPIO:iGPIO|pulse_gen:sw7|c_state.S5                                                                                              ; clk          ; clk         ; 0.000        ; 0.042      ; 0.315      ;
; 0.189 ; GPIO:iGPIO|pulse_gen:sw7|c_state.S2                                                                                              ; GPIO:iGPIO|pulse_gen:sw7|c_state.S3                                                                                              ; clk          ; clk         ; 0.000        ; 0.042      ; 0.315      ;
; 0.189 ; GPIO:iGPIO|pulse_gen:sw7|c_state.S1                                                                                              ; GPIO:iGPIO|pulse_gen:sw7|c_state.S2                                                                                              ; clk          ; clk         ; 0.000        ; 0.042      ; 0.315      ;
; 0.189 ; GPIO:iGPIO|pulse_gen:sw3|c_state.S8                                                                                              ; GPIO:iGPIO|pulse_gen:sw3|c_state.S9                                                                                              ; clk          ; clk         ; 0.000        ; 0.042      ; 0.315      ;
; 0.189 ; GPIO:iGPIO|pulse_gen:sw5|c_state.S10                                                                                             ; GPIO:iGPIO|pulse_gen:sw5|c_state.S11                                                                                             ; clk          ; clk         ; 0.000        ; 0.042      ; 0.315      ;
; 0.189 ; GPIO:iGPIO|pulse_gen:sw5|c_state.S4                                                                                              ; GPIO:iGPIO|pulse_gen:sw5|c_state.S5                                                                                              ; clk          ; clk         ; 0.000        ; 0.042      ; 0.315      ;
; 0.189 ; GPIO:iGPIO|pulse_gen:sw5|c_state.S2                                                                                              ; GPIO:iGPIO|pulse_gen:sw5|c_state.S3                                                                                              ; clk          ; clk         ; 0.000        ; 0.042      ; 0.315      ;
; 0.189 ; GPIO:iGPIO|pulse_gen:sw5|c_state.S1                                                                                              ; GPIO:iGPIO|pulse_gen:sw5|c_state.S2                                                                                              ; clk          ; clk         ; 0.000        ; 0.042      ; 0.315      ;
; 0.189 ; GPIO:iGPIO|pulse_gen:sw8|c_state.S6                                                                                              ; GPIO:iGPIO|pulse_gen:sw8|c_state.S7                                                                                              ; clk          ; clk         ; 0.000        ; 0.042      ; 0.315      ;
; 0.189 ; GPIO:iGPIO|pulse_gen:sw8|c_state.S1                                                                                              ; GPIO:iGPIO|pulse_gen:sw8|c_state.S2                                                                                              ; clk          ; clk         ; 0.000        ; 0.042      ; 0.315      ;
; 0.190 ; GPIO:iGPIO|pulse_gen:button1|c_state.S11                                                                                         ; GPIO:iGPIO|pulse_gen:button1|c_state.S12                                                                                         ; clk          ; clk         ; 0.000        ; 0.042      ; 0.316      ;
; 0.190 ; GPIO:iGPIO|pulse_gen:button1|c_state.S4                                                                                          ; GPIO:iGPIO|pulse_gen:button1|c_state.S5                                                                                          ; clk          ; clk         ; 0.000        ; 0.042      ; 0.316      ;
; 0.190 ; GPIO:iGPIO|pulse_gen:button1|c_state.S3                                                                                          ; GPIO:iGPIO|pulse_gen:button1|c_state.S4                                                                                          ; clk          ; clk         ; 0.000        ; 0.042      ; 0.316      ;
; 0.190 ; GPIO:iGPIO|pulse_gen:sw2|c_state.S2                                                                                              ; GPIO:iGPIO|pulse_gen:sw2|c_state.S3                                                                                              ; clk          ; clk         ; 0.000        ; 0.042      ; 0.316      ;
; 0.190 ; GPIO:iGPIO|pulse_gen:sw1|c_state.S1                                                                                              ; GPIO:iGPIO|pulse_gen:sw1|c_state.S2                                                                                              ; clk          ; clk         ; 0.000        ; 0.042      ; 0.316      ;
; 0.190 ; GPIO:iGPIO|pulse_gen:sw5|c_state.S11                                                                                             ; GPIO:iGPIO|pulse_gen:sw5|c_state.S12                                                                                             ; clk          ; clk         ; 0.000        ; 0.042      ; 0.316      ;
; 0.190 ; GPIO:iGPIO|pulse_gen:sw5|c_state.S8                                                                                              ; GPIO:iGPIO|pulse_gen:sw5|c_state.S9                                                                                              ; clk          ; clk         ; 0.000        ; 0.042      ; 0.316      ;
; 0.190 ; GPIO:iGPIO|pulse_gen:sw5|c_state.S3                                                                                              ; GPIO:iGPIO|pulse_gen:sw5|c_state.S4                                                                                              ; clk          ; clk         ; 0.000        ; 0.042      ; 0.316      ;
; 0.190 ; GPIO:iGPIO|pulse_gen:sw6|c_state.S10                                                                                             ; GPIO:iGPIO|pulse_gen:sw6|c_state.S11                                                                                             ; clk          ; clk         ; 0.000        ; 0.042      ; 0.316      ;
; 0.190 ; GPIO:iGPIO|pulse_gen:sw6|c_state.S4                                                                                              ; GPIO:iGPIO|pulse_gen:sw6|c_state.S5                                                                                              ; clk          ; clk         ; 0.000        ; 0.042      ; 0.316      ;
; 0.190 ; GPIO:iGPIO|pulse_gen:sw6|c_state.S3                                                                                              ; GPIO:iGPIO|pulse_gen:sw6|c_state.S4                                                                                              ; clk          ; clk         ; 0.000        ; 0.042      ; 0.316      ;
; 0.190 ; GPIO:iGPIO|pulse_gen:sw8|c_state.S2                                                                                              ; GPIO:iGPIO|pulse_gen:sw8|c_state.S3                                                                                              ; clk          ; clk         ; 0.000        ; 0.042      ; 0.316      ;
+-------+----------------------------------------------------------------------------------------------------------------------------------+----------------------------------------------------------------------------------------------------------------------------------+--------------+-------------+--------------+------------+------------+


+-----------------------------------------------------------------------------------------------------------------------------------------------------------------------------------------------------------------------------+
; Fast 1200mV 0C Model Recovery: 'clk'                                                                                                                                                                                        ;
+--------+-----------+----------------------------------------------------------------------------------------------------------------------------------+--------------+-------------+--------------+------------+------------+
; Slack  ; From Node ; To Node                                                                                                                          ; Launch Clock ; Latch Clock ; Relationship ; Clock Skew ; Data Delay ;
+--------+-----------+----------------------------------------------------------------------------------------------------------------------------------+--------------+-------------+--------------+------------+------------+
; 17.902 ; reset_ff  ; rv32i_cpu:icpu|datapath:i_datapath|ALUResult_M[2]                                                                                ; clk          ; clk         ; 20.000       ; -0.061     ; 2.024      ;
; 17.902 ; reset_ff  ; rv32i_cpu:icpu|datapath:i_datapath|ALUResult_M[3]                                                                                ; clk          ; clk         ; 20.000       ; -0.061     ; 2.024      ;
; 17.902 ; reset_ff  ; rv32i_cpu:icpu|datapath:i_datapath|ALUResult_M[23]                                                                               ; clk          ; clk         ; 20.000       ; -0.062     ; 2.023      ;
; 17.902 ; reset_ff  ; rv32i_cpu:icpu|datapath:i_datapath|pc_flopr:pcreg|q[23]                                                                          ; clk          ; clk         ; 20.000       ; -0.062     ; 2.023      ;
; 17.902 ; reset_ff  ; rv32i_cpu:icpu|datapath:i_datapath|Instr_E[12]                                                                                   ; clk          ; clk         ; 20.000       ; -0.066     ; 2.019      ;
; 17.902 ; reset_ff  ; rv32i_cpu:icpu|datapath:i_datapath|PCPlus4_E[0]                                                                                  ; clk          ; clk         ; 20.000       ; -0.067     ; 2.018      ;
; 17.902 ; reset_ff  ; rv32i_cpu:icpu|datapath:i_datapath|PC_E[3]                                                                                       ; clk          ; clk         ; 20.000       ; -0.067     ; 2.018      ;
; 17.902 ; reset_ff  ; rv32i_cpu:icpu|datapath:i_datapath|PC_E[4]                                                                                       ; clk          ; clk         ; 20.000       ; -0.067     ; 2.018      ;
; 17.902 ; reset_ff  ; rv32i_cpu:icpu|datapath:i_datapath|Instr_E[14]                                                                                   ; clk          ; clk         ; 20.000       ; -0.066     ; 2.019      ;
; 17.902 ; reset_ff  ; rv32i_cpu:icpu|datapath:i_datapath|PC_E[2]                                                                                       ; clk          ; clk         ; 20.000       ; -0.067     ; 2.018      ;
; 17.902 ; reset_ff  ; rv32i_cpu:icpu|datapath:i_datapath|PC_E[22]                                                                                      ; clk          ; clk         ; 20.000       ; -0.066     ; 2.019      ;
; 17.902 ; reset_ff  ; rv32i_cpu:icpu|datapath:i_datapath|PC_E[23]                                                                                      ; clk          ; clk         ; 20.000       ; -0.066     ; 2.019      ;
; 17.902 ; reset_ff  ; rv32i_cpu:icpu|datapath:i_datapath|PC_E[24]                                                                                      ; clk          ; clk         ; 20.000       ; -0.067     ; 2.018      ;
; 17.902 ; reset_ff  ; rv32i_cpu:icpu|datapath:i_datapath|PC_E[29]                                                                                      ; clk          ; clk         ; 20.000       ; -0.066     ; 2.019      ;
; 17.902 ; reset_ff  ; rv32i_cpu:icpu|datapath:i_datapath|PC_E[17]                                                                                      ; clk          ; clk         ; 20.000       ; -0.067     ; 2.018      ;
; 17.902 ; reset_ff  ; rv32i_cpu:icpu|datapath:i_datapath|PC_E[18]                                                                                      ; clk          ; clk         ; 20.000       ; -0.066     ; 2.019      ;
; 17.902 ; reset_ff  ; rv32i_cpu:icpu|datapath:i_datapath|PC_E[20]                                                                                      ; clk          ; clk         ; 20.000       ; -0.066     ; 2.019      ;
; 17.902 ; reset_ff  ; rv32i_cpu:icpu|datapath:i_datapath|PC_E[10]                                                                                      ; clk          ; clk         ; 20.000       ; -0.067     ; 2.018      ;
; 17.902 ; reset_ff  ; rv32i_cpu:icpu|datapath:i_datapath|PC_E[30]                                                                                      ; clk          ; clk         ; 20.000       ; -0.067     ; 2.018      ;
; 17.902 ; reset_ff  ; rv32i_cpu:icpu|datapath:i_datapath|Instr_E[13]                                                                                   ; clk          ; clk         ; 20.000       ; -0.066     ; 2.019      ;
; 17.902 ; reset_ff  ; rv32i_cpu:icpu|datapath:i_datapath|rs1_data_E[23]                                                                                ; clk          ; clk         ; 20.000       ; -0.062     ; 2.023      ;
; 17.902 ; reset_ff  ; rv32i_cpu:icpu|datapath:i_datapath|WriteData_M[4]                                                                                ; clk          ; clk         ; 20.000       ; -0.062     ; 2.023      ;
; 17.902 ; reset_ff  ; rv32i_cpu:icpu|datapath:i_datapath|WriteData_M[5]                                                                                ; clk          ; clk         ; 20.000       ; -0.061     ; 2.024      ;
; 17.902 ; reset_ff  ; rv32i_cpu:icpu|datapath:i_datapath|WriteData_M[20]                                                                               ; clk          ; clk         ; 20.000       ; -0.061     ; 2.024      ;
; 17.902 ; reset_ff  ; rv32i_cpu:icpu|datapath:i_datapath|altshift_taps:PCPlus4_E_rtl_0|shift_taps_bkm:auto_generated|cntr_p8h:cntr5|counter_reg_bit[0] ; clk          ; clk         ; 20.000       ; -0.068     ; 2.017      ;
; 17.902 ; reset_ff  ; rv32i_cpu:icpu|datapath:i_datapath|altshift_taps:PCPlus4_E_rtl_0|shift_taps_bkm:auto_generated|dffe6                             ; clk          ; clk         ; 20.000       ; -0.068     ; 2.017      ;
; 17.902 ; reset_ff  ; rv32i_cpu:icpu|datapath:i_datapath|WriteData_M[23]                                                                               ; clk          ; clk         ; 20.000       ; -0.062     ; 2.023      ;
; 17.903 ; reset_ff  ; rv32i_cpu:icpu|datapath:i_datapath|ALUResult_M[13]                                                                               ; clk          ; clk         ; 20.000       ; -0.062     ; 2.022      ;
; 17.903 ; reset_ff  ; rv32i_cpu:icpu|datapath:i_datapath|pc_flopr:pcreg|q[13]                                                                          ; clk          ; clk         ; 20.000       ; -0.062     ; 2.022      ;
; 17.903 ; reset_ff  ; rv32i_cpu:icpu|datapath:i_datapath|pc_flopr:pcreg|q[6]                                                                           ; clk          ; clk         ; 20.000       ; -0.065     ; 2.019      ;
; 17.903 ; reset_ff  ; rv32i_cpu:icpu|datapath:i_datapath|pc_flopr:pcreg|q[20]                                                                          ; clk          ; clk         ; 20.000       ; -0.065     ; 2.019      ;
; 17.903 ; reset_ff  ; rv32i_cpu:icpu|datapath:i_datapath|pc_flopr:pcreg|q[18]                                                                          ; clk          ; clk         ; 20.000       ; -0.065     ; 2.019      ;
; 17.903 ; reset_ff  ; rv32i_cpu:icpu|datapath:i_datapath|ALUResult_M[16]                                                                               ; clk          ; clk         ; 20.000       ; -0.062     ; 2.022      ;
; 17.903 ; reset_ff  ; rv32i_cpu:icpu|datapath:i_datapath|PC_D[20]                                                                                      ; clk          ; clk         ; 20.000       ; -0.065     ; 2.019      ;
; 17.903 ; reset_ff  ; rv32i_cpu:icpu|datapath:i_datapath|PC_D[18]                                                                                      ; clk          ; clk         ; 20.000       ; -0.065     ; 2.019      ;
; 17.903 ; reset_ff  ; rv32i_cpu:icpu|datapath:i_datapath|PCPlus4_D[6]                                                                                  ; clk          ; clk         ; 20.000       ; -0.065     ; 2.019      ;
; 17.903 ; reset_ff  ; rv32i_cpu:icpu|datapath:i_datapath|PCPlus4_D[8]                                                                                  ; clk          ; clk         ; 20.000       ; -0.065     ; 2.019      ;
; 17.903 ; reset_ff  ; rv32i_cpu:icpu|datapath:i_datapath|PCPlus4_D[18]                                                                                 ; clk          ; clk         ; 20.000       ; -0.065     ; 2.019      ;
; 17.903 ; reset_ff  ; rv32i_cpu:icpu|datapath:i_datapath|PCPlus4_D[20]                                                                                 ; clk          ; clk         ; 20.000       ; -0.065     ; 2.019      ;
; 17.903 ; reset_ff  ; rv32i_cpu:icpu|datapath:i_datapath|WriteData_M[13]                                                                               ; clk          ; clk         ; 20.000       ; -0.062     ; 2.022      ;
; 17.904 ; reset_ff  ; rv32i_cpu:icpu|datapath:i_datapath|ALUResult_M[6]                                                                                ; clk          ; clk         ; 20.000       ; -0.062     ; 2.021      ;
; 17.904 ; reset_ff  ; rv32i_cpu:icpu|datapath:i_datapath|ALUResult_M[10]                                                                               ; clk          ; clk         ; 20.000       ; -0.063     ; 2.020      ;
; 17.905 ; reset_ff  ; rv32i_cpu:icpu|datapath:i_datapath|ALUResult_M[4]                                                                                ; clk          ; clk         ; 20.000       ; -0.063     ; 2.019      ;
; 17.905 ; reset_ff  ; rv32i_cpu:icpu|datapath:i_datapath|ALUResult_M[7]                                                                                ; clk          ; clk         ; 20.000       ; -0.063     ; 2.019      ;
; 17.909 ; reset_ff  ; rv32i_cpu:icpu|datapath:i_datapath|ALUResult_M[17]                                                                               ; clk          ; clk         ; 20.000       ; -0.056     ; 2.022      ;
; 17.909 ; reset_ff  ; rv32i_cpu:icpu|datapath:i_datapath|rs2_data_E[17]                                                                                ; clk          ; clk         ; 20.000       ; -0.056     ; 2.022      ;
; 17.909 ; reset_ff  ; rv32i_cpu:icpu|datapath:i_datapath|WriteData_M[17]                                                                               ; clk          ; clk         ; 20.000       ; -0.056     ; 2.022      ;
; 17.909 ; reset_ff  ; rv32i_cpu:icpu|datapath:i_datapath|WriteData_M[31]                                                                               ; clk          ; clk         ; 20.000       ; -0.060     ; 2.018      ;
; 17.917 ; reset_ff  ; rv32i_cpu:icpu|datapath:i_datapath|WriteData_M[2]                                                                                ; clk          ; clk         ; 20.000       ; -0.055     ; 2.015      ;
; 17.917 ; reset_ff  ; rv32i_cpu:icpu|datapath:i_datapath|pc_flopr:pcreg|q[15]                                                                          ; clk          ; clk         ; 20.000       ; -0.056     ; 2.014      ;
; 17.917 ; reset_ff  ; rv32i_cpu:icpu|datapath:i_datapath|ALUResult_M[15]                                                                               ; clk          ; clk         ; 20.000       ; -0.056     ; 2.014      ;
; 17.917 ; reset_ff  ; rv32i_cpu:icpu|datapath:i_datapath|rs2_data_E[5]                                                                                 ; clk          ; clk         ; 20.000       ; -0.054     ; 2.016      ;
; 17.917 ; reset_ff  ; rv32i_cpu:icpu|datapath:i_datapath|rs2_data_E[3]                                                                                 ; clk          ; clk         ; 20.000       ; -0.054     ; 2.016      ;
; 17.917 ; reset_ff  ; rv32i_cpu:icpu|datapath:i_datapath|rs1_data_E[15]                                                                                ; clk          ; clk         ; 20.000       ; -0.056     ; 2.014      ;
; 17.917 ; reset_ff  ; rv32i_cpu:icpu|datapath:i_datapath|rs1_data_E[25]                                                                                ; clk          ; clk         ; 20.000       ; -0.056     ; 2.014      ;
; 17.917 ; reset_ff  ; rv32i_cpu:icpu|datapath:i_datapath|rs1_data_E[22]                                                                                ; clk          ; clk         ; 20.000       ; -0.056     ; 2.014      ;
; 17.917 ; reset_ff  ; rv32i_cpu:icpu|datapath:i_datapath|rs1_data_E[16]                                                                                ; clk          ; clk         ; 20.000       ; -0.056     ; 2.014      ;
; 17.917 ; reset_ff  ; rv32i_cpu:icpu|datapath:i_datapath|rs1_data_E[17]                                                                                ; clk          ; clk         ; 20.000       ; -0.056     ; 2.014      ;
; 17.917 ; reset_ff  ; rv32i_cpu:icpu|datapath:i_datapath|WriteData_M[15]                                                                               ; clk          ; clk         ; 20.000       ; -0.056     ; 2.014      ;
; 17.918 ; reset_ff  ; rv32i_cpu:icpu|datapath:i_datapath|pc_flopr:pcreg|q[9]                                                                           ; clk          ; clk         ; 20.000       ; -0.058     ; 2.011      ;
; 17.918 ; reset_ff  ; rv32i_cpu:icpu|datapath:i_datapath|ALUResult_M[21]                                                                               ; clk          ; clk         ; 20.000       ; -0.054     ; 2.015      ;
; 17.918 ; reset_ff  ; rv32i_cpu:icpu|datapath:i_datapath|pc_flopr:pcreg|q[21]                                                                          ; clk          ; clk         ; 20.000       ; -0.054     ; 2.015      ;
; 17.918 ; reset_ff  ; rv32i_cpu:icpu|datapath:i_datapath|pc_flopr:pcreg|q[17]                                                                          ; clk          ; clk         ; 20.000       ; -0.058     ; 2.011      ;
; 17.918 ; reset_ff  ; rv32i_cpu:icpu|datapath:i_datapath|pc_flopr:pcreg|q[28]                                                                          ; clk          ; clk         ; 20.000       ; -0.058     ; 2.011      ;
; 17.918 ; reset_ff  ; rv32i_cpu:icpu|datapath:i_datapath|pc_flopr:pcreg|q[27]                                                                          ; clk          ; clk         ; 20.000       ; -0.059     ; 2.010      ;
; 17.918 ; reset_ff  ; rv32i_cpu:icpu|datapath:i_datapath|ALUResult_M[27]                                                                               ; clk          ; clk         ; 20.000       ; -0.059     ; 2.010      ;
; 17.918 ; reset_ff  ; rv32i_cpu:icpu|datapath:i_datapath|ALUResult_M[11]                                                                               ; clk          ; clk         ; 20.000       ; -0.060     ; 2.009      ;
; 17.918 ; reset_ff  ; rv32i_cpu:icpu|datapath:i_datapath|ALUResult_M[12]                                                                               ; clk          ; clk         ; 20.000       ; -0.059     ; 2.010      ;
; 17.918 ; reset_ff  ; rv32i_cpu:icpu|datapath:i_datapath|ALUResult_M[26]                                                                               ; clk          ; clk         ; 20.000       ; -0.060     ; 2.009      ;
; 17.918 ; reset_ff  ; rv32i_cpu:icpu|datapath:i_datapath|pc_flopr:pcreg|q[26]                                                                          ; clk          ; clk         ; 20.000       ; -0.060     ; 2.009      ;
; 17.918 ; reset_ff  ; rv32i_cpu:icpu|datapath:i_datapath|pc_flopr:pcreg|q[4]                                                                           ; clk          ; clk         ; 20.000       ; -0.058     ; 2.011      ;
; 17.918 ; reset_ff  ; rv32i_cpu:icpu|datapath:i_datapath|pc_flopr:pcreg|q[8]                                                                           ; clk          ; clk         ; 20.000       ; -0.058     ; 2.011      ;
; 17.918 ; reset_ff  ; rv32i_cpu:icpu|datapath:i_datapath|pc_flopr:pcreg|q[7]                                                                           ; clk          ; clk         ; 20.000       ; -0.058     ; 2.011      ;
; 17.918 ; reset_ff  ; rv32i_cpu:icpu|datapath:i_datapath|pc_flopr:pcreg|q[31]                                                                          ; clk          ; clk         ; 20.000       ; -0.058     ; 2.011      ;
; 17.918 ; reset_ff  ; rv32i_cpu:icpu|datapath:i_datapath|ImmExt_E[31]                                                                                  ; clk          ; clk         ; 20.000       ; -0.058     ; 2.011      ;
; 17.918 ; reset_ff  ; rv32i_cpu:icpu|datapath:i_datapath|Instr_E[17]                                                                                   ; clk          ; clk         ; 20.000       ; -0.057     ; 2.012      ;
; 17.918 ; reset_ff  ; rv32i_cpu:icpu|datapath:i_datapath|Instr_E[16]                                                                                   ; clk          ; clk         ; 20.000       ; -0.057     ; 2.012      ;
; 17.918 ; reset_ff  ; rv32i_cpu:icpu|datapath:i_datapath|Instr_E[23]                                                                                   ; clk          ; clk         ; 20.000       ; -0.057     ; 2.012      ;
; 17.918 ; reset_ff  ; rv32i_cpu:icpu|datapath:i_datapath|PC_E[5]                                                                                       ; clk          ; clk         ; 20.000       ; -0.054     ; 2.015      ;
; 17.918 ; reset_ff  ; rv32i_cpu:icpu|datapath:i_datapath|PC_E[9]                                                                                       ; clk          ; clk         ; 20.000       ; -0.059     ; 2.010      ;
; 17.918 ; reset_ff  ; rv32i_cpu:icpu|datapath:i_datapath|rs2_data_E[19]                                                                                ; clk          ; clk         ; 20.000       ; -0.053     ; 2.016      ;
; 17.918 ; reset_ff  ; rv32i_cpu:icpu|datapath:i_datapath|rs2_data_E[18]                                                                                ; clk          ; clk         ; 20.000       ; -0.053     ; 2.016      ;
; 17.918 ; reset_ff  ; rv32i_cpu:icpu|datapath:i_datapath|rs2_data_E[11]                                                                                ; clk          ; clk         ; 20.000       ; -0.053     ; 2.016      ;
; 17.918 ; reset_ff  ; rv32i_cpu:icpu|datapath:i_datapath|PC_D[12]                                                                                      ; clk          ; clk         ; 20.000       ; -0.057     ; 2.012      ;
; 17.918 ; reset_ff  ; rv32i_cpu:icpu|datapath:i_datapath|PC_D[8]                                                                                       ; clk          ; clk         ; 20.000       ; -0.057     ; 2.012      ;
; 17.918 ; reset_ff  ; rv32i_cpu:icpu|datapath:i_datapath|PCPlus4_D[4]                                                                                  ; clk          ; clk         ; 20.000       ; -0.058     ; 2.011      ;
; 17.918 ; reset_ff  ; rv32i_cpu:icpu|datapath:i_datapath|PCPlus4_D[7]                                                                                  ; clk          ; clk         ; 20.000       ; -0.058     ; 2.011      ;
; 17.918 ; reset_ff  ; rv32i_cpu:icpu|datapath:i_datapath|PCPlus4_D[9]                                                                                  ; clk          ; clk         ; 20.000       ; -0.058     ; 2.011      ;
; 17.918 ; reset_ff  ; rv32i_cpu:icpu|datapath:i_datapath|PCPlus4_D[17]                                                                                 ; clk          ; clk         ; 20.000       ; -0.058     ; 2.011      ;
; 17.918 ; reset_ff  ; rv32i_cpu:icpu|datapath:i_datapath|PCPlus4_D[28]                                                                                 ; clk          ; clk         ; 20.000       ; -0.058     ; 2.011      ;
; 17.918 ; reset_ff  ; rv32i_cpu:icpu|datapath:i_datapath|PCPlus4_D[29]                                                                                 ; clk          ; clk         ; 20.000       ; -0.058     ; 2.011      ;
; 17.918 ; reset_ff  ; rv32i_cpu:icpu|datapath:i_datapath|PCPlus4_D[30]                                                                                 ; clk          ; clk         ; 20.000       ; -0.058     ; 2.011      ;
; 17.918 ; reset_ff  ; rv32i_cpu:icpu|datapath:i_datapath|PCPlus4_D[31]                                                                                 ; clk          ; clk         ; 20.000       ; -0.058     ; 2.011      ;
; 17.918 ; reset_ff  ; rv32i_cpu:icpu|datapath:i_datapath|ALUControl_E[2]                                                                               ; clk          ; clk         ; 20.000       ; -0.056     ; 2.013      ;
; 17.918 ; reset_ff  ; rv32i_cpu:icpu|datapath:i_datapath|ALUControl_E[3]                                                                               ; clk          ; clk         ; 20.000       ; -0.056     ; 2.013      ;
; 17.918 ; reset_ff  ; rv32i_cpu:icpu|datapath:i_datapath|ImmExt_E[19]                                                                                  ; clk          ; clk         ; 20.000       ; -0.056     ; 2.013      ;
; 17.918 ; reset_ff  ; rv32i_cpu:icpu|datapath:i_datapath|RegWrite_W                                                                                    ; clk          ; clk         ; 20.000       ; -0.053     ; 2.016      ;
; 17.918 ; reset_ff  ; rv32i_cpu:icpu|datapath:i_datapath|Rd_W[1]                                                                                       ; clk          ; clk         ; 20.000       ; -0.053     ; 2.016      ;
; 17.918 ; reset_ff  ; rv32i_cpu:icpu|datapath:i_datapath|Instr_M[7]                                                                                    ; clk          ; clk         ; 20.000       ; -0.054     ; 2.015      ;
; 17.918 ; reset_ff  ; rv32i_cpu:icpu|datapath:i_datapath|Rd_W[2]                                                                                       ; clk          ; clk         ; 20.000       ; -0.057     ; 2.012      ;
+--------+-----------+----------------------------------------------------------------------------------------------------------------------------------+--------------+-------------+--------------+------------+------------+


+-------------------------------------------------------------------------------------------------------------------------------------------------------------------------------------------------------------------------------------------------------------------------------------------------------------------------------+
; Fast 1200mV 0C Model Removal: 'clk'                                                                                                                                                                                                                                                                                           ;
+-------+------------------------------------------------------------------------------------------------------+------------------------------------------------------------------------------------------------------------------------------------------+--------------+-------------+--------------+------------+------------+
; Slack ; From Node                                                                                            ; To Node                                                                                                                                  ; Launch Clock ; Latch Clock ; Relationship ; Clock Skew ; Data Delay ;
+-------+------------------------------------------------------------------------------------------------------+------------------------------------------------------------------------------------------------------------------------------------------+--------------+-------------+--------------+------------+------------+
; 0.781 ; rv32i_cpu:icpu|datapath:i_datapath|altshift_taps:PCPlus4_E_rtl_0|shift_taps_bkm:auto_generated|dffe6 ; rv32i_cpu:icpu|datapath:i_datapath|altshift_taps:PCPlus4_E_rtl_0|shift_taps_bkm:auto_generated|altsyncram_r861:altsyncram4|ram_block7a0  ; clk          ; clk         ; 0.000        ; 0.237      ; 1.108      ;
; 0.781 ; rv32i_cpu:icpu|datapath:i_datapath|altshift_taps:PCPlus4_E_rtl_0|shift_taps_bkm:auto_generated|dffe6 ; rv32i_cpu:icpu|datapath:i_datapath|altshift_taps:PCPlus4_E_rtl_0|shift_taps_bkm:auto_generated|altsyncram_r861:altsyncram4|ram_block7a1  ; clk          ; clk         ; 0.000        ; 0.237      ; 1.108      ;
; 0.781 ; rv32i_cpu:icpu|datapath:i_datapath|altshift_taps:PCPlus4_E_rtl_0|shift_taps_bkm:auto_generated|dffe6 ; rv32i_cpu:icpu|datapath:i_datapath|altshift_taps:PCPlus4_E_rtl_0|shift_taps_bkm:auto_generated|altsyncram_r861:altsyncram4|ram_block7a2  ; clk          ; clk         ; 0.000        ; 0.237      ; 1.108      ;
; 0.781 ; rv32i_cpu:icpu|datapath:i_datapath|altshift_taps:PCPlus4_E_rtl_0|shift_taps_bkm:auto_generated|dffe6 ; rv32i_cpu:icpu|datapath:i_datapath|altshift_taps:PCPlus4_E_rtl_0|shift_taps_bkm:auto_generated|altsyncram_r861:altsyncram4|ram_block7a3  ; clk          ; clk         ; 0.000        ; 0.237      ; 1.108      ;
; 0.781 ; rv32i_cpu:icpu|datapath:i_datapath|altshift_taps:PCPlus4_E_rtl_0|shift_taps_bkm:auto_generated|dffe6 ; rv32i_cpu:icpu|datapath:i_datapath|altshift_taps:PCPlus4_E_rtl_0|shift_taps_bkm:auto_generated|altsyncram_r861:altsyncram4|ram_block7a4  ; clk          ; clk         ; 0.000        ; 0.237      ; 1.108      ;
; 0.781 ; rv32i_cpu:icpu|datapath:i_datapath|altshift_taps:PCPlus4_E_rtl_0|shift_taps_bkm:auto_generated|dffe6 ; rv32i_cpu:icpu|datapath:i_datapath|altshift_taps:PCPlus4_E_rtl_0|shift_taps_bkm:auto_generated|altsyncram_r861:altsyncram4|ram_block7a5  ; clk          ; clk         ; 0.000        ; 0.237      ; 1.108      ;
; 0.781 ; rv32i_cpu:icpu|datapath:i_datapath|altshift_taps:PCPlus4_E_rtl_0|shift_taps_bkm:auto_generated|dffe6 ; rv32i_cpu:icpu|datapath:i_datapath|altshift_taps:PCPlus4_E_rtl_0|shift_taps_bkm:auto_generated|altsyncram_r861:altsyncram4|ram_block7a6  ; clk          ; clk         ; 0.000        ; 0.237      ; 1.108      ;
; 0.781 ; rv32i_cpu:icpu|datapath:i_datapath|altshift_taps:PCPlus4_E_rtl_0|shift_taps_bkm:auto_generated|dffe6 ; rv32i_cpu:icpu|datapath:i_datapath|altshift_taps:PCPlus4_E_rtl_0|shift_taps_bkm:auto_generated|altsyncram_r861:altsyncram4|ram_block7a7  ; clk          ; clk         ; 0.000        ; 0.237      ; 1.108      ;
; 0.781 ; rv32i_cpu:icpu|datapath:i_datapath|altshift_taps:PCPlus4_E_rtl_0|shift_taps_bkm:auto_generated|dffe6 ; rv32i_cpu:icpu|datapath:i_datapath|altshift_taps:PCPlus4_E_rtl_0|shift_taps_bkm:auto_generated|altsyncram_r861:altsyncram4|ram_block7a8  ; clk          ; clk         ; 0.000        ; 0.237      ; 1.108      ;
; 0.781 ; rv32i_cpu:icpu|datapath:i_datapath|altshift_taps:PCPlus4_E_rtl_0|shift_taps_bkm:auto_generated|dffe6 ; rv32i_cpu:icpu|datapath:i_datapath|altshift_taps:PCPlus4_E_rtl_0|shift_taps_bkm:auto_generated|altsyncram_r861:altsyncram4|ram_block7a9  ; clk          ; clk         ; 0.000        ; 0.237      ; 1.108      ;
; 0.781 ; rv32i_cpu:icpu|datapath:i_datapath|altshift_taps:PCPlus4_E_rtl_0|shift_taps_bkm:auto_generated|dffe6 ; rv32i_cpu:icpu|datapath:i_datapath|altshift_taps:PCPlus4_E_rtl_0|shift_taps_bkm:auto_generated|altsyncram_r861:altsyncram4|ram_block7a10 ; clk          ; clk         ; 0.000        ; 0.237      ; 1.108      ;
; 0.781 ; rv32i_cpu:icpu|datapath:i_datapath|altshift_taps:PCPlus4_E_rtl_0|shift_taps_bkm:auto_generated|dffe6 ; rv32i_cpu:icpu|datapath:i_datapath|altshift_taps:PCPlus4_E_rtl_0|shift_taps_bkm:auto_generated|altsyncram_r861:altsyncram4|ram_block7a11 ; clk          ; clk         ; 0.000        ; 0.237      ; 1.108      ;
; 0.781 ; rv32i_cpu:icpu|datapath:i_datapath|altshift_taps:PCPlus4_E_rtl_0|shift_taps_bkm:auto_generated|dffe6 ; rv32i_cpu:icpu|datapath:i_datapath|altshift_taps:PCPlus4_E_rtl_0|shift_taps_bkm:auto_generated|altsyncram_r861:altsyncram4|ram_block7a12 ; clk          ; clk         ; 0.000        ; 0.237      ; 1.108      ;
; 0.781 ; rv32i_cpu:icpu|datapath:i_datapath|altshift_taps:PCPlus4_E_rtl_0|shift_taps_bkm:auto_generated|dffe6 ; rv32i_cpu:icpu|datapath:i_datapath|altshift_taps:PCPlus4_E_rtl_0|shift_taps_bkm:auto_generated|altsyncram_r861:altsyncram4|ram_block7a13 ; clk          ; clk         ; 0.000        ; 0.237      ; 1.108      ;
; 0.781 ; rv32i_cpu:icpu|datapath:i_datapath|altshift_taps:PCPlus4_E_rtl_0|shift_taps_bkm:auto_generated|dffe6 ; rv32i_cpu:icpu|datapath:i_datapath|altshift_taps:PCPlus4_E_rtl_0|shift_taps_bkm:auto_generated|altsyncram_r861:altsyncram4|ram_block7a14 ; clk          ; clk         ; 0.000        ; 0.237      ; 1.108      ;
; 0.781 ; rv32i_cpu:icpu|datapath:i_datapath|altshift_taps:PCPlus4_E_rtl_0|shift_taps_bkm:auto_generated|dffe6 ; rv32i_cpu:icpu|datapath:i_datapath|altshift_taps:PCPlus4_E_rtl_0|shift_taps_bkm:auto_generated|altsyncram_r861:altsyncram4|ram_block7a15 ; clk          ; clk         ; 0.000        ; 0.237      ; 1.108      ;
; 0.781 ; rv32i_cpu:icpu|datapath:i_datapath|altshift_taps:PCPlus4_E_rtl_0|shift_taps_bkm:auto_generated|dffe6 ; rv32i_cpu:icpu|datapath:i_datapath|altshift_taps:PCPlus4_E_rtl_0|shift_taps_bkm:auto_generated|altsyncram_r861:altsyncram4|ram_block7a16 ; clk          ; clk         ; 0.000        ; 0.237      ; 1.108      ;
; 0.781 ; rv32i_cpu:icpu|datapath:i_datapath|altshift_taps:PCPlus4_E_rtl_0|shift_taps_bkm:auto_generated|dffe6 ; rv32i_cpu:icpu|datapath:i_datapath|altshift_taps:PCPlus4_E_rtl_0|shift_taps_bkm:auto_generated|altsyncram_r861:altsyncram4|ram_block7a17 ; clk          ; clk         ; 0.000        ; 0.237      ; 1.108      ;
; 0.781 ; rv32i_cpu:icpu|datapath:i_datapath|altshift_taps:PCPlus4_E_rtl_0|shift_taps_bkm:auto_generated|dffe6 ; rv32i_cpu:icpu|datapath:i_datapath|altshift_taps:PCPlus4_E_rtl_0|shift_taps_bkm:auto_generated|altsyncram_r861:altsyncram4|ram_block7a18 ; clk          ; clk         ; 0.000        ; 0.237      ; 1.108      ;
; 0.781 ; rv32i_cpu:icpu|datapath:i_datapath|altshift_taps:PCPlus4_E_rtl_0|shift_taps_bkm:auto_generated|dffe6 ; rv32i_cpu:icpu|datapath:i_datapath|altshift_taps:PCPlus4_E_rtl_0|shift_taps_bkm:auto_generated|altsyncram_r861:altsyncram4|ram_block7a19 ; clk          ; clk         ; 0.000        ; 0.237      ; 1.108      ;
; 0.781 ; rv32i_cpu:icpu|datapath:i_datapath|altshift_taps:PCPlus4_E_rtl_0|shift_taps_bkm:auto_generated|dffe6 ; rv32i_cpu:icpu|datapath:i_datapath|altshift_taps:PCPlus4_E_rtl_0|shift_taps_bkm:auto_generated|altsyncram_r861:altsyncram4|ram_block7a20 ; clk          ; clk         ; 0.000        ; 0.237      ; 1.108      ;
; 0.781 ; rv32i_cpu:icpu|datapath:i_datapath|altshift_taps:PCPlus4_E_rtl_0|shift_taps_bkm:auto_generated|dffe6 ; rv32i_cpu:icpu|datapath:i_datapath|altshift_taps:PCPlus4_E_rtl_0|shift_taps_bkm:auto_generated|altsyncram_r861:altsyncram4|ram_block7a21 ; clk          ; clk         ; 0.000        ; 0.237      ; 1.108      ;
; 0.781 ; rv32i_cpu:icpu|datapath:i_datapath|altshift_taps:PCPlus4_E_rtl_0|shift_taps_bkm:auto_generated|dffe6 ; rv32i_cpu:icpu|datapath:i_datapath|altshift_taps:PCPlus4_E_rtl_0|shift_taps_bkm:auto_generated|altsyncram_r861:altsyncram4|ram_block7a22 ; clk          ; clk         ; 0.000        ; 0.237      ; 1.108      ;
; 0.781 ; rv32i_cpu:icpu|datapath:i_datapath|altshift_taps:PCPlus4_E_rtl_0|shift_taps_bkm:auto_generated|dffe6 ; rv32i_cpu:icpu|datapath:i_datapath|altshift_taps:PCPlus4_E_rtl_0|shift_taps_bkm:auto_generated|altsyncram_r861:altsyncram4|ram_block7a23 ; clk          ; clk         ; 0.000        ; 0.237      ; 1.108      ;
; 0.781 ; rv32i_cpu:icpu|datapath:i_datapath|altshift_taps:PCPlus4_E_rtl_0|shift_taps_bkm:auto_generated|dffe6 ; rv32i_cpu:icpu|datapath:i_datapath|altshift_taps:PCPlus4_E_rtl_0|shift_taps_bkm:auto_generated|altsyncram_r861:altsyncram4|ram_block7a24 ; clk          ; clk         ; 0.000        ; 0.237      ; 1.108      ;
; 0.781 ; rv32i_cpu:icpu|datapath:i_datapath|altshift_taps:PCPlus4_E_rtl_0|shift_taps_bkm:auto_generated|dffe6 ; rv32i_cpu:icpu|datapath:i_datapath|altshift_taps:PCPlus4_E_rtl_0|shift_taps_bkm:auto_generated|altsyncram_r861:altsyncram4|ram_block7a25 ; clk          ; clk         ; 0.000        ; 0.237      ; 1.108      ;
; 0.781 ; rv32i_cpu:icpu|datapath:i_datapath|altshift_taps:PCPlus4_E_rtl_0|shift_taps_bkm:auto_generated|dffe6 ; rv32i_cpu:icpu|datapath:i_datapath|altshift_taps:PCPlus4_E_rtl_0|shift_taps_bkm:auto_generated|altsyncram_r861:altsyncram4|ram_block7a26 ; clk          ; clk         ; 0.000        ; 0.237      ; 1.108      ;
; 0.781 ; rv32i_cpu:icpu|datapath:i_datapath|altshift_taps:PCPlus4_E_rtl_0|shift_taps_bkm:auto_generated|dffe6 ; rv32i_cpu:icpu|datapath:i_datapath|altshift_taps:PCPlus4_E_rtl_0|shift_taps_bkm:auto_generated|altsyncram_r861:altsyncram4|ram_block7a27 ; clk          ; clk         ; 0.000        ; 0.237      ; 1.108      ;
; 0.781 ; rv32i_cpu:icpu|datapath:i_datapath|altshift_taps:PCPlus4_E_rtl_0|shift_taps_bkm:auto_generated|dffe6 ; rv32i_cpu:icpu|datapath:i_datapath|altshift_taps:PCPlus4_E_rtl_0|shift_taps_bkm:auto_generated|altsyncram_r861:altsyncram4|ram_block7a28 ; clk          ; clk         ; 0.000        ; 0.237      ; 1.108      ;
; 0.781 ; rv32i_cpu:icpu|datapath:i_datapath|altshift_taps:PCPlus4_E_rtl_0|shift_taps_bkm:auto_generated|dffe6 ; rv32i_cpu:icpu|datapath:i_datapath|altshift_taps:PCPlus4_E_rtl_0|shift_taps_bkm:auto_generated|altsyncram_r861:altsyncram4|ram_block7a29 ; clk          ; clk         ; 0.000        ; 0.237      ; 1.108      ;
; 0.781 ; rv32i_cpu:icpu|datapath:i_datapath|altshift_taps:PCPlus4_E_rtl_0|shift_taps_bkm:auto_generated|dffe6 ; rv32i_cpu:icpu|datapath:i_datapath|altshift_taps:PCPlus4_E_rtl_0|shift_taps_bkm:auto_generated|altsyncram_r861:altsyncram4|ram_block7a30 ; clk          ; clk         ; 0.000        ; 0.237      ; 1.108      ;
; 1.467 ; reset_ff                                                                                             ; rv32i_cpu:icpu|datapath:i_datapath|ALUResult_M[14]                                                                                       ; clk          ; clk         ; 0.000        ; 0.279      ; 1.830      ;
; 1.472 ; reset_ff                                                                                             ; rv32i_cpu:icpu|datapath:i_datapath|rs1_data_E[12]                                                                                        ; clk          ; clk         ; 0.000        ; 0.282      ; 1.838      ;
; 1.472 ; reset_ff                                                                                             ; rv32i_cpu:icpu|datapath:i_datapath|rs1_data_E[13]                                                                                        ; clk          ; clk         ; 0.000        ; 0.282      ; 1.838      ;
; 1.472 ; reset_ff                                                                                             ; rv32i_cpu:icpu|datapath:i_datapath|rs1_data_E[7]                                                                                         ; clk          ; clk         ; 0.000        ; 0.282      ; 1.838      ;
; 1.479 ; reset_ff                                                                                             ; rv32i_cpu:icpu|datapath:i_datapath|pc_flopr:pcreg|q[1]                                                                                   ; clk          ; clk         ; 0.000        ; 0.261      ; 1.824      ;
; 1.479 ; reset_ff                                                                                             ; rv32i_cpu:icpu|datapath:i_datapath|MemWrite_E                                                                                            ; clk          ; clk         ; 0.000        ; 0.266      ; 1.829      ;
; 1.479 ; reset_ff                                                                                             ; rv32i_cpu:icpu|datapath:i_datapath|PC_E[28]                                                                                              ; clk          ; clk         ; 0.000        ; 0.261      ; 1.824      ;
; 1.479 ; reset_ff                                                                                             ; rv32i_cpu:icpu|datapath:i_datapath|PC_E[6]                                                                                               ; clk          ; clk         ; 0.000        ; 0.261      ; 1.824      ;
; 1.479 ; reset_ff                                                                                             ; rv32i_cpu:icpu|datapath:i_datapath|PC_E[27]                                                                                              ; clk          ; clk         ; 0.000        ; 0.261      ; 1.824      ;
; 1.479 ; reset_ff                                                                                             ; rv32i_cpu:icpu|datapath:i_datapath|PCPlus4_E[1]                                                                                          ; clk          ; clk         ; 0.000        ; 0.261      ; 1.824      ;
; 1.479 ; reset_ff                                                                                             ; rv32i_cpu:icpu|datapath:i_datapath|PC_E[11]                                                                                              ; clk          ; clk         ; 0.000        ; 0.261      ; 1.824      ;
; 1.479 ; reset_ff                                                                                             ; rv32i_cpu:icpu|datapath:i_datapath|PC_E[7]                                                                                               ; clk          ; clk         ; 0.000        ; 0.261      ; 1.824      ;
; 1.479 ; reset_ff                                                                                             ; rv32i_cpu:icpu|datapath:i_datapath|PC_E[31]                                                                                              ; clk          ; clk         ; 0.000        ; 0.261      ; 1.824      ;
; 1.481 ; reset_ff                                                                                             ; rv32i_cpu:icpu|datapath:i_datapath|rs2_data_E[7]                                                                                         ; clk          ; clk         ; 0.000        ; 0.266      ; 1.831      ;
; 1.481 ; reset_ff                                                                                             ; rv32i_cpu:icpu|datapath:i_datapath|rs2_data_E[9]                                                                                         ; clk          ; clk         ; 0.000        ; 0.266      ; 1.831      ;
; 1.481 ; reset_ff                                                                                             ; rv32i_cpu:icpu|datapath:i_datapath|rs2_data_E[10]                                                                                        ; clk          ; clk         ; 0.000        ; 0.266      ; 1.831      ;
; 1.482 ; reset_ff                                                                                             ; rv32i_cpu:icpu|datapath:i_datapath|ALUResult_M[1]                                                                                        ; clk          ; clk         ; 0.000        ; 0.265      ; 1.831      ;
; 1.482 ; reset_ff                                                                                             ; rv32i_cpu:icpu|datapath:i_datapath|Instr_E[19]                                                                                           ; clk          ; clk         ; 0.000        ; 0.265      ; 1.831      ;
; 1.482 ; reset_ff                                                                                             ; rv32i_cpu:icpu|datapath:i_datapath|PCPlus4_M[0]                                                                                          ; clk          ; clk         ; 0.000        ; 0.265      ; 1.831      ;
; 1.482 ; reset_ff                                                                                             ; rv32i_cpu:icpu|datapath:i_datapath|Instr_M[11]                                                                                           ; clk          ; clk         ; 0.000        ; 0.265      ; 1.831      ;
; 1.483 ; reset_ff                                                                                             ; rv32i_cpu:icpu|datapath:i_datapath|ALUResult_M[22]                                                                                       ; clk          ; clk         ; 0.000        ; 0.265      ; 1.832      ;
; 1.483 ; reset_ff                                                                                             ; rv32i_cpu:icpu|datapath:i_datapath|ImmExt_E[9]                                                                                           ; clk          ; clk         ; 0.000        ; 0.264      ; 1.831      ;
; 1.483 ; reset_ff                                                                                             ; rv32i_cpu:icpu|datapath:i_datapath|Instr_E[24]                                                                                           ; clk          ; clk         ; 0.000        ; 0.264      ; 1.831      ;
; 1.483 ; reset_ff                                                                                             ; rv32i_cpu:icpu|datapath:i_datapath|Instr_E[8]                                                                                            ; clk          ; clk         ; 0.000        ; 0.260      ; 1.827      ;
; 1.483 ; reset_ff                                                                                             ; rv32i_cpu:icpu|datapath:i_datapath|Instr_E[7]                                                                                            ; clk          ; clk         ; 0.000        ; 0.260      ; 1.827      ;
; 1.483 ; reset_ff                                                                                             ; rv32i_cpu:icpu|datapath:i_datapath|Instr_E[20]                                                                                           ; clk          ; clk         ; 0.000        ; 0.264      ; 1.831      ;
; 1.483 ; reset_ff                                                                                             ; rv32i_cpu:icpu|datapath:i_datapath|Instr_E[21]                                                                                           ; clk          ; clk         ; 0.000        ; 0.264      ; 1.831      ;
; 1.483 ; reset_ff                                                                                             ; rv32i_cpu:icpu|datapath:i_datapath|Instr_E[22]                                                                                           ; clk          ; clk         ; 0.000        ; 0.260      ; 1.827      ;
; 1.483 ; reset_ff                                                                                             ; rv32i_cpu:icpu|datapath:i_datapath|Instr_E[18]                                                                                           ; clk          ; clk         ; 0.000        ; 0.260      ; 1.827      ;
; 1.483 ; reset_ff                                                                                             ; rv32i_cpu:icpu|datapath:i_datapath|WriteData_M[0]                                                                                        ; clk          ; clk         ; 0.000        ; 0.265      ; 1.832      ;
; 1.483 ; reset_ff                                                                                             ; rv32i_cpu:icpu|datapath:i_datapath|RegWrite_M                                                                                            ; clk          ; clk         ; 0.000        ; 0.264      ; 1.831      ;
; 1.483 ; reset_ff                                                                                             ; rv32i_cpu:icpu|datapath:i_datapath|Instr_M[8]                                                                                            ; clk          ; clk         ; 0.000        ; 0.264      ; 1.831      ;
; 1.483 ; reset_ff                                                                                             ; rv32i_cpu:icpu|datapath:i_datapath|ALUResult_W[8]                                                                                        ; clk          ; clk         ; 0.000        ; 0.265      ; 1.832      ;
; 1.483 ; reset_ff                                                                                             ; rv32i_cpu:icpu|datapath:i_datapath|ALUResult_W[9]                                                                                        ; clk          ; clk         ; 0.000        ; 0.265      ; 1.832      ;
; 1.483 ; reset_ff                                                                                             ; rv32i_cpu:icpu|datapath:i_datapath|ALUResult_W[22]                                                                                       ; clk          ; clk         ; 0.000        ; 0.265      ; 1.832      ;
; 1.483 ; reset_ff                                                                                             ; rv32i_cpu:icpu|datapath:i_datapath|PCPlus4_W[0]                                                                                          ; clk          ; clk         ; 0.000        ; 0.265      ; 1.832      ;
; 1.483 ; reset_ff                                                                                             ; rv32i_cpu:icpu|datapath:i_datapath|Instr_M[10]                                                                                           ; clk          ; clk         ; 0.000        ; 0.260      ; 1.827      ;
; 1.483 ; reset_ff                                                                                             ; rv32i_cpu:icpu|datapath:i_datapath|WriteData_M[22]                                                                                       ; clk          ; clk         ; 0.000        ; 0.265      ; 1.832      ;
; 1.483 ; reset_ff                                                                                             ; rv32i_cpu:icpu|datapath:i_datapath|ALUResult_W[27]                                                                                       ; clk          ; clk         ; 0.000        ; 0.265      ; 1.832      ;
; 1.484 ; reset_ff                                                                                             ; rv32i_cpu:icpu|datapath:i_datapath|ALUResult_M[29]                                                                                       ; clk          ; clk         ; 0.000        ; 0.264      ; 1.832      ;
; 1.484 ; reset_ff                                                                                             ; rv32i_cpu:icpu|datapath:i_datapath|ALUResult_M[9]                                                                                        ; clk          ; clk         ; 0.000        ; 0.264      ; 1.832      ;
; 1.484 ; reset_ff                                                                                             ; rv32i_cpu:icpu|datapath:i_datapath|ALUResult_M[28]                                                                                       ; clk          ; clk         ; 0.000        ; 0.264      ; 1.832      ;
; 1.484 ; reset_ff                                                                                             ; rv32i_cpu:icpu|datapath:i_datapath|ALUResult_M[8]                                                                                        ; clk          ; clk         ; 0.000        ; 0.264      ; 1.832      ;
; 1.484 ; reset_ff                                                                                             ; rv32i_cpu:icpu|datapath:i_datapath|ImmExt_E[0]                                                                                           ; clk          ; clk         ; 0.000        ; 0.256      ; 1.824      ;
; 1.484 ; reset_ff                                                                                             ; rv32i_cpu:icpu|datapath:i_datapath|ImmExt_E[26]                                                                                          ; clk          ; clk         ; 0.000        ; 0.258      ; 1.826      ;
; 1.484 ; reset_ff                                                                                             ; rv32i_cpu:icpu|datapath:i_datapath|ImmExt_E[30]                                                                                          ; clk          ; clk         ; 0.000        ; 0.258      ; 1.826      ;
; 1.484 ; reset_ff                                                                                             ; rv32i_cpu:icpu|datapath:i_datapath|ImmExt_E[21]                                                                                          ; clk          ; clk         ; 0.000        ; 0.258      ; 1.826      ;
; 1.484 ; reset_ff                                                                                             ; rv32i_cpu:icpu|datapath:i_datapath|ImmExt_E[20]                                                                                          ; clk          ; clk         ; 0.000        ; 0.258      ; 1.826      ;
; 1.484 ; reset_ff                                                                                             ; rv32i_cpu:icpu|datapath:i_datapath|ImmExt_E[22]                                                                                          ; clk          ; clk         ; 0.000        ; 0.258      ; 1.826      ;
; 1.484 ; reset_ff                                                                                             ; rv32i_cpu:icpu|datapath:i_datapath|ImmExt_E[23]                                                                                          ; clk          ; clk         ; 0.000        ; 0.258      ; 1.826      ;
; 1.484 ; reset_ff                                                                                             ; rv32i_cpu:icpu|datapath:i_datapath|ImmExt_E[24]                                                                                          ; clk          ; clk         ; 0.000        ; 0.258      ; 1.826      ;
; 1.484 ; reset_ff                                                                                             ; rv32i_cpu:icpu|datapath:i_datapath|ImmExt_E[25]                                                                                          ; clk          ; clk         ; 0.000        ; 0.258      ; 1.826      ;
; 1.484 ; reset_ff                                                                                             ; rv32i_cpu:icpu|datapath:i_datapath|ImmExt_E[27]                                                                                          ; clk          ; clk         ; 0.000        ; 0.258      ; 1.826      ;
; 1.484 ; reset_ff                                                                                             ; rv32i_cpu:icpu|datapath:i_datapath|ImmExt_E[28]                                                                                          ; clk          ; clk         ; 0.000        ; 0.258      ; 1.826      ;
; 1.484 ; reset_ff                                                                                             ; rv32i_cpu:icpu|datapath:i_datapath|ImmExt_E[29]                                                                                          ; clk          ; clk         ; 0.000        ; 0.258      ; 1.826      ;
; 1.484 ; reset_ff                                                                                             ; rv32i_cpu:icpu|datapath:i_datapath|ImmExt_E[7]                                                                                           ; clk          ; clk         ; 0.000        ; 0.265      ; 1.833      ;
; 1.484 ; reset_ff                                                                                             ; rv32i_cpu:icpu|datapath:i_datapath|ImmExt_E[11]                                                                                          ; clk          ; clk         ; 0.000        ; 0.256      ; 1.824      ;
; 1.484 ; reset_ff                                                                                             ; rv32i_cpu:icpu|datapath:i_datapath|ALUSrcA_E[0]                                                                                          ; clk          ; clk         ; 0.000        ; 0.258      ; 1.826      ;
; 1.484 ; reset_ff                                                                                             ; rv32i_cpu:icpu|datapath:i_datapath|ResultSrc_M[0]                                                                                        ; clk          ; clk         ; 0.000        ; 0.265      ; 1.833      ;
; 1.484 ; reset_ff                                                                                             ; rv32i_cpu:icpu|datapath:i_datapath|ResultSrc_W[0]                                                                                        ; clk          ; clk         ; 0.000        ; 0.265      ; 1.833      ;
; 1.484 ; reset_ff                                                                                             ; rv32i_cpu:icpu|datapath:i_datapath|funct3_W[1]                                                                                           ; clk          ; clk         ; 0.000        ; 0.265      ; 1.833      ;
; 1.484 ; reset_ff                                                                                             ; rv32i_cpu:icpu|datapath:i_datapath|funct3_W[0]                                                                                           ; clk          ; clk         ; 0.000        ; 0.265      ; 1.833      ;
; 1.484 ; reset_ff                                                                                             ; rv32i_cpu:icpu|datapath:i_datapath|ALUResult_W[6]                                                                                        ; clk          ; clk         ; 0.000        ; 0.264      ; 1.832      ;
; 1.484 ; reset_ff                                                                                             ; rv32i_cpu:icpu|datapath:i_datapath|ALUResult_W[21]                                                                                       ; clk          ; clk         ; 0.000        ; 0.265      ; 1.833      ;
; 1.484 ; reset_ff                                                                                             ; rv32i_cpu:icpu|datapath:i_datapath|ALUResult_W[7]                                                                                        ; clk          ; clk         ; 0.000        ; 0.265      ; 1.833      ;
; 1.484 ; reset_ff                                                                                             ; rv32i_cpu:icpu|datapath:i_datapath|PCPlus4_M[1]                                                                                          ; clk          ; clk         ; 0.000        ; 0.265      ; 1.833      ;
; 1.484 ; reset_ff                                                                                             ; rv32i_cpu:icpu|datapath:i_datapath|ALUResult_W[19]                                                                                       ; clk          ; clk         ; 0.000        ; 0.265      ; 1.833      ;
; 1.484 ; reset_ff                                                                                             ; rv32i_cpu:icpu|datapath:i_datapath|ALUResult_W[2]                                                                                        ; clk          ; clk         ; 0.000        ; 0.265      ; 1.833      ;
; 1.484 ; reset_ff                                                                                             ; rv32i_cpu:icpu|datapath:i_datapath|ALUResult_W[31]                                                                                       ; clk          ; clk         ; 0.000        ; 0.265      ; 1.833      ;
+-------+------------------------------------------------------------------------------------------------------+------------------------------------------------------------------------------------------------------------------------------------------+--------------+-------------+--------------+------------+------------+


----------------------------------------------
; Fast 1200mV 0C Model Metastability Summary ;
----------------------------------------------
No synchronizer chains to report.


+---------------------------------------------------------------------------------+
; Multicorner Timing Analysis Summary                                             ;
+------------------+-----------+-------+----------+---------+---------------------+
; Clock            ; Setup     ; Hold  ; Recovery ; Removal ; Minimum Pulse Width ;
+------------------+-----------+-------+----------+---------+---------------------+
; Worst-case Slack ; -6.247    ; 0.151 ; 16.124   ; 0.781   ; 9.371               ;
;  clk             ; -6.247    ; 0.151 ; 16.124   ; 0.781   ; 9.371               ;
; Design-wide TNS  ; -1434.67  ; 0.0   ; 0.0      ; 0.0     ; 0.0                 ;
;  clk             ; -1434.670 ; 0.000 ; 0.000    ; 0.000   ; 0.000               ;
+------------------+-----------+-------+----------+---------+---------------------+


+------------------------------------------------------------------------------------------------------------------------------------------------------------------------------------------------------------------------------------------------------------------------------------------------------------------------------------------------------------------------------------------------------------------+
; Board Trace Model Assignments                                                                                                                                                                                                                                                                                                                                                                                    ;
+---------------+--------------+-------------------+-------------------------+-------------------------+---------------+---------------------+----------------+------------------+--------+------------------+------------------------+------------------------+--------------+---------------+-----------------+-------+---------------------+--------------------+---------------+-----------------+-------------+
; Pin           ; I/O Standard ; Near Tline Length ; Near Tline L per Length ; Near Tline C per Length ; Near Series R ; Near Differential R ; Near Pull-up R ; Near Pull-down R ; Near C ; Far Tline Length ; Far Tline L per Length ; Far Tline C per Length ; Far Series R ; Far Pull-up R ; Far Pull-down R ; Far C ; Termination Voltage ; Far Differential R ; EBD File Name ; EBD Signal Name ; EBD Far-end ;
+---------------+--------------+-------------------+-------------------------+-------------------------+---------------+---------------------+----------------+------------------+--------+------------------+------------------------+------------------------+--------------+---------------+-----------------+-------+---------------------+--------------------+---------------+-----------------+-------------+
; HEX3[0]       ; 2.5 V        ; 0 in              ; 0 H/in                  ; 0 F/in                  ; short         ; -                   ; open           ; open             ; open   ; 0 in             ; 0 H/in                 ; 0 F/in                 ; short        ; open          ; open            ; open  ; 0 V                 ; -                  ; n/a           ; n/a             ; n/a         ;
; HEX3[1]       ; 2.5 V        ; 0 in              ; 0 H/in                  ; 0 F/in                  ; short         ; -                   ; open           ; open             ; open   ; 0 in             ; 0 H/in                 ; 0 F/in                 ; short        ; open          ; open            ; open  ; 0 V                 ; -                  ; n/a           ; n/a             ; n/a         ;
; HEX3[2]       ; 2.5 V        ; 0 in              ; 0 H/in                  ; 0 F/in                  ; short         ; -                   ; open           ; open             ; open   ; 0 in             ; 0 H/in                 ; 0 F/in                 ; short        ; open          ; open            ; open  ; 0 V                 ; -                  ; n/a           ; n/a             ; n/a         ;
; HEX3[3]       ; 2.5 V        ; 0 in              ; 0 H/in                  ; 0 F/in                  ; short         ; -                   ; open           ; open             ; open   ; 0 in             ; 0 H/in                 ; 0 F/in                 ; short        ; open          ; open            ; open  ; 0 V                 ; -                  ; n/a           ; n/a             ; n/a         ;
; HEX3[4]       ; 2.5 V        ; 0 in              ; 0 H/in                  ; 0 F/in                  ; short         ; -                   ; open           ; open             ; open   ; 0 in             ; 0 H/in                 ; 0 F/in                 ; short        ; open          ; open            ; open  ; 0 V                 ; -                  ; n/a           ; n/a             ; n/a         ;
; HEX3[5]       ; 2.5 V        ; 0 in              ; 0 H/in                  ; 0 F/in                  ; short         ; -                   ; open           ; open             ; open   ; 0 in             ; 0 H/in                 ; 0 F/in                 ; short        ; open          ; open            ; open  ; 0 V                 ; -                  ; n/a           ; n/a             ; n/a         ;
; HEX3[6]       ; 2.5 V        ; 0 in              ; 0 H/in                  ; 0 F/in                  ; short         ; -                   ; open           ; open             ; open   ; 0 in             ; 0 H/in                 ; 0 F/in                 ; short        ; open          ; open            ; open  ; 0 V                 ; -                  ; n/a           ; n/a             ; n/a         ;
; HEX2[0]       ; 2.5 V        ; 0 in              ; 0 H/in                  ; 0 F/in                  ; short         ; -                   ; open           ; open             ; open   ; 0 in             ; 0 H/in                 ; 0 F/in                 ; short        ; open          ; open            ; open  ; 0 V                 ; -                  ; n/a           ; n/a             ; n/a         ;
; HEX2[1]       ; 2.5 V        ; 0 in              ; 0 H/in                  ; 0 F/in                  ; short         ; -                   ; open           ; open             ; open   ; 0 in             ; 0 H/in                 ; 0 F/in                 ; short        ; open          ; open            ; open  ; 0 V                 ; -                  ; n/a           ; n/a             ; n/a         ;
; HEX2[2]       ; 2.5 V        ; 0 in              ; 0 H/in                  ; 0 F/in                  ; short         ; -                   ; open           ; open             ; open   ; 0 in             ; 0 H/in                 ; 0 F/in                 ; short        ; open          ; open            ; open  ; 0 V                 ; -                  ; n/a           ; n/a             ; n/a         ;
; HEX2[3]       ; 2.5 V        ; 0 in              ; 0 H/in                  ; 0 F/in                  ; short         ; -                   ; open           ; open             ; open   ; 0 in             ; 0 H/in                 ; 0 F/in                 ; short        ; open          ; open            ; open  ; 0 V                 ; -                  ; n/a           ; n/a             ; n/a         ;
; HEX2[4]       ; 2.5 V        ; 0 in              ; 0 H/in                  ; 0 F/in                  ; short         ; -                   ; open           ; open             ; open   ; 0 in             ; 0 H/in                 ; 0 F/in                 ; short        ; open          ; open            ; open  ; 0 V                 ; -                  ; n/a           ; n/a             ; n/a         ;
; HEX2[5]       ; 2.5 V        ; 0 in              ; 0 H/in                  ; 0 F/in                  ; short         ; -                   ; open           ; open             ; open   ; 0 in             ; 0 H/in                 ; 0 F/in                 ; short        ; open          ; open            ; open  ; 0 V                 ; -                  ; n/a           ; n/a             ; n/a         ;
; HEX2[6]       ; 2.5 V        ; 0 in              ; 0 H/in                  ; 0 F/in                  ; short         ; -                   ; open           ; open             ; open   ; 0 in             ; 0 H/in                 ; 0 F/in                 ; short        ; open          ; open            ; open  ; 0 V                 ; -                  ; n/a           ; n/a             ; n/a         ;
; HEX1[0]       ; 2.5 V        ; 0 in              ; 0 H/in                  ; 0 F/in                  ; short         ; -                   ; open           ; open             ; open   ; 0 in             ; 0 H/in                 ; 0 F/in                 ; short        ; open          ; open            ; open  ; 0 V                 ; -                  ; n/a           ; n/a             ; n/a         ;
; HEX1[1]       ; 2.5 V        ; 0 in              ; 0 H/in                  ; 0 F/in                  ; short         ; -                   ; open           ; open             ; open   ; 0 in             ; 0 H/in                 ; 0 F/in                 ; short        ; open          ; open            ; open  ; 0 V                 ; -                  ; n/a           ; n/a             ; n/a         ;
; HEX1[2]       ; 2.5 V        ; 0 in              ; 0 H/in                  ; 0 F/in                  ; short         ; -                   ; open           ; open             ; open   ; 0 in             ; 0 H/in                 ; 0 F/in                 ; short        ; open          ; open            ; open  ; 0 V                 ; -                  ; n/a           ; n/a             ; n/a         ;
; HEX1[3]       ; 2.5 V        ; 0 in              ; 0 H/in                  ; 0 F/in                  ; short         ; -                   ; open           ; open             ; open   ; 0 in             ; 0 H/in                 ; 0 F/in                 ; short        ; open          ; open            ; open  ; 0 V                 ; -                  ; n/a           ; n/a             ; n/a         ;
; HEX1[4]       ; 2.5 V        ; 0 in              ; 0 H/in                  ; 0 F/in                  ; short         ; -                   ; open           ; open             ; open   ; 0 in             ; 0 H/in                 ; 0 F/in                 ; short        ; open          ; open            ; open  ; 0 V                 ; -                  ; n/a           ; n/a             ; n/a         ;
; HEX1[5]       ; 2.5 V        ; 0 in              ; 0 H/in                  ; 0 F/in                  ; short         ; -                   ; open           ; open             ; open   ; 0 in             ; 0 H/in                 ; 0 F/in                 ; short        ; open          ; open            ; open  ; 0 V                 ; -                  ; n/a           ; n/a             ; n/a         ;
; HEX1[6]       ; 2.5 V        ; 0 in              ; 0 H/in                  ; 0 F/in                  ; short         ; -                   ; open           ; open             ; open   ; 0 in             ; 0 H/in                 ; 0 F/in                 ; short        ; open          ; open            ; open  ; 0 V                 ; -                  ; n/a           ; n/a             ; n/a         ;
; HEX0[0]       ; 2.5 V        ; 0 in              ; 0 H/in                  ; 0 F/in                  ; short         ; -                   ; open           ; open             ; open   ; 0 in             ; 0 H/in                 ; 0 F/in                 ; short        ; open          ; open            ; open  ; 0 V                 ; -                  ; n/a           ; n/a             ; n/a         ;
; HEX0[1]       ; 2.5 V        ; 0 in              ; 0 H/in                  ; 0 F/in                  ; short         ; -                   ; open           ; open             ; open   ; 0 in             ; 0 H/in                 ; 0 F/in                 ; short        ; open          ; open            ; open  ; 0 V                 ; -                  ; n/a           ; n/a             ; n/a         ;
; HEX0[2]       ; 2.5 V        ; 0 in              ; 0 H/in                  ; 0 F/in                  ; short         ; -                   ; open           ; open             ; open   ; 0 in             ; 0 H/in                 ; 0 F/in                 ; short        ; open          ; open            ; open  ; 0 V                 ; -                  ; n/a           ; n/a             ; n/a         ;
; HEX0[3]       ; 2.5 V        ; 0 in              ; 0 H/in                  ; 0 F/in                  ; short         ; -                   ; open           ; open             ; open   ; 0 in             ; 0 H/in                 ; 0 F/in                 ; short        ; open          ; open            ; open  ; 0 V                 ; -                  ; n/a           ; n/a             ; n/a         ;
; HEX0[4]       ; 2.5 V        ; 0 in              ; 0 H/in                  ; 0 F/in                  ; short         ; -                   ; open           ; open             ; open   ; 0 in             ; 0 H/in                 ; 0 F/in                 ; short        ; open          ; open            ; open  ; 0 V                 ; -                  ; n/a           ; n/a             ; n/a         ;
; HEX0[5]       ; 2.5 V        ; 0 in              ; 0 H/in                  ; 0 F/in                  ; short         ; -                   ; open           ; open             ; open   ; 0 in             ; 0 H/in                 ; 0 F/in                 ; short        ; open          ; open            ; open  ; 0 V                 ; -                  ; n/a           ; n/a             ; n/a         ;
; HEX0[6]       ; 2.5 V        ; 0 in              ; 0 H/in                  ; 0 F/in                  ; short         ; -                   ; open           ; open             ; open   ; 0 in             ; 0 H/in                 ; 0 F/in                 ; short        ; open          ; open            ; open  ; 0 V                 ; -                  ; n/a           ; n/a             ; n/a         ;
; LEDR[0]       ; 2.5 V        ; 0 in              ; 0 H/in                  ; 0 F/in                  ; short         ; -                   ; open           ; open             ; open   ; 0 in             ; 0 H/in                 ; 0 F/in                 ; short        ; open          ; open            ; open  ; 0 V                 ; -                  ; n/a           ; n/a             ; n/a         ;
; LEDR[1]       ; 2.5 V        ; 0 in              ; 0 H/in                  ; 0 F/in                  ; short         ; -                   ; open           ; open             ; open   ; 0 in             ; 0 H/in                 ; 0 F/in                 ; short        ; open          ; open            ; open  ; 0 V                 ; -                  ; n/a           ; n/a             ; n/a         ;
; LEDR[2]       ; 2.5 V        ; 0 in              ; 0 H/in                  ; 0 F/in                  ; short         ; -                   ; open           ; open             ; open   ; 0 in             ; 0 H/in                 ; 0 F/in                 ; short        ; open          ; open            ; open  ; 0 V                 ; -                  ; n/a           ; n/a             ; n/a         ;
; LEDR[3]       ; 2.5 V        ; 0 in              ; 0 H/in                  ; 0 F/in                  ; short         ; -                   ; open           ; open             ; open   ; 0 in             ; 0 H/in                 ; 0 F/in                 ; short        ; open          ; open            ; open  ; 0 V                 ; -                  ; n/a           ; n/a             ; n/a         ;
; LEDR[4]       ; 2.5 V        ; 0 in              ; 0 H/in                  ; 0 F/in                  ; short         ; -                   ; open           ; open             ; open   ; 0 in             ; 0 H/in                 ; 0 F/in                 ; short        ; open          ; open            ; open  ; 0 V                 ; -                  ; n/a           ; n/a             ; n/a         ;
; LEDR[5]       ; 2.5 V        ; 0 in              ; 0 H/in                  ; 0 F/in                  ; short         ; -                   ; open           ; open             ; open   ; 0 in             ; 0 H/in                 ; 0 F/in                 ; short        ; open          ; open            ; open  ; 0 V                 ; -                  ; n/a           ; n/a             ; n/a         ;
; LEDR[6]       ; 2.5 V        ; 0 in              ; 0 H/in                  ; 0 F/in                  ; short         ; -                   ; open           ; open             ; open   ; 0 in             ; 0 H/in                 ; 0 F/in                 ; short        ; open          ; open            ; open  ; 0 V                 ; -                  ; n/a           ; n/a             ; n/a         ;
; LEDR[7]       ; 2.5 V        ; 0 in              ; 0 H/in                  ; 0 F/in                  ; short         ; -                   ; open           ; open             ; open   ; 0 in             ; 0 H/in                 ; 0 F/in                 ; short        ; open          ; open            ; open  ; 0 V                 ; -                  ; n/a           ; n/a             ; n/a         ;
; LEDR[8]       ; 2.5 V        ; 0 in              ; 0 H/in                  ; 0 F/in                  ; short         ; -                   ; open           ; open             ; open   ; 0 in             ; 0 H/in                 ; 0 F/in                 ; short        ; open          ; open            ; open  ; 0 V                 ; -                  ; n/a           ; n/a             ; n/a         ;
; LEDR[9]       ; 2.5 V        ; 0 in              ; 0 H/in                  ; 0 F/in                  ; short         ; -                   ; open           ; open             ; open   ; 0 in             ; 0 H/in                 ; 0 F/in                 ; short        ; open          ; open            ; open  ; 0 V                 ; -                  ; n/a           ; n/a             ; n/a         ;
; UART_TXD      ; 2.5 V        ; 0 in              ; 0 H/in                  ; 0 F/in                  ; short         ; -                   ; open           ; open             ; open   ; 0 in             ; 0 H/in                 ; 0 F/in                 ; short        ; open          ; open            ; open  ; 0 V                 ; -                  ; n/a           ; n/a             ; n/a         ;
; ~ALTERA_DCLK~ ; 2.5 V        ; 0 in              ; 0 H/in                  ; 0 F/in                  ; short         ; -                   ; open           ; open             ; open   ; 0 in             ; 0 H/in                 ; 0 F/in                 ; short        ; open          ; open            ; open  ; 0 V                 ; -                  ; n/a           ; n/a             ; n/a         ;
; ~ALTERA_nCEO~ ; 2.5 V        ; 0 in              ; 0 H/in                  ; 0 F/in                  ; short         ; -                   ; open           ; open             ; open   ; 0 in             ; 0 H/in                 ; 0 F/in                 ; short        ; open          ; open            ; open  ; 0 V                 ; -                  ; n/a           ; n/a             ; n/a         ;
+---------------+--------------+-------------------+-------------------------+-------------------------+---------------+---------------------+----------------+------------------+--------+------------------+------------------------+------------------------+--------------+---------------+-----------------+-------+---------------------+--------------------+---------------+-----------------+-------------+


+----------------------------------------------------------------------------+
; Input Transition Times                                                     ;
+-------------------------+--------------+-----------------+-----------------+
; Pin                     ; I/O Standard ; 10-90 Rise Time ; 90-10 Fall Time ;
+-------------------------+--------------+-----------------+-----------------+
; CLOCK_50                ; 2.5 V        ; 2000 ps         ; 2000 ps         ;
; BUTTON[0]               ; 2.5 V        ; 2000 ps         ; 2000 ps         ;
; SW[0]                   ; 2.5 V        ; 2000 ps         ; 2000 ps         ;
; SW[8]                   ; 2.5 V        ; 2000 ps         ; 2000 ps         ;
; SW[7]                   ; 2.5 V        ; 2000 ps         ; 2000 ps         ;
; SW[9]                   ; 2.5 V        ; 2000 ps         ; 2000 ps         ;
; SW[6]                   ; 2.5 V        ; 2000 ps         ; 2000 ps         ;
; SW[5]                   ; 2.5 V        ; 2000 ps         ; 2000 ps         ;
; SW[4]                   ; 2.5 V        ; 2000 ps         ; 2000 ps         ;
; SW[3]                   ; 2.5 V        ; 2000 ps         ; 2000 ps         ;
; SW[2]                   ; 2.5 V        ; 2000 ps         ; 2000 ps         ;
; BUTTON[2]               ; 2.5 V        ; 2000 ps         ; 2000 ps         ;
; UART_RXD                ; 2.5 V        ; 2000 ps         ; 2000 ps         ;
; SW[1]                   ; 2.5 V        ; 2000 ps         ; 2000 ps         ;
; BUTTON[1]               ; 2.5 V        ; 2000 ps         ; 2000 ps         ;
; ~ALTERA_ASDO_DATA1~     ; 2.5 V        ; 2000 ps         ; 2000 ps         ;
; ~ALTERA_FLASH_nCE_nCSO~ ; 2.5 V        ; 2000 ps         ; 2000 ps         ;
; ~ALTERA_DATA0~          ; 2.5 V        ; 2000 ps         ; 2000 ps         ;
+-------------------------+--------------+-----------------+-----------------+


+--------------------------------------------------------------------------------------------------------------------------------------------------------------------------------------------------------------------------------------------------------------------------------------------------------------------------------------------------------------------------------------------------------------------------------------------------------------------------------------------------------------------------------------------------------------------------------------------------------------------------------------------------------------------------------------------+
; Signal Integrity Metrics (Slow 1200mv 0c Model)                                                                                                                                                                                                                                                                                                                                                                                                                                                                                                                                                                                                                                            ;
+---------------+--------------+---------------------+---------------------+------------------------------+------------------------------+---------------------+---------------------+--------------------------------------+--------------------------------------+-----------------------------+-----------------------------+----------------------------+----------------------------+-----------------------------+-----------------------------+--------------------+--------------------+-------------------------------------+-------------------------------------+----------------------------+----------------------------+---------------------------+---------------------------+
; Pin           ; I/O Standard ; Board Delay on Rise ; Board Delay on Fall ; Steady State Voh at FPGA Pin ; Steady State Vol at FPGA Pin ; Voh Max at FPGA Pin ; Vol Min at FPGA Pin ; Ringback Voltage on Rise at FPGA Pin ; Ringback Voltage on Fall at FPGA Pin ; 10-90 Rise Time at FPGA Pin ; 90-10 Fall Time at FPGA Pin ; Monotonic Rise at FPGA Pin ; Monotonic Fall at FPGA Pin ; Steady State Voh at Far-end ; Steady State Vol at Far-end ; Voh Max at Far-end ; Vol Min at Far-end ; Ringback Voltage on Rise at Far-end ; Ringback Voltage on Fall at Far-end ; 10-90 Rise Time at Far-end ; 90-10 Fall Time at Far-end ; Monotonic Rise at Far-end ; Monotonic Fall at Far-end ;
+---------------+--------------+---------------------+---------------------+------------------------------+------------------------------+---------------------+---------------------+--------------------------------------+--------------------------------------+-----------------------------+-----------------------------+----------------------------+----------------------------+-----------------------------+-----------------------------+--------------------+--------------------+-------------------------------------+-------------------------------------+----------------------------+----------------------------+---------------------------+---------------------------+
; HEX3[0]       ; 2.5 V        ; 0 s                 ; 0 s                 ; 2.32 V                       ; 3.07e-09 V                   ; 2.37 V              ; -0.00994 V          ; 0.186 V                              ; 0.028 V                              ; 4.98e-10 s                  ; 4.96e-10 s                  ; Yes                        ; Yes                        ; 2.32 V                      ; 3.07e-09 V                  ; 2.37 V             ; -0.00994 V         ; 0.186 V                             ; 0.028 V                             ; 4.98e-10 s                 ; 4.96e-10 s                 ; Yes                       ; Yes                       ;
; HEX3[1]       ; 2.5 V        ; 0 s                 ; 0 s                 ; 2.32 V                       ; 3.07e-09 V                   ; 2.38 V              ; -0.0144 V           ; 0.227 V                              ; 0.024 V                              ; 3.14e-10 s                  ; 3.39e-10 s                  ; Yes                        ; Yes                        ; 2.32 V                      ; 3.07e-09 V                  ; 2.38 V             ; -0.0144 V          ; 0.227 V                             ; 0.024 V                             ; 3.14e-10 s                 ; 3.39e-10 s                 ; Yes                       ; Yes                       ;
; HEX3[2]       ; 2.5 V        ; 0 s                 ; 0 s                 ; 2.32 V                       ; 4.49e-09 V                   ; 2.33 V              ; -0.00467 V          ; 0.226 V                              ; 0.087 V                              ; 2.91e-09 s                  ; 2.74e-09 s                  ; Yes                        ; Yes                        ; 2.32 V                      ; 4.49e-09 V                  ; 2.33 V             ; -0.00467 V         ; 0.226 V                             ; 0.087 V                             ; 2.91e-09 s                 ; 2.74e-09 s                 ; Yes                       ; Yes                       ;
; HEX3[3]       ; 2.5 V        ; 0 s                 ; 0 s                 ; 2.32 V                       ; 4.49e-09 V                   ; 2.38 V              ; -0.00552 V          ; 0.096 V                              ; 0.019 V                              ; 4.18e-10 s                  ; 3.59e-10 s                  ; No                         ; Yes                        ; 2.32 V                      ; 4.49e-09 V                  ; 2.38 V             ; -0.00552 V         ; 0.096 V                             ; 0.019 V                             ; 4.18e-10 s                 ; 3.59e-10 s                 ; No                        ; Yes                       ;
; HEX3[4]       ; 2.5 V        ; 0 s                 ; 0 s                 ; 2.32 V                       ; 4.49e-09 V                   ; 2.38 V              ; -0.00552 V          ; 0.096 V                              ; 0.019 V                              ; 4.18e-10 s                  ; 3.59e-10 s                  ; No                         ; Yes                        ; 2.32 V                      ; 4.49e-09 V                  ; 2.38 V             ; -0.00552 V         ; 0.096 V                             ; 0.019 V                             ; 4.18e-10 s                 ; 3.59e-10 s                 ; No                        ; Yes                       ;
; HEX3[5]       ; 2.5 V        ; 0 s                 ; 0 s                 ; 2.32 V                       ; 4.49e-09 V                   ; 2.38 V              ; -0.00552 V          ; 0.096 V                              ; 0.019 V                              ; 4.18e-10 s                  ; 3.59e-10 s                  ; No                         ; Yes                        ; 2.32 V                      ; 4.49e-09 V                  ; 2.38 V             ; -0.00552 V         ; 0.096 V                             ; 0.019 V                             ; 4.18e-10 s                 ; 3.59e-10 s                 ; No                        ; Yes                       ;
; HEX3[6]       ; 2.5 V        ; 0 s                 ; 0 s                 ; 2.32 V                       ; 4.49e-09 V                   ; 2.38 V              ; -0.00552 V          ; 0.096 V                              ; 0.019 V                              ; 4.18e-10 s                  ; 3.59e-10 s                  ; No                         ; Yes                        ; 2.32 V                      ; 4.49e-09 V                  ; 2.38 V             ; -0.00552 V         ; 0.096 V                             ; 0.019 V                             ; 4.18e-10 s                 ; 3.59e-10 s                 ; No                        ; Yes                       ;
; HEX2[0]       ; 2.5 V        ; 0 s                 ; 0 s                 ; 2.32 V                       ; 3.07e-09 V                   ; 2.37 V              ; -0.00994 V          ; 0.186 V                              ; 0.028 V                              ; 4.98e-10 s                  ; 4.96e-10 s                  ; Yes                        ; Yes                        ; 2.32 V                      ; 3.07e-09 V                  ; 2.37 V             ; -0.00994 V         ; 0.186 V                             ; 0.028 V                             ; 4.98e-10 s                 ; 4.96e-10 s                 ; Yes                       ; Yes                       ;
; HEX2[1]       ; 2.5 V        ; 0 s                 ; 0 s                 ; 2.32 V                       ; 3.07e-09 V                   ; 2.37 V              ; -0.00994 V          ; 0.186 V                              ; 0.028 V                              ; 4.98e-10 s                  ; 4.96e-10 s                  ; Yes                        ; Yes                        ; 2.32 V                      ; 3.07e-09 V                  ; 2.37 V             ; -0.00994 V         ; 0.186 V                             ; 0.028 V                             ; 4.98e-10 s                 ; 4.96e-10 s                 ; Yes                       ; Yes                       ;
; HEX2[2]       ; 2.5 V        ; 0 s                 ; 0 s                 ; 2.32 V                       ; 3.07e-09 V                   ; 2.37 V              ; -0.00994 V          ; 0.186 V                              ; 0.028 V                              ; 4.98e-10 s                  ; 4.96e-10 s                  ; Yes                        ; Yes                        ; 2.32 V                      ; 3.07e-09 V                  ; 2.37 V             ; -0.00994 V         ; 0.186 V                             ; 0.028 V                             ; 4.98e-10 s                 ; 4.96e-10 s                 ; Yes                       ; Yes                       ;
; HEX2[3]       ; 2.5 V        ; 0 s                 ; 0 s                 ; 2.32 V                       ; 3.07e-09 V                   ; 2.37 V              ; -0.00994 V          ; 0.186 V                              ; 0.028 V                              ; 4.98e-10 s                  ; 4.96e-10 s                  ; Yes                        ; Yes                        ; 2.32 V                      ; 3.07e-09 V                  ; 2.37 V             ; -0.00994 V         ; 0.186 V                             ; 0.028 V                             ; 4.98e-10 s                 ; 4.96e-10 s                 ; Yes                       ; Yes                       ;
; HEX2[4]       ; 2.5 V        ; 0 s                 ; 0 s                 ; 2.32 V                       ; 3.07e-09 V                   ; 2.37 V              ; -0.00994 V          ; 0.186 V                              ; 0.028 V                              ; 4.98e-10 s                  ; 4.96e-10 s                  ; Yes                        ; Yes                        ; 2.32 V                      ; 3.07e-09 V                  ; 2.37 V             ; -0.00994 V         ; 0.186 V                             ; 0.028 V                             ; 4.98e-10 s                 ; 4.96e-10 s                 ; Yes                       ; Yes                       ;
; HEX2[5]       ; 2.5 V        ; 0 s                 ; 0 s                 ; 2.32 V                       ; 3.07e-09 V                   ; 2.37 V              ; -0.00994 V          ; 0.186 V                              ; 0.028 V                              ; 4.98e-10 s                  ; 4.96e-10 s                  ; Yes                        ; Yes                        ; 2.32 V                      ; 3.07e-09 V                  ; 2.37 V             ; -0.00994 V         ; 0.186 V                             ; 0.028 V                             ; 4.98e-10 s                 ; 4.96e-10 s                 ; Yes                       ; Yes                       ;
; HEX2[6]       ; 2.5 V        ; 0 s                 ; 0 s                 ; 2.32 V                       ; 3.07e-09 V                   ; 2.37 V              ; -0.00994 V          ; 0.186 V                              ; 0.028 V                              ; 4.98e-10 s                  ; 4.96e-10 s                  ; Yes                        ; Yes                        ; 2.32 V                      ; 3.07e-09 V                  ; 2.37 V             ; -0.00994 V         ; 0.186 V                             ; 0.028 V                             ; 4.98e-10 s                 ; 4.96e-10 s                 ; Yes                       ; Yes                       ;
; HEX1[0]       ; 2.5 V        ; 0 s                 ; 0 s                 ; 2.32 V                       ; 3.07e-09 V                   ; 2.38 V              ; -0.0144 V           ; 0.227 V                              ; 0.024 V                              ; 3.14e-10 s                  ; 3.39e-10 s                  ; Yes                        ; Yes                        ; 2.32 V                      ; 3.07e-09 V                  ; 2.38 V             ; -0.0144 V          ; 0.227 V                             ; 0.024 V                             ; 3.14e-10 s                 ; 3.39e-10 s                 ; Yes                       ; Yes                       ;
; HEX1[1]       ; 2.5 V        ; 0 s                 ; 0 s                 ; 2.32 V                       ; 3.07e-09 V                   ; 2.37 V              ; -0.00994 V          ; 0.186 V                              ; 0.028 V                              ; 4.98e-10 s                  ; 4.96e-10 s                  ; Yes                        ; Yes                        ; 2.32 V                      ; 3.07e-09 V                  ; 2.37 V             ; -0.00994 V         ; 0.186 V                             ; 0.028 V                             ; 4.98e-10 s                 ; 4.96e-10 s                 ; Yes                       ; Yes                       ;
; HEX1[2]       ; 2.5 V        ; 0 s                 ; 0 s                 ; 2.32 V                       ; 3.07e-09 V                   ; 2.37 V              ; -0.00994 V          ; 0.186 V                              ; 0.028 V                              ; 4.98e-10 s                  ; 4.96e-10 s                  ; Yes                        ; Yes                        ; 2.32 V                      ; 3.07e-09 V                  ; 2.37 V             ; -0.00994 V         ; 0.186 V                             ; 0.028 V                             ; 4.98e-10 s                 ; 4.96e-10 s                 ; Yes                       ; Yes                       ;
; HEX1[3]       ; 2.5 V        ; 0 s                 ; 0 s                 ; 2.32 V                       ; 3.07e-09 V                   ; 2.37 V              ; -0.00994 V          ; 0.186 V                              ; 0.028 V                              ; 4.98e-10 s                  ; 4.96e-10 s                  ; Yes                        ; Yes                        ; 2.32 V                      ; 3.07e-09 V                  ; 2.37 V             ; -0.00994 V         ; 0.186 V                             ; 0.028 V                             ; 4.98e-10 s                 ; 4.96e-10 s                 ; Yes                       ; Yes                       ;
; HEX1[4]       ; 2.5 V        ; 0 s                 ; 0 s                 ; 2.32 V                       ; 3.07e-09 V                   ; 2.37 V              ; -0.00994 V          ; 0.186 V                              ; 0.028 V                              ; 4.98e-10 s                  ; 4.96e-10 s                  ; Yes                        ; Yes                        ; 2.32 V                      ; 3.07e-09 V                  ; 2.37 V             ; -0.00994 V         ; 0.186 V                             ; 0.028 V                             ; 4.98e-10 s                 ; 4.96e-10 s                 ; Yes                       ; Yes                       ;
; HEX1[5]       ; 2.5 V        ; 0 s                 ; 0 s                 ; 2.32 V                       ; 3.07e-09 V                   ; 2.33 V              ; -0.00496 V          ; 0.223 V                              ; 0.086 V                              ; 2.9e-09 s                   ; 2.73e-09 s                  ; Yes                        ; Yes                        ; 2.32 V                      ; 3.07e-09 V                  ; 2.33 V             ; -0.00496 V         ; 0.223 V                             ; 0.086 V                             ; 2.9e-09 s                  ; 2.73e-09 s                 ; Yes                       ; Yes                       ;
; HEX1[6]       ; 2.5 V        ; 0 s                 ; 0 s                 ; 2.32 V                       ; 3.07e-09 V                   ; 2.33 V              ; -0.00496 V          ; 0.223 V                              ; 0.086 V                              ; 2.9e-09 s                   ; 2.73e-09 s                  ; Yes                        ; Yes                        ; 2.32 V                      ; 3.07e-09 V                  ; 2.33 V             ; -0.00496 V         ; 0.223 V                             ; 0.086 V                             ; 2.9e-09 s                  ; 2.73e-09 s                 ; Yes                       ; Yes                       ;
; HEX0[0]       ; 2.5 V        ; 0 s                 ; 0 s                 ; 2.32 V                       ; 4.49e-09 V                   ; 2.38 V              ; -0.00552 V          ; 0.096 V                              ; 0.019 V                              ; 4.18e-10 s                  ; 3.59e-10 s                  ; No                         ; Yes                        ; 2.32 V                      ; 4.49e-09 V                  ; 2.38 V             ; -0.00552 V         ; 0.096 V                             ; 0.019 V                             ; 4.18e-10 s                 ; 3.59e-10 s                 ; No                        ; Yes                       ;
; HEX0[1]       ; 2.5 V        ; 0 s                 ; 0 s                 ; 2.32 V                       ; 4.49e-09 V                   ; 2.33 V              ; -0.00467 V          ; 0.226 V                              ; 0.087 V                              ; 2.91e-09 s                  ; 2.74e-09 s                  ; Yes                        ; Yes                        ; 2.32 V                      ; 4.49e-09 V                  ; 2.33 V             ; -0.00467 V         ; 0.226 V                             ; 0.087 V                             ; 2.91e-09 s                 ; 2.74e-09 s                 ; Yes                       ; Yes                       ;
; HEX0[2]       ; 2.5 V        ; 0 s                 ; 0 s                 ; 2.32 V                       ; 4.49e-09 V                   ; 2.38 V              ; -0.00552 V          ; 0.096 V                              ; 0.019 V                              ; 4.18e-10 s                  ; 3.59e-10 s                  ; No                         ; Yes                        ; 2.32 V                      ; 4.49e-09 V                  ; 2.38 V             ; -0.00552 V         ; 0.096 V                             ; 0.019 V                             ; 4.18e-10 s                 ; 3.59e-10 s                 ; No                        ; Yes                       ;
; HEX0[3]       ; 2.5 V        ; 0 s                 ; 0 s                 ; 2.32 V                       ; 3.07e-09 V                   ; 2.38 V              ; -0.0144 V           ; 0.227 V                              ; 0.024 V                              ; 3.14e-10 s                  ; 3.39e-10 s                  ; Yes                        ; Yes                        ; 2.32 V                      ; 3.07e-09 V                  ; 2.38 V             ; -0.0144 V          ; 0.227 V                             ; 0.024 V                             ; 3.14e-10 s                 ; 3.39e-10 s                 ; Yes                       ; Yes                       ;
; HEX0[4]       ; 2.5 V        ; 0 s                 ; 0 s                 ; 2.32 V                       ; 3.07e-09 V                   ; 2.38 V              ; -0.0144 V           ; 0.227 V                              ; 0.024 V                              ; 3.14e-10 s                  ; 3.39e-10 s                  ; Yes                        ; Yes                        ; 2.32 V                      ; 3.07e-09 V                  ; 2.38 V             ; -0.0144 V          ; 0.227 V                             ; 0.024 V                             ; 3.14e-10 s                 ; 3.39e-10 s                 ; Yes                       ; Yes                       ;
; HEX0[5]       ; 2.5 V        ; 0 s                 ; 0 s                 ; 2.32 V                       ; 3.07e-09 V                   ; 2.33 V              ; -0.00496 V          ; 0.223 V                              ; 0.086 V                              ; 2.9e-09 s                   ; 2.73e-09 s                  ; Yes                        ; Yes                        ; 2.32 V                      ; 3.07e-09 V                  ; 2.33 V             ; -0.00496 V         ; 0.223 V                             ; 0.086 V                             ; 2.9e-09 s                  ; 2.73e-09 s                 ; Yes                       ; Yes                       ;
; HEX0[6]       ; 2.5 V        ; 0 s                 ; 0 s                 ; 2.32 V                       ; 3.07e-09 V                   ; 2.38 V              ; -0.0144 V           ; 0.227 V                              ; 0.024 V                              ; 3.14e-10 s                  ; 3.39e-10 s                  ; Yes                        ; Yes                        ; 2.32 V                      ; 3.07e-09 V                  ; 2.38 V             ; -0.0144 V          ; 0.227 V                             ; 0.024 V                             ; 3.14e-10 s                 ; 3.39e-10 s                 ; Yes                       ; Yes                       ;
; LEDR[0]       ; 2.5 V        ; 0 s                 ; 0 s                 ; 2.32 V                       ; 4.49e-09 V                   ; 2.38 V              ; -0.00552 V          ; 0.096 V                              ; 0.019 V                              ; 4.18e-10 s                  ; 3.59e-10 s                  ; No                         ; Yes                        ; 2.32 V                      ; 4.49e-09 V                  ; 2.38 V             ; -0.00552 V         ; 0.096 V                             ; 0.019 V                             ; 4.18e-10 s                 ; 3.59e-10 s                 ; No                        ; Yes                       ;
; LEDR[1]       ; 2.5 V        ; 0 s                 ; 0 s                 ; 2.32 V                       ; 4.49e-09 V                   ; 2.38 V              ; -0.00552 V          ; 0.096 V                              ; 0.019 V                              ; 4.18e-10 s                  ; 3.59e-10 s                  ; No                         ; Yes                        ; 2.32 V                      ; 4.49e-09 V                  ; 2.38 V             ; -0.00552 V         ; 0.096 V                             ; 0.019 V                             ; 4.18e-10 s                 ; 3.59e-10 s                 ; No                        ; Yes                       ;
; LEDR[2]       ; 2.5 V        ; 0 s                 ; 0 s                 ; 2.32 V                       ; 4.49e-09 V                   ; 2.38 V              ; -0.00552 V          ; 0.096 V                              ; 0.019 V                              ; 4.18e-10 s                  ; 3.59e-10 s                  ; No                         ; Yes                        ; 2.32 V                      ; 4.49e-09 V                  ; 2.38 V             ; -0.00552 V         ; 0.096 V                             ; 0.019 V                             ; 4.18e-10 s                 ; 3.59e-10 s                 ; No                        ; Yes                       ;
; LEDR[3]       ; 2.5 V        ; 0 s                 ; 0 s                 ; 2.32 V                       ; 4.49e-09 V                   ; 2.38 V              ; -0.00552 V          ; 0.096 V                              ; 0.019 V                              ; 4.18e-10 s                  ; 3.59e-10 s                  ; No                         ; Yes                        ; 2.32 V                      ; 4.49e-09 V                  ; 2.38 V             ; -0.00552 V         ; 0.096 V                             ; 0.019 V                             ; 4.18e-10 s                 ; 3.59e-10 s                 ; No                        ; Yes                       ;
; LEDR[4]       ; 2.5 V        ; 0 s                 ; 0 s                 ; 2.32 V                       ; 4.49e-09 V                   ; 2.38 V              ; -0.00552 V          ; 0.096 V                              ; 0.019 V                              ; 4.18e-10 s                  ; 3.59e-10 s                  ; No                         ; Yes                        ; 2.32 V                      ; 4.49e-09 V                  ; 2.38 V             ; -0.00552 V         ; 0.096 V                             ; 0.019 V                             ; 4.18e-10 s                 ; 3.59e-10 s                 ; No                        ; Yes                       ;
; LEDR[5]       ; 2.5 V        ; 0 s                 ; 0 s                 ; 2.32 V                       ; 4.49e-09 V                   ; 2.38 V              ; -0.00552 V          ; 0.096 V                              ; 0.019 V                              ; 4.18e-10 s                  ; 3.59e-10 s                  ; No                         ; Yes                        ; 2.32 V                      ; 4.49e-09 V                  ; 2.38 V             ; -0.00552 V         ; 0.096 V                             ; 0.019 V                             ; 4.18e-10 s                 ; 3.59e-10 s                 ; No                        ; Yes                       ;
; LEDR[6]       ; 2.5 V        ; 0 s                 ; 0 s                 ; 2.32 V                       ; 4.49e-09 V                   ; 2.38 V              ; -0.00552 V          ; 0.096 V                              ; 0.019 V                              ; 4.18e-10 s                  ; 3.59e-10 s                  ; No                         ; Yes                        ; 2.32 V                      ; 4.49e-09 V                  ; 2.38 V             ; -0.00552 V         ; 0.096 V                             ; 0.019 V                             ; 4.18e-10 s                 ; 3.59e-10 s                 ; No                        ; Yes                       ;
; LEDR[7]       ; 2.5 V        ; 0 s                 ; 0 s                 ; 2.32 V                       ; 4.49e-09 V                   ; 2.38 V              ; -0.00552 V          ; 0.096 V                              ; 0.019 V                              ; 4.18e-10 s                  ; 3.59e-10 s                  ; No                         ; Yes                        ; 2.32 V                      ; 4.49e-09 V                  ; 2.38 V             ; -0.00552 V         ; 0.096 V                             ; 0.019 V                             ; 4.18e-10 s                 ; 3.59e-10 s                 ; No                        ; Yes                       ;
; LEDR[8]       ; 2.5 V        ; 0 s                 ; 0 s                 ; 2.32 V                       ; 4.49e-09 V                   ; 2.38 V              ; -0.00552 V          ; 0.096 V                              ; 0.019 V                              ; 4.18e-10 s                  ; 3.59e-10 s                  ; No                         ; Yes                        ; 2.32 V                      ; 4.49e-09 V                  ; 2.38 V             ; -0.00552 V         ; 0.096 V                             ; 0.019 V                             ; 4.18e-10 s                 ; 3.59e-10 s                 ; No                        ; Yes                       ;
; LEDR[9]       ; 2.5 V        ; 0 s                 ; 0 s                 ; 2.32 V                       ; 4.49e-09 V                   ; 2.33 V              ; -0.00467 V          ; 0.226 V                              ; 0.087 V                              ; 2.91e-09 s                  ; 2.74e-09 s                  ; Yes                        ; Yes                        ; 2.32 V                      ; 4.49e-09 V                  ; 2.33 V             ; -0.00467 V         ; 0.226 V                             ; 0.087 V                             ; 2.91e-09 s                 ; 2.74e-09 s                 ; Yes                       ; Yes                       ;
; UART_TXD      ; 2.5 V        ; 0 s                 ; 0 s                 ; 2.32 V                       ; 4.49e-09 V                   ; 2.33 V              ; -0.00467 V          ; 0.226 V                              ; 0.087 V                              ; 2.91e-09 s                  ; 2.74e-09 s                  ; Yes                        ; Yes                        ; 2.32 V                      ; 4.49e-09 V                  ; 2.33 V             ; -0.00467 V         ; 0.226 V                             ; 0.087 V                             ; 2.91e-09 s                 ; 2.74e-09 s                 ; Yes                       ; Yes                       ;
; ~ALTERA_DCLK~ ; 2.5 V        ; 0 s                 ; 0 s                 ; 2.32 V                       ; 2.67e-09 V                   ; 2.38 V              ; -0.0485 V           ; 0.167 V                              ; 0.096 V                              ; 2.95e-10 s                  ; 2.73e-10 s                  ; Yes                        ; Yes                        ; 2.32 V                      ; 2.67e-09 V                  ; 2.38 V             ; -0.0485 V          ; 0.167 V                             ; 0.096 V                             ; 2.95e-10 s                 ; 2.73e-10 s                 ; Yes                       ; Yes                       ;
; ~ALTERA_nCEO~ ; 2.5 V        ; 0 s                 ; 0 s                 ; 2.32 V                       ; 4.18e-09 V                   ; 2.38 V              ; -0.00483 V          ; 0.152 V                              ; 0.012 V                              ; 4.81e-10 s                  ; 6.29e-10 s                  ; Yes                        ; Yes                        ; 2.32 V                      ; 4.18e-09 V                  ; 2.38 V             ; -0.00483 V         ; 0.152 V                             ; 0.012 V                             ; 4.81e-10 s                 ; 6.29e-10 s                 ; Yes                       ; Yes                       ;
+---------------+--------------+---------------------+---------------------+------------------------------+------------------------------+---------------------+---------------------+--------------------------------------+--------------------------------------+-----------------------------+-----------------------------+----------------------------+----------------------------+-----------------------------+-----------------------------+--------------------+--------------------+-------------------------------------+-------------------------------------+----------------------------+----------------------------+---------------------------+---------------------------+


+--------------------------------------------------------------------------------------------------------------------------------------------------------------------------------------------------------------------------------------------------------------------------------------------------------------------------------------------------------------------------------------------------------------------------------------------------------------------------------------------------------------------------------------------------------------------------------------------------------------------------------------------------------------------------------------------+
; Signal Integrity Metrics (Slow 1200mv 85c Model)                                                                                                                                                                                                                                                                                                                                                                                                                                                                                                                                                                                                                                           ;
+---------------+--------------+---------------------+---------------------+------------------------------+------------------------------+---------------------+---------------------+--------------------------------------+--------------------------------------+-----------------------------+-----------------------------+----------------------------+----------------------------+-----------------------------+-----------------------------+--------------------+--------------------+-------------------------------------+-------------------------------------+----------------------------+----------------------------+---------------------------+---------------------------+
; Pin           ; I/O Standard ; Board Delay on Rise ; Board Delay on Fall ; Steady State Voh at FPGA Pin ; Steady State Vol at FPGA Pin ; Voh Max at FPGA Pin ; Vol Min at FPGA Pin ; Ringback Voltage on Rise at FPGA Pin ; Ringback Voltage on Fall at FPGA Pin ; 10-90 Rise Time at FPGA Pin ; 90-10 Fall Time at FPGA Pin ; Monotonic Rise at FPGA Pin ; Monotonic Fall at FPGA Pin ; Steady State Voh at Far-end ; Steady State Vol at Far-end ; Voh Max at Far-end ; Vol Min at Far-end ; Ringback Voltage on Rise at Far-end ; Ringback Voltage on Fall at Far-end ; 10-90 Rise Time at Far-end ; 90-10 Fall Time at Far-end ; Monotonic Rise at Far-end ; Monotonic Fall at Far-end ;
+---------------+--------------+---------------------+---------------------+------------------------------+------------------------------+---------------------+---------------------+--------------------------------------+--------------------------------------+-----------------------------+-----------------------------+----------------------------+----------------------------+-----------------------------+-----------------------------+--------------------+--------------------+-------------------------------------+-------------------------------------+----------------------------+----------------------------+---------------------------+---------------------------+
; HEX3[0]       ; 2.5 V        ; 0 s                 ; 0 s                 ; 2.32 V                       ; 4.67e-07 V                   ; 2.35 V              ; -0.00942 V          ; 0.116 V                              ; 0.033 V                              ; 6.66e-10 s                  ; 6.27e-10 s                  ; Yes                        ; Yes                        ; 2.32 V                      ; 4.67e-07 V                  ; 2.35 V             ; -0.00942 V         ; 0.116 V                             ; 0.033 V                             ; 6.66e-10 s                 ; 6.27e-10 s                 ; Yes                       ; Yes                       ;
; HEX3[1]       ; 2.5 V        ; 0 s                 ; 0 s                 ; 2.32 V                       ; 4.67e-07 V                   ; 2.36 V              ; -0.00552 V          ; 0.11 V                               ; 0.007 V                              ; 4.54e-10 s                  ; 4.35e-10 s                  ; Yes                        ; Yes                        ; 2.32 V                      ; 4.67e-07 V                  ; 2.36 V             ; -0.00552 V         ; 0.11 V                              ; 0.007 V                             ; 4.54e-10 s                 ; 4.35e-10 s                 ; Yes                       ; Yes                       ;
; HEX3[2]       ; 2.5 V        ; 0 s                 ; 0 s                 ; 2.32 V                       ; 6.92e-07 V                   ; 2.33 V              ; -0.00265 V          ; 0.133 V                              ; 0.056 V                              ; 3.55e-09 s                  ; 3.31e-09 s                  ; Yes                        ; Yes                        ; 2.32 V                      ; 6.92e-07 V                  ; 2.33 V             ; -0.00265 V         ; 0.133 V                             ; 0.056 V                             ; 3.55e-09 s                 ; 3.31e-09 s                 ; Yes                       ; Yes                       ;
; HEX3[3]       ; 2.5 V        ; 0 s                 ; 0 s                 ; 2.32 V                       ; 6.92e-07 V                   ; 2.35 V              ; -0.00996 V          ; 0.121 V                              ; 0.03 V                               ; 4.64e-10 s                  ; 4.47e-10 s                  ; Yes                        ; Yes                        ; 2.32 V                      ; 6.92e-07 V                  ; 2.35 V             ; -0.00996 V         ; 0.121 V                             ; 0.03 V                              ; 4.64e-10 s                 ; 4.47e-10 s                 ; Yes                       ; Yes                       ;
; HEX3[4]       ; 2.5 V        ; 0 s                 ; 0 s                 ; 2.32 V                       ; 6.92e-07 V                   ; 2.35 V              ; -0.00996 V          ; 0.121 V                              ; 0.03 V                               ; 4.64e-10 s                  ; 4.47e-10 s                  ; Yes                        ; Yes                        ; 2.32 V                      ; 6.92e-07 V                  ; 2.35 V             ; -0.00996 V         ; 0.121 V                             ; 0.03 V                              ; 4.64e-10 s                 ; 4.47e-10 s                 ; Yes                       ; Yes                       ;
; HEX3[5]       ; 2.5 V        ; 0 s                 ; 0 s                 ; 2.32 V                       ; 6.92e-07 V                   ; 2.35 V              ; -0.00996 V          ; 0.121 V                              ; 0.03 V                               ; 4.64e-10 s                  ; 4.47e-10 s                  ; Yes                        ; Yes                        ; 2.32 V                      ; 6.92e-07 V                  ; 2.35 V             ; -0.00996 V         ; 0.121 V                             ; 0.03 V                              ; 4.64e-10 s                 ; 4.47e-10 s                 ; Yes                       ; Yes                       ;
; HEX3[6]       ; 2.5 V        ; 0 s                 ; 0 s                 ; 2.32 V                       ; 6.92e-07 V                   ; 2.35 V              ; -0.00996 V          ; 0.121 V                              ; 0.03 V                               ; 4.64e-10 s                  ; 4.47e-10 s                  ; Yes                        ; Yes                        ; 2.32 V                      ; 6.92e-07 V                  ; 2.35 V             ; -0.00996 V         ; 0.121 V                             ; 0.03 V                              ; 4.64e-10 s                 ; 4.47e-10 s                 ; Yes                       ; Yes                       ;
; HEX2[0]       ; 2.5 V        ; 0 s                 ; 0 s                 ; 2.32 V                       ; 4.67e-07 V                   ; 2.35 V              ; -0.00942 V          ; 0.116 V                              ; 0.033 V                              ; 6.66e-10 s                  ; 6.27e-10 s                  ; Yes                        ; Yes                        ; 2.32 V                      ; 4.67e-07 V                  ; 2.35 V             ; -0.00942 V         ; 0.116 V                             ; 0.033 V                             ; 6.66e-10 s                 ; 6.27e-10 s                 ; Yes                       ; Yes                       ;
; HEX2[1]       ; 2.5 V        ; 0 s                 ; 0 s                 ; 2.32 V                       ; 4.67e-07 V                   ; 2.35 V              ; -0.00942 V          ; 0.116 V                              ; 0.033 V                              ; 6.66e-10 s                  ; 6.27e-10 s                  ; Yes                        ; Yes                        ; 2.32 V                      ; 4.67e-07 V                  ; 2.35 V             ; -0.00942 V         ; 0.116 V                             ; 0.033 V                             ; 6.66e-10 s                 ; 6.27e-10 s                 ; Yes                       ; Yes                       ;
; HEX2[2]       ; 2.5 V        ; 0 s                 ; 0 s                 ; 2.32 V                       ; 4.67e-07 V                   ; 2.35 V              ; -0.00942 V          ; 0.116 V                              ; 0.033 V                              ; 6.66e-10 s                  ; 6.27e-10 s                  ; Yes                        ; Yes                        ; 2.32 V                      ; 4.67e-07 V                  ; 2.35 V             ; -0.00942 V         ; 0.116 V                             ; 0.033 V                             ; 6.66e-10 s                 ; 6.27e-10 s                 ; Yes                       ; Yes                       ;
; HEX2[3]       ; 2.5 V        ; 0 s                 ; 0 s                 ; 2.32 V                       ; 4.67e-07 V                   ; 2.35 V              ; -0.00942 V          ; 0.116 V                              ; 0.033 V                              ; 6.66e-10 s                  ; 6.27e-10 s                  ; Yes                        ; Yes                        ; 2.32 V                      ; 4.67e-07 V                  ; 2.35 V             ; -0.00942 V         ; 0.116 V                             ; 0.033 V                             ; 6.66e-10 s                 ; 6.27e-10 s                 ; Yes                       ; Yes                       ;
; HEX2[4]       ; 2.5 V        ; 0 s                 ; 0 s                 ; 2.32 V                       ; 4.67e-07 V                   ; 2.35 V              ; -0.00942 V          ; 0.116 V                              ; 0.033 V                              ; 6.66e-10 s                  ; 6.27e-10 s                  ; Yes                        ; Yes                        ; 2.32 V                      ; 4.67e-07 V                  ; 2.35 V             ; -0.00942 V         ; 0.116 V                             ; 0.033 V                             ; 6.66e-10 s                 ; 6.27e-10 s                 ; Yes                       ; Yes                       ;
; HEX2[5]       ; 2.5 V        ; 0 s                 ; 0 s                 ; 2.32 V                       ; 4.67e-07 V                   ; 2.35 V              ; -0.00942 V          ; 0.116 V                              ; 0.033 V                              ; 6.66e-10 s                  ; 6.27e-10 s                  ; Yes                        ; Yes                        ; 2.32 V                      ; 4.67e-07 V                  ; 2.35 V             ; -0.00942 V         ; 0.116 V                             ; 0.033 V                             ; 6.66e-10 s                 ; 6.27e-10 s                 ; Yes                       ; Yes                       ;
; HEX2[6]       ; 2.5 V        ; 0 s                 ; 0 s                 ; 2.32 V                       ; 4.67e-07 V                   ; 2.35 V              ; -0.00942 V          ; 0.116 V                              ; 0.033 V                              ; 6.66e-10 s                  ; 6.27e-10 s                  ; Yes                        ; Yes                        ; 2.32 V                      ; 4.67e-07 V                  ; 2.35 V             ; -0.00942 V         ; 0.116 V                             ; 0.033 V                             ; 6.66e-10 s                 ; 6.27e-10 s                 ; Yes                       ; Yes                       ;
; HEX1[0]       ; 2.5 V        ; 0 s                 ; 0 s                 ; 2.32 V                       ; 4.67e-07 V                   ; 2.36 V              ; -0.00552 V          ; 0.11 V                               ; 0.007 V                              ; 4.54e-10 s                  ; 4.35e-10 s                  ; Yes                        ; Yes                        ; 2.32 V                      ; 4.67e-07 V                  ; 2.36 V             ; -0.00552 V         ; 0.11 V                              ; 0.007 V                             ; 4.54e-10 s                 ; 4.35e-10 s                 ; Yes                       ; Yes                       ;
; HEX1[1]       ; 2.5 V        ; 0 s                 ; 0 s                 ; 2.32 V                       ; 4.67e-07 V                   ; 2.35 V              ; -0.00942 V          ; 0.116 V                              ; 0.033 V                              ; 6.66e-10 s                  ; 6.27e-10 s                  ; Yes                        ; Yes                        ; 2.32 V                      ; 4.67e-07 V                  ; 2.35 V             ; -0.00942 V         ; 0.116 V                             ; 0.033 V                             ; 6.66e-10 s                 ; 6.27e-10 s                 ; Yes                       ; Yes                       ;
; HEX1[2]       ; 2.5 V        ; 0 s                 ; 0 s                 ; 2.32 V                       ; 4.67e-07 V                   ; 2.35 V              ; -0.00942 V          ; 0.116 V                              ; 0.033 V                              ; 6.66e-10 s                  ; 6.27e-10 s                  ; Yes                        ; Yes                        ; 2.32 V                      ; 4.67e-07 V                  ; 2.35 V             ; -0.00942 V         ; 0.116 V                             ; 0.033 V                             ; 6.66e-10 s                 ; 6.27e-10 s                 ; Yes                       ; Yes                       ;
; HEX1[3]       ; 2.5 V        ; 0 s                 ; 0 s                 ; 2.32 V                       ; 4.67e-07 V                   ; 2.35 V              ; -0.00942 V          ; 0.116 V                              ; 0.033 V                              ; 6.66e-10 s                  ; 6.27e-10 s                  ; Yes                        ; Yes                        ; 2.32 V                      ; 4.67e-07 V                  ; 2.35 V             ; -0.00942 V         ; 0.116 V                             ; 0.033 V                             ; 6.66e-10 s                 ; 6.27e-10 s                 ; Yes                       ; Yes                       ;
; HEX1[4]       ; 2.5 V        ; 0 s                 ; 0 s                 ; 2.32 V                       ; 4.67e-07 V                   ; 2.35 V              ; -0.00942 V          ; 0.116 V                              ; 0.033 V                              ; 6.66e-10 s                  ; 6.27e-10 s                  ; Yes                        ; Yes                        ; 2.32 V                      ; 4.67e-07 V                  ; 2.35 V             ; -0.00942 V         ; 0.116 V                             ; 0.033 V                             ; 6.66e-10 s                 ; 6.27e-10 s                 ; Yes                       ; Yes                       ;
; HEX1[5]       ; 2.5 V        ; 0 s                 ; 0 s                 ; 2.32 V                       ; 4.67e-07 V                   ; 2.33 V              ; -0.00269 V          ; 0.13 V                               ; 0.055 V                              ; 3.54e-09 s                  ; 3.29e-09 s                  ; Yes                        ; Yes                        ; 2.32 V                      ; 4.67e-07 V                  ; 2.33 V             ; -0.00269 V         ; 0.13 V                              ; 0.055 V                             ; 3.54e-09 s                 ; 3.29e-09 s                 ; Yes                       ; Yes                       ;
; HEX1[6]       ; 2.5 V        ; 0 s                 ; 0 s                 ; 2.32 V                       ; 4.67e-07 V                   ; 2.33 V              ; -0.00269 V          ; 0.13 V                               ; 0.055 V                              ; 3.54e-09 s                  ; 3.29e-09 s                  ; Yes                        ; Yes                        ; 2.32 V                      ; 4.67e-07 V                  ; 2.33 V             ; -0.00269 V         ; 0.13 V                              ; 0.055 V                             ; 3.54e-09 s                 ; 3.29e-09 s                 ; Yes                       ; Yes                       ;
; HEX0[0]       ; 2.5 V        ; 0 s                 ; 0 s                 ; 2.32 V                       ; 6.92e-07 V                   ; 2.35 V              ; -0.00996 V          ; 0.121 V                              ; 0.03 V                               ; 4.64e-10 s                  ; 4.47e-10 s                  ; Yes                        ; Yes                        ; 2.32 V                      ; 6.92e-07 V                  ; 2.35 V             ; -0.00996 V         ; 0.121 V                             ; 0.03 V                              ; 4.64e-10 s                 ; 4.47e-10 s                 ; Yes                       ; Yes                       ;
; HEX0[1]       ; 2.5 V        ; 0 s                 ; 0 s                 ; 2.32 V                       ; 6.92e-07 V                   ; 2.33 V              ; -0.00265 V          ; 0.133 V                              ; 0.056 V                              ; 3.55e-09 s                  ; 3.31e-09 s                  ; Yes                        ; Yes                        ; 2.32 V                      ; 6.92e-07 V                  ; 2.33 V             ; -0.00265 V         ; 0.133 V                             ; 0.056 V                             ; 3.55e-09 s                 ; 3.31e-09 s                 ; Yes                       ; Yes                       ;
; HEX0[2]       ; 2.5 V        ; 0 s                 ; 0 s                 ; 2.32 V                       ; 6.92e-07 V                   ; 2.35 V              ; -0.00996 V          ; 0.121 V                              ; 0.03 V                               ; 4.64e-10 s                  ; 4.47e-10 s                  ; Yes                        ; Yes                        ; 2.32 V                      ; 6.92e-07 V                  ; 2.35 V             ; -0.00996 V         ; 0.121 V                             ; 0.03 V                              ; 4.64e-10 s                 ; 4.47e-10 s                 ; Yes                       ; Yes                       ;
; HEX0[3]       ; 2.5 V        ; 0 s                 ; 0 s                 ; 2.32 V                       ; 4.67e-07 V                   ; 2.36 V              ; -0.00552 V          ; 0.11 V                               ; 0.007 V                              ; 4.54e-10 s                  ; 4.35e-10 s                  ; Yes                        ; Yes                        ; 2.32 V                      ; 4.67e-07 V                  ; 2.36 V             ; -0.00552 V         ; 0.11 V                              ; 0.007 V                             ; 4.54e-10 s                 ; 4.35e-10 s                 ; Yes                       ; Yes                       ;
; HEX0[4]       ; 2.5 V        ; 0 s                 ; 0 s                 ; 2.32 V                       ; 4.67e-07 V                   ; 2.36 V              ; -0.00552 V          ; 0.11 V                               ; 0.007 V                              ; 4.54e-10 s                  ; 4.35e-10 s                  ; Yes                        ; Yes                        ; 2.32 V                      ; 4.67e-07 V                  ; 2.36 V             ; -0.00552 V         ; 0.11 V                              ; 0.007 V                             ; 4.54e-10 s                 ; 4.35e-10 s                 ; Yes                       ; Yes                       ;
; HEX0[5]       ; 2.5 V        ; 0 s                 ; 0 s                 ; 2.32 V                       ; 4.67e-07 V                   ; 2.33 V              ; -0.00269 V          ; 0.13 V                               ; 0.055 V                              ; 3.54e-09 s                  ; 3.29e-09 s                  ; Yes                        ; Yes                        ; 2.32 V                      ; 4.67e-07 V                  ; 2.33 V             ; -0.00269 V         ; 0.13 V                              ; 0.055 V                             ; 3.54e-09 s                 ; 3.29e-09 s                 ; Yes                       ; Yes                       ;
; HEX0[6]       ; 2.5 V        ; 0 s                 ; 0 s                 ; 2.32 V                       ; 4.67e-07 V                   ; 2.36 V              ; -0.00552 V          ; 0.11 V                               ; 0.007 V                              ; 4.54e-10 s                  ; 4.35e-10 s                  ; Yes                        ; Yes                        ; 2.32 V                      ; 4.67e-07 V                  ; 2.36 V             ; -0.00552 V         ; 0.11 V                              ; 0.007 V                             ; 4.54e-10 s                 ; 4.35e-10 s                 ; Yes                       ; Yes                       ;
; LEDR[0]       ; 2.5 V        ; 0 s                 ; 0 s                 ; 2.32 V                       ; 6.92e-07 V                   ; 2.35 V              ; -0.00996 V          ; 0.121 V                              ; 0.03 V                               ; 4.64e-10 s                  ; 4.47e-10 s                  ; Yes                        ; Yes                        ; 2.32 V                      ; 6.92e-07 V                  ; 2.35 V             ; -0.00996 V         ; 0.121 V                             ; 0.03 V                              ; 4.64e-10 s                 ; 4.47e-10 s                 ; Yes                       ; Yes                       ;
; LEDR[1]       ; 2.5 V        ; 0 s                 ; 0 s                 ; 2.32 V                       ; 6.92e-07 V                   ; 2.35 V              ; -0.00996 V          ; 0.121 V                              ; 0.03 V                               ; 4.64e-10 s                  ; 4.47e-10 s                  ; Yes                        ; Yes                        ; 2.32 V                      ; 6.92e-07 V                  ; 2.35 V             ; -0.00996 V         ; 0.121 V                             ; 0.03 V                              ; 4.64e-10 s                 ; 4.47e-10 s                 ; Yes                       ; Yes                       ;
; LEDR[2]       ; 2.5 V        ; 0 s                 ; 0 s                 ; 2.32 V                       ; 6.92e-07 V                   ; 2.35 V              ; -0.00996 V          ; 0.121 V                              ; 0.03 V                               ; 4.64e-10 s                  ; 4.47e-10 s                  ; Yes                        ; Yes                        ; 2.32 V                      ; 6.92e-07 V                  ; 2.35 V             ; -0.00996 V         ; 0.121 V                             ; 0.03 V                              ; 4.64e-10 s                 ; 4.47e-10 s                 ; Yes                       ; Yes                       ;
; LEDR[3]       ; 2.5 V        ; 0 s                 ; 0 s                 ; 2.32 V                       ; 6.92e-07 V                   ; 2.35 V              ; -0.00996 V          ; 0.121 V                              ; 0.03 V                               ; 4.64e-10 s                  ; 4.47e-10 s                  ; Yes                        ; Yes                        ; 2.32 V                      ; 6.92e-07 V                  ; 2.35 V             ; -0.00996 V         ; 0.121 V                             ; 0.03 V                              ; 4.64e-10 s                 ; 4.47e-10 s                 ; Yes                       ; Yes                       ;
; LEDR[4]       ; 2.5 V        ; 0 s                 ; 0 s                 ; 2.32 V                       ; 6.92e-07 V                   ; 2.35 V              ; -0.00996 V          ; 0.121 V                              ; 0.03 V                               ; 4.64e-10 s                  ; 4.47e-10 s                  ; Yes                        ; Yes                        ; 2.32 V                      ; 6.92e-07 V                  ; 2.35 V             ; -0.00996 V         ; 0.121 V                             ; 0.03 V                              ; 4.64e-10 s                 ; 4.47e-10 s                 ; Yes                       ; Yes                       ;
; LEDR[5]       ; 2.5 V        ; 0 s                 ; 0 s                 ; 2.32 V                       ; 6.92e-07 V                   ; 2.35 V              ; -0.00996 V          ; 0.121 V                              ; 0.03 V                               ; 4.64e-10 s                  ; 4.47e-10 s                  ; Yes                        ; Yes                        ; 2.32 V                      ; 6.92e-07 V                  ; 2.35 V             ; -0.00996 V         ; 0.121 V                             ; 0.03 V                              ; 4.64e-10 s                 ; 4.47e-10 s                 ; Yes                       ; Yes                       ;
; LEDR[6]       ; 2.5 V        ; 0 s                 ; 0 s                 ; 2.32 V                       ; 6.92e-07 V                   ; 2.35 V              ; -0.00996 V          ; 0.121 V                              ; 0.03 V                               ; 4.64e-10 s                  ; 4.47e-10 s                  ; Yes                        ; Yes                        ; 2.32 V                      ; 6.92e-07 V                  ; 2.35 V             ; -0.00996 V         ; 0.121 V                             ; 0.03 V                              ; 4.64e-10 s                 ; 4.47e-10 s                 ; Yes                       ; Yes                       ;
; LEDR[7]       ; 2.5 V        ; 0 s                 ; 0 s                 ; 2.32 V                       ; 6.92e-07 V                   ; 2.35 V              ; -0.00996 V          ; 0.121 V                              ; 0.03 V                               ; 4.64e-10 s                  ; 4.47e-10 s                  ; Yes                        ; Yes                        ; 2.32 V                      ; 6.92e-07 V                  ; 2.35 V             ; -0.00996 V         ; 0.121 V                             ; 0.03 V                              ; 4.64e-10 s                 ; 4.47e-10 s                 ; Yes                       ; Yes                       ;
; LEDR[8]       ; 2.5 V        ; 0 s                 ; 0 s                 ; 2.32 V                       ; 6.92e-07 V                   ; 2.35 V              ; -0.00996 V          ; 0.121 V                              ; 0.03 V                               ; 4.64e-10 s                  ; 4.47e-10 s                  ; Yes                        ; Yes                        ; 2.32 V                      ; 6.92e-07 V                  ; 2.35 V             ; -0.00996 V         ; 0.121 V                             ; 0.03 V                              ; 4.64e-10 s                 ; 4.47e-10 s                 ; Yes                       ; Yes                       ;
; LEDR[9]       ; 2.5 V        ; 0 s                 ; 0 s                 ; 2.32 V                       ; 6.92e-07 V                   ; 2.33 V              ; -0.00265 V          ; 0.133 V                              ; 0.056 V                              ; 3.55e-09 s                  ; 3.31e-09 s                  ; Yes                        ; Yes                        ; 2.32 V                      ; 6.92e-07 V                  ; 2.33 V             ; -0.00265 V         ; 0.133 V                             ; 0.056 V                             ; 3.55e-09 s                 ; 3.31e-09 s                 ; Yes                       ; Yes                       ;
; UART_TXD      ; 2.5 V        ; 0 s                 ; 0 s                 ; 2.32 V                       ; 6.92e-07 V                   ; 2.33 V              ; -0.00265 V          ; 0.133 V                              ; 0.056 V                              ; 3.55e-09 s                  ; 3.31e-09 s                  ; Yes                        ; Yes                        ; 2.32 V                      ; 6.92e-07 V                  ; 2.33 V             ; -0.00265 V         ; 0.133 V                             ; 0.056 V                             ; 3.55e-09 s                 ; 3.31e-09 s                 ; Yes                       ; Yes                       ;
; ~ALTERA_DCLK~ ; 2.5 V        ; 0 s                 ; 0 s                 ; 2.32 V                       ; 3.75e-07 V                   ; 2.35 V              ; -0.0109 V           ; 0.084 V                              ; 0.027 V                              ; 4.31e-10 s                  ; 3.61e-10 s                  ; Yes                        ; Yes                        ; 2.32 V                      ; 3.75e-07 V                  ; 2.35 V             ; -0.0109 V          ; 0.084 V                             ; 0.027 V                             ; 4.31e-10 s                 ; 3.61e-10 s                 ; Yes                       ; Yes                       ;
; ~ALTERA_nCEO~ ; 2.5 V        ; 0 s                 ; 0 s                 ; 2.32 V                       ; 6.15e-07 V                   ; 2.35 V              ; -0.00712 V          ; 0.093 V                              ; 0.02 V                               ; 6.21e-10 s                  ; 7.9e-10 s                   ; Yes                        ; Yes                        ; 2.32 V                      ; 6.15e-07 V                  ; 2.35 V             ; -0.00712 V         ; 0.093 V                             ; 0.02 V                              ; 6.21e-10 s                 ; 7.9e-10 s                  ; Yes                       ; Yes                       ;
+---------------+--------------+---------------------+---------------------+------------------------------+------------------------------+---------------------+---------------------+--------------------------------------+--------------------------------------+-----------------------------+-----------------------------+----------------------------+----------------------------+-----------------------------+-----------------------------+--------------------+--------------------+-------------------------------------+-------------------------------------+----------------------------+----------------------------+---------------------------+---------------------------+


+--------------------------------------------------------------------------------------------------------------------------------------------------------------------------------------------------------------------------------------------------------------------------------------------------------------------------------------------------------------------------------------------------------------------------------------------------------------------------------------------------------------------------------------------------------------------------------------------------------------------------------------------------------------------------------------------+
; Signal Integrity Metrics (Fast 1200mv 0c Model)                                                                                                                                                                                                                                                                                                                                                                                                                                                                                                                                                                                                                                            ;
+---------------+--------------+---------------------+---------------------+------------------------------+------------------------------+---------------------+---------------------+--------------------------------------+--------------------------------------+-----------------------------+-----------------------------+----------------------------+----------------------------+-----------------------------+-----------------------------+--------------------+--------------------+-------------------------------------+-------------------------------------+----------------------------+----------------------------+---------------------------+---------------------------+
; Pin           ; I/O Standard ; Board Delay on Rise ; Board Delay on Fall ; Steady State Voh at FPGA Pin ; Steady State Vol at FPGA Pin ; Voh Max at FPGA Pin ; Vol Min at FPGA Pin ; Ringback Voltage on Rise at FPGA Pin ; Ringback Voltage on Fall at FPGA Pin ; 10-90 Rise Time at FPGA Pin ; 90-10 Fall Time at FPGA Pin ; Monotonic Rise at FPGA Pin ; Monotonic Fall at FPGA Pin ; Steady State Voh at Far-end ; Steady State Vol at Far-end ; Voh Max at Far-end ; Vol Min at Far-end ; Ringback Voltage on Rise at Far-end ; Ringback Voltage on Fall at Far-end ; 10-90 Rise Time at Far-end ; 90-10 Fall Time at Far-end ; Monotonic Rise at Far-end ; Monotonic Fall at Far-end ;
+---------------+--------------+---------------------+---------------------+------------------------------+------------------------------+---------------------+---------------------+--------------------------------------+--------------------------------------+-----------------------------+-----------------------------+----------------------------+----------------------------+-----------------------------+-----------------------------+--------------------+--------------------+-------------------------------------+-------------------------------------+----------------------------+----------------------------+---------------------------+---------------------------+
; HEX3[0]       ; 2.5 V        ; 0 s                 ; 0 s                 ; 2.62 V                       ; 2.74e-08 V                   ; 2.71 V              ; -0.0317 V           ; 0.148 V                              ; 0.064 V                              ; 4.51e-10 s                  ; 4.15e-10 s                  ; No                         ; Yes                        ; 2.62 V                      ; 2.74e-08 V                  ; 2.71 V             ; -0.0317 V          ; 0.148 V                             ; 0.064 V                             ; 4.51e-10 s                 ; 4.15e-10 s                 ; No                        ; Yes                       ;
; HEX3[1]       ; 2.5 V        ; 0 s                 ; 0 s                 ; 2.62 V                       ; 2.74e-08 V                   ; 2.73 V              ; -0.0384 V           ; 0.169 V                              ; 0.089 V                              ; 2.7e-10 s                   ; 2.62e-10 s                  ; Yes                        ; Yes                        ; 2.62 V                      ; 2.74e-08 V                  ; 2.73 V             ; -0.0384 V          ; 0.169 V                             ; 0.089 V                             ; 2.7e-10 s                  ; 2.62e-10 s                 ; Yes                       ; Yes                       ;
; HEX3[2]       ; 2.5 V        ; 0 s                 ; 0 s                 ; 2.62 V                       ; 4.05e-08 V                   ; 2.64 V              ; -0.0113 V           ; 0.208 V                              ; 0.179 V                              ; 2.38e-09 s                  ; 2.23e-09 s                  ; No                         ; Yes                        ; 2.62 V                      ; 4.05e-08 V                  ; 2.64 V             ; -0.0113 V          ; 0.208 V                             ; 0.179 V                             ; 2.38e-09 s                 ; 2.23e-09 s                 ; No                        ; Yes                       ;
; HEX3[3]       ; 2.5 V        ; 0 s                 ; 0 s                 ; 2.62 V                       ; 4.05e-08 V                   ; 2.72 V              ; -0.0349 V           ; 0.173 V                              ; 0.1 V                                ; 2.72e-10 s                  ; 2.69e-10 s                  ; Yes                        ; Yes                        ; 2.62 V                      ; 4.05e-08 V                  ; 2.72 V             ; -0.0349 V          ; 0.173 V                             ; 0.1 V                               ; 2.72e-10 s                 ; 2.69e-10 s                 ; Yes                       ; Yes                       ;
; HEX3[4]       ; 2.5 V        ; 0 s                 ; 0 s                 ; 2.62 V                       ; 4.05e-08 V                   ; 2.72 V              ; -0.0349 V           ; 0.173 V                              ; 0.1 V                                ; 2.72e-10 s                  ; 2.69e-10 s                  ; Yes                        ; Yes                        ; 2.62 V                      ; 4.05e-08 V                  ; 2.72 V             ; -0.0349 V          ; 0.173 V                             ; 0.1 V                               ; 2.72e-10 s                 ; 2.69e-10 s                 ; Yes                       ; Yes                       ;
; HEX3[5]       ; 2.5 V        ; 0 s                 ; 0 s                 ; 2.62 V                       ; 4.05e-08 V                   ; 2.72 V              ; -0.0349 V           ; 0.173 V                              ; 0.1 V                                ; 2.72e-10 s                  ; 2.69e-10 s                  ; Yes                        ; Yes                        ; 2.62 V                      ; 4.05e-08 V                  ; 2.72 V             ; -0.0349 V          ; 0.173 V                             ; 0.1 V                               ; 2.72e-10 s                 ; 2.69e-10 s                 ; Yes                       ; Yes                       ;
; HEX3[6]       ; 2.5 V        ; 0 s                 ; 0 s                 ; 2.62 V                       ; 4.05e-08 V                   ; 2.72 V              ; -0.0349 V           ; 0.173 V                              ; 0.1 V                                ; 2.72e-10 s                  ; 2.69e-10 s                  ; Yes                        ; Yes                        ; 2.62 V                      ; 4.05e-08 V                  ; 2.72 V             ; -0.0349 V          ; 0.173 V                             ; 0.1 V                               ; 2.72e-10 s                 ; 2.69e-10 s                 ; Yes                       ; Yes                       ;
; HEX2[0]       ; 2.5 V        ; 0 s                 ; 0 s                 ; 2.62 V                       ; 2.74e-08 V                   ; 2.71 V              ; -0.0317 V           ; 0.148 V                              ; 0.064 V                              ; 4.51e-10 s                  ; 4.15e-10 s                  ; No                         ; Yes                        ; 2.62 V                      ; 2.74e-08 V                  ; 2.71 V             ; -0.0317 V          ; 0.148 V                             ; 0.064 V                             ; 4.51e-10 s                 ; 4.15e-10 s                 ; No                        ; Yes                       ;
; HEX2[1]       ; 2.5 V        ; 0 s                 ; 0 s                 ; 2.62 V                       ; 2.74e-08 V                   ; 2.71 V              ; -0.0317 V           ; 0.148 V                              ; 0.064 V                              ; 4.51e-10 s                  ; 4.15e-10 s                  ; No                         ; Yes                        ; 2.62 V                      ; 2.74e-08 V                  ; 2.71 V             ; -0.0317 V          ; 0.148 V                             ; 0.064 V                             ; 4.51e-10 s                 ; 4.15e-10 s                 ; No                        ; Yes                       ;
; HEX2[2]       ; 2.5 V        ; 0 s                 ; 0 s                 ; 2.62 V                       ; 2.74e-08 V                   ; 2.71 V              ; -0.0317 V           ; 0.148 V                              ; 0.064 V                              ; 4.51e-10 s                  ; 4.15e-10 s                  ; No                         ; Yes                        ; 2.62 V                      ; 2.74e-08 V                  ; 2.71 V             ; -0.0317 V          ; 0.148 V                             ; 0.064 V                             ; 4.51e-10 s                 ; 4.15e-10 s                 ; No                        ; Yes                       ;
; HEX2[3]       ; 2.5 V        ; 0 s                 ; 0 s                 ; 2.62 V                       ; 2.74e-08 V                   ; 2.71 V              ; -0.0317 V           ; 0.148 V                              ; 0.064 V                              ; 4.51e-10 s                  ; 4.15e-10 s                  ; No                         ; Yes                        ; 2.62 V                      ; 2.74e-08 V                  ; 2.71 V             ; -0.0317 V          ; 0.148 V                             ; 0.064 V                             ; 4.51e-10 s                 ; 4.15e-10 s                 ; No                        ; Yes                       ;
; HEX2[4]       ; 2.5 V        ; 0 s                 ; 0 s                 ; 2.62 V                       ; 2.74e-08 V                   ; 2.71 V              ; -0.0317 V           ; 0.148 V                              ; 0.064 V                              ; 4.51e-10 s                  ; 4.15e-10 s                  ; No                         ; Yes                        ; 2.62 V                      ; 2.74e-08 V                  ; 2.71 V             ; -0.0317 V          ; 0.148 V                             ; 0.064 V                             ; 4.51e-10 s                 ; 4.15e-10 s                 ; No                        ; Yes                       ;
; HEX2[5]       ; 2.5 V        ; 0 s                 ; 0 s                 ; 2.62 V                       ; 2.74e-08 V                   ; 2.71 V              ; -0.0317 V           ; 0.148 V                              ; 0.064 V                              ; 4.51e-10 s                  ; 4.15e-10 s                  ; No                         ; Yes                        ; 2.62 V                      ; 2.74e-08 V                  ; 2.71 V             ; -0.0317 V          ; 0.148 V                             ; 0.064 V                             ; 4.51e-10 s                 ; 4.15e-10 s                 ; No                        ; Yes                       ;
; HEX2[6]       ; 2.5 V        ; 0 s                 ; 0 s                 ; 2.62 V                       ; 2.74e-08 V                   ; 2.71 V              ; -0.0317 V           ; 0.148 V                              ; 0.064 V                              ; 4.51e-10 s                  ; 4.15e-10 s                  ; No                         ; Yes                        ; 2.62 V                      ; 2.74e-08 V                  ; 2.71 V             ; -0.0317 V          ; 0.148 V                             ; 0.064 V                             ; 4.51e-10 s                 ; 4.15e-10 s                 ; No                        ; Yes                       ;
; HEX1[0]       ; 2.5 V        ; 0 s                 ; 0 s                 ; 2.62 V                       ; 2.74e-08 V                   ; 2.73 V              ; -0.0384 V           ; 0.169 V                              ; 0.089 V                              ; 2.7e-10 s                   ; 2.62e-10 s                  ; Yes                        ; Yes                        ; 2.62 V                      ; 2.74e-08 V                  ; 2.73 V             ; -0.0384 V          ; 0.169 V                             ; 0.089 V                             ; 2.7e-10 s                  ; 2.62e-10 s                 ; Yes                       ; Yes                       ;
; HEX1[1]       ; 2.5 V        ; 0 s                 ; 0 s                 ; 2.62 V                       ; 2.74e-08 V                   ; 2.71 V              ; -0.0317 V           ; 0.148 V                              ; 0.064 V                              ; 4.51e-10 s                  ; 4.15e-10 s                  ; No                         ; Yes                        ; 2.62 V                      ; 2.74e-08 V                  ; 2.71 V             ; -0.0317 V          ; 0.148 V                             ; 0.064 V                             ; 4.51e-10 s                 ; 4.15e-10 s                 ; No                        ; Yes                       ;
; HEX1[2]       ; 2.5 V        ; 0 s                 ; 0 s                 ; 2.62 V                       ; 2.74e-08 V                   ; 2.71 V              ; -0.0317 V           ; 0.148 V                              ; 0.064 V                              ; 4.51e-10 s                  ; 4.15e-10 s                  ; No                         ; Yes                        ; 2.62 V                      ; 2.74e-08 V                  ; 2.71 V             ; -0.0317 V          ; 0.148 V                             ; 0.064 V                             ; 4.51e-10 s                 ; 4.15e-10 s                 ; No                        ; Yes                       ;
; HEX1[3]       ; 2.5 V        ; 0 s                 ; 0 s                 ; 2.62 V                       ; 2.74e-08 V                   ; 2.71 V              ; -0.0317 V           ; 0.148 V                              ; 0.064 V                              ; 4.51e-10 s                  ; 4.15e-10 s                  ; No                         ; Yes                        ; 2.62 V                      ; 2.74e-08 V                  ; 2.71 V             ; -0.0317 V          ; 0.148 V                             ; 0.064 V                             ; 4.51e-10 s                 ; 4.15e-10 s                 ; No                        ; Yes                       ;
; HEX1[4]       ; 2.5 V        ; 0 s                 ; 0 s                 ; 2.62 V                       ; 2.74e-08 V                   ; 2.71 V              ; -0.0317 V           ; 0.148 V                              ; 0.064 V                              ; 4.51e-10 s                  ; 4.15e-10 s                  ; No                         ; Yes                        ; 2.62 V                      ; 2.74e-08 V                  ; 2.71 V             ; -0.0317 V          ; 0.148 V                             ; 0.064 V                             ; 4.51e-10 s                 ; 4.15e-10 s                 ; No                        ; Yes                       ;
; HEX1[5]       ; 2.5 V        ; 0 s                 ; 0 s                 ; 2.62 V                       ; 2.74e-08 V                   ; 2.64 V              ; -0.0117 V           ; 0.202 V                              ; 0.176 V                              ; 2.38e-09 s                  ; 2.22e-09 s                  ; No                         ; Yes                        ; 2.62 V                      ; 2.74e-08 V                  ; 2.64 V             ; -0.0117 V          ; 0.202 V                             ; 0.176 V                             ; 2.38e-09 s                 ; 2.22e-09 s                 ; No                        ; Yes                       ;
; HEX1[6]       ; 2.5 V        ; 0 s                 ; 0 s                 ; 2.62 V                       ; 2.74e-08 V                   ; 2.64 V              ; -0.0117 V           ; 0.202 V                              ; 0.176 V                              ; 2.38e-09 s                  ; 2.22e-09 s                  ; No                         ; Yes                        ; 2.62 V                      ; 2.74e-08 V                  ; 2.64 V             ; -0.0117 V          ; 0.202 V                             ; 0.176 V                             ; 2.38e-09 s                 ; 2.22e-09 s                 ; No                        ; Yes                       ;
; HEX0[0]       ; 2.5 V        ; 0 s                 ; 0 s                 ; 2.62 V                       ; 4.05e-08 V                   ; 2.72 V              ; -0.0349 V           ; 0.173 V                              ; 0.1 V                                ; 2.72e-10 s                  ; 2.69e-10 s                  ; Yes                        ; Yes                        ; 2.62 V                      ; 4.05e-08 V                  ; 2.72 V             ; -0.0349 V          ; 0.173 V                             ; 0.1 V                               ; 2.72e-10 s                 ; 2.69e-10 s                 ; Yes                       ; Yes                       ;
; HEX0[1]       ; 2.5 V        ; 0 s                 ; 0 s                 ; 2.62 V                       ; 4.05e-08 V                   ; 2.64 V              ; -0.0113 V           ; 0.208 V                              ; 0.179 V                              ; 2.38e-09 s                  ; 2.23e-09 s                  ; No                         ; Yes                        ; 2.62 V                      ; 4.05e-08 V                  ; 2.64 V             ; -0.0113 V          ; 0.208 V                             ; 0.179 V                             ; 2.38e-09 s                 ; 2.23e-09 s                 ; No                        ; Yes                       ;
; HEX0[2]       ; 2.5 V        ; 0 s                 ; 0 s                 ; 2.62 V                       ; 4.05e-08 V                   ; 2.72 V              ; -0.0349 V           ; 0.173 V                              ; 0.1 V                                ; 2.72e-10 s                  ; 2.69e-10 s                  ; Yes                        ; Yes                        ; 2.62 V                      ; 4.05e-08 V                  ; 2.72 V             ; -0.0349 V          ; 0.173 V                             ; 0.1 V                               ; 2.72e-10 s                 ; 2.69e-10 s                 ; Yes                       ; Yes                       ;
; HEX0[3]       ; 2.5 V        ; 0 s                 ; 0 s                 ; 2.62 V                       ; 2.74e-08 V                   ; 2.73 V              ; -0.0384 V           ; 0.169 V                              ; 0.089 V                              ; 2.7e-10 s                   ; 2.62e-10 s                  ; Yes                        ; Yes                        ; 2.62 V                      ; 2.74e-08 V                  ; 2.73 V             ; -0.0384 V          ; 0.169 V                             ; 0.089 V                             ; 2.7e-10 s                  ; 2.62e-10 s                 ; Yes                       ; Yes                       ;
; HEX0[4]       ; 2.5 V        ; 0 s                 ; 0 s                 ; 2.62 V                       ; 2.74e-08 V                   ; 2.73 V              ; -0.0384 V           ; 0.169 V                              ; 0.089 V                              ; 2.7e-10 s                   ; 2.62e-10 s                  ; Yes                        ; Yes                        ; 2.62 V                      ; 2.74e-08 V                  ; 2.73 V             ; -0.0384 V          ; 0.169 V                             ; 0.089 V                             ; 2.7e-10 s                  ; 2.62e-10 s                 ; Yes                       ; Yes                       ;
; HEX0[5]       ; 2.5 V        ; 0 s                 ; 0 s                 ; 2.62 V                       ; 2.74e-08 V                   ; 2.64 V              ; -0.0117 V           ; 0.202 V                              ; 0.176 V                              ; 2.38e-09 s                  ; 2.22e-09 s                  ; No                         ; Yes                        ; 2.62 V                      ; 2.74e-08 V                  ; 2.64 V             ; -0.0117 V          ; 0.202 V                             ; 0.176 V                             ; 2.38e-09 s                 ; 2.22e-09 s                 ; No                        ; Yes                       ;
; HEX0[6]       ; 2.5 V        ; 0 s                 ; 0 s                 ; 2.62 V                       ; 2.74e-08 V                   ; 2.73 V              ; -0.0384 V           ; 0.169 V                              ; 0.089 V                              ; 2.7e-10 s                   ; 2.62e-10 s                  ; Yes                        ; Yes                        ; 2.62 V                      ; 2.74e-08 V                  ; 2.73 V             ; -0.0384 V          ; 0.169 V                             ; 0.089 V                             ; 2.7e-10 s                  ; 2.62e-10 s                 ; Yes                       ; Yes                       ;
; LEDR[0]       ; 2.5 V        ; 0 s                 ; 0 s                 ; 2.62 V                       ; 4.05e-08 V                   ; 2.72 V              ; -0.0349 V           ; 0.173 V                              ; 0.1 V                                ; 2.72e-10 s                  ; 2.69e-10 s                  ; Yes                        ; Yes                        ; 2.62 V                      ; 4.05e-08 V                  ; 2.72 V             ; -0.0349 V          ; 0.173 V                             ; 0.1 V                               ; 2.72e-10 s                 ; 2.69e-10 s                 ; Yes                       ; Yes                       ;
; LEDR[1]       ; 2.5 V        ; 0 s                 ; 0 s                 ; 2.62 V                       ; 4.05e-08 V                   ; 2.72 V              ; -0.0349 V           ; 0.173 V                              ; 0.1 V                                ; 2.72e-10 s                  ; 2.69e-10 s                  ; Yes                        ; Yes                        ; 2.62 V                      ; 4.05e-08 V                  ; 2.72 V             ; -0.0349 V          ; 0.173 V                             ; 0.1 V                               ; 2.72e-10 s                 ; 2.69e-10 s                 ; Yes                       ; Yes                       ;
; LEDR[2]       ; 2.5 V        ; 0 s                 ; 0 s                 ; 2.62 V                       ; 4.05e-08 V                   ; 2.72 V              ; -0.0349 V           ; 0.173 V                              ; 0.1 V                                ; 2.72e-10 s                  ; 2.69e-10 s                  ; Yes                        ; Yes                        ; 2.62 V                      ; 4.05e-08 V                  ; 2.72 V             ; -0.0349 V          ; 0.173 V                             ; 0.1 V                               ; 2.72e-10 s                 ; 2.69e-10 s                 ; Yes                       ; Yes                       ;
; LEDR[3]       ; 2.5 V        ; 0 s                 ; 0 s                 ; 2.62 V                       ; 4.05e-08 V                   ; 2.72 V              ; -0.0349 V           ; 0.173 V                              ; 0.1 V                                ; 2.72e-10 s                  ; 2.69e-10 s                  ; Yes                        ; Yes                        ; 2.62 V                      ; 4.05e-08 V                  ; 2.72 V             ; -0.0349 V          ; 0.173 V                             ; 0.1 V                               ; 2.72e-10 s                 ; 2.69e-10 s                 ; Yes                       ; Yes                       ;
; LEDR[4]       ; 2.5 V        ; 0 s                 ; 0 s                 ; 2.62 V                       ; 4.05e-08 V                   ; 2.72 V              ; -0.0349 V           ; 0.173 V                              ; 0.1 V                                ; 2.72e-10 s                  ; 2.69e-10 s                  ; Yes                        ; Yes                        ; 2.62 V                      ; 4.05e-08 V                  ; 2.72 V             ; -0.0349 V          ; 0.173 V                             ; 0.1 V                               ; 2.72e-10 s                 ; 2.69e-10 s                 ; Yes                       ; Yes                       ;
; LEDR[5]       ; 2.5 V        ; 0 s                 ; 0 s                 ; 2.62 V                       ; 4.05e-08 V                   ; 2.72 V              ; -0.0349 V           ; 0.173 V                              ; 0.1 V                                ; 2.72e-10 s                  ; 2.69e-10 s                  ; Yes                        ; Yes                        ; 2.62 V                      ; 4.05e-08 V                  ; 2.72 V             ; -0.0349 V          ; 0.173 V                             ; 0.1 V                               ; 2.72e-10 s                 ; 2.69e-10 s                 ; Yes                       ; Yes                       ;
; LEDR[6]       ; 2.5 V        ; 0 s                 ; 0 s                 ; 2.62 V                       ; 4.05e-08 V                   ; 2.72 V              ; -0.0349 V           ; 0.173 V                              ; 0.1 V                                ; 2.72e-10 s                  ; 2.69e-10 s                  ; Yes                        ; Yes                        ; 2.62 V                      ; 4.05e-08 V                  ; 2.72 V             ; -0.0349 V          ; 0.173 V                             ; 0.1 V                               ; 2.72e-10 s                 ; 2.69e-10 s                 ; Yes                       ; Yes                       ;
; LEDR[7]       ; 2.5 V        ; 0 s                 ; 0 s                 ; 2.62 V                       ; 4.05e-08 V                   ; 2.72 V              ; -0.0349 V           ; 0.173 V                              ; 0.1 V                                ; 2.72e-10 s                  ; 2.69e-10 s                  ; Yes                        ; Yes                        ; 2.62 V                      ; 4.05e-08 V                  ; 2.72 V             ; -0.0349 V          ; 0.173 V                             ; 0.1 V                               ; 2.72e-10 s                 ; 2.69e-10 s                 ; Yes                       ; Yes                       ;
; LEDR[8]       ; 2.5 V        ; 0 s                 ; 0 s                 ; 2.62 V                       ; 4.05e-08 V                   ; 2.72 V              ; -0.0349 V           ; 0.173 V                              ; 0.1 V                                ; 2.72e-10 s                  ; 2.69e-10 s                  ; Yes                        ; Yes                        ; 2.62 V                      ; 4.05e-08 V                  ; 2.72 V             ; -0.0349 V          ; 0.173 V                             ; 0.1 V                               ; 2.72e-10 s                 ; 2.69e-10 s                 ; Yes                       ; Yes                       ;
; LEDR[9]       ; 2.5 V        ; 0 s                 ; 0 s                 ; 2.62 V                       ; 4.05e-08 V                   ; 2.64 V              ; -0.0113 V           ; 0.208 V                              ; 0.179 V                              ; 2.38e-09 s                  ; 2.23e-09 s                  ; No                         ; Yes                        ; 2.62 V                      ; 4.05e-08 V                  ; 2.64 V             ; -0.0113 V          ; 0.208 V                             ; 0.179 V                             ; 2.38e-09 s                 ; 2.23e-09 s                 ; No                        ; Yes                       ;
; UART_TXD      ; 2.5 V        ; 0 s                 ; 0 s                 ; 2.62 V                       ; 4.05e-08 V                   ; 2.64 V              ; -0.0113 V           ; 0.208 V                              ; 0.179 V                              ; 2.38e-09 s                  ; 2.23e-09 s                  ; No                         ; Yes                        ; 2.62 V                      ; 4.05e-08 V                  ; 2.64 V             ; -0.0113 V          ; 0.208 V                             ; 0.179 V                             ; 2.38e-09 s                 ; 2.23e-09 s                 ; No                        ; Yes                       ;
; ~ALTERA_DCLK~ ; 2.5 V        ; 0 s                 ; 0 s                 ; 2.62 V                       ; 2.22e-08 V                   ; 2.74 V              ; -0.06 V             ; 0.158 V                              ; 0.08 V                               ; 2.68e-10 s                  ; 2.19e-10 s                  ; Yes                        ; Yes                        ; 2.62 V                      ; 2.22e-08 V                  ; 2.74 V             ; -0.06 V            ; 0.158 V                             ; 0.08 V                              ; 2.68e-10 s                 ; 2.19e-10 s                 ; Yes                       ; Yes                       ;
; ~ALTERA_nCEO~ ; 2.5 V        ; 0 s                 ; 0 s                 ; 2.62 V                       ; 3.54e-08 V                   ; 2.7 V               ; -0.00943 V          ; 0.276 V                              ; 0.035 V                              ; 3.19e-10 s                  ; 4.99e-10 s                  ; No                         ; Yes                        ; 2.62 V                      ; 3.54e-08 V                  ; 2.7 V              ; -0.00943 V         ; 0.276 V                             ; 0.035 V                             ; 3.19e-10 s                 ; 4.99e-10 s                 ; No                        ; Yes                       ;
+---------------+--------------+---------------------+---------------------+------------------------------+------------------------------+---------------------+---------------------+--------------------------------------+--------------------------------------+-----------------------------+-----------------------------+----------------------------+----------------------------+-----------------------------+-----------------------------+--------------------+--------------------+-------------------------------------+-------------------------------------+----------------------------+----------------------------+---------------------------+---------------------------+


+--------------------------------------------------------------------+
; Setup Transfers                                                    ;
+------------+----------+-----------+----------+----------+----------+
; From Clock ; To Clock ; RR Paths  ; FR Paths ; RF Paths ; FF Paths ;
+------------+----------+-----------+----------+----------+----------+
; clk        ; clk      ; 118973195 ; 0        ; 0        ; 0        ;
+------------+----------+-----------+----------+----------+----------+
Entries labeled "false path" only account for clock-to-clock false paths and not path-based false paths. As a result, actual path counts may be lower than reported.


+--------------------------------------------------------------------+
; Hold Transfers                                                     ;
+------------+----------+-----------+----------+----------+----------+
; From Clock ; To Clock ; RR Paths  ; FR Paths ; RF Paths ; FF Paths ;
+------------+----------+-----------+----------+----------+----------+
; clk        ; clk      ; 118973195 ; 0        ; 0        ; 0        ;
+------------+----------+-----------+----------+----------+----------+
Entries labeled "false path" only account for clock-to-clock false paths and not path-based false paths. As a result, actual path counts may be lower than reported.


+-------------------------------------------------------------------+
; Recovery Transfers                                                ;
+------------+----------+----------+----------+----------+----------+
; From Clock ; To Clock ; RR Paths ; FR Paths ; RF Paths ; FF Paths ;
+------------+----------+----------+----------+----------+----------+
; clk        ; clk      ; 408      ; 0        ; 0        ; 0        ;
+------------+----------+----------+----------+----------+----------+
Entries labeled "false path" only account for clock-to-clock false paths and not path-based false paths. As a result, actual path counts may be lower than reported.


+-------------------------------------------------------------------+
; Removal Transfers                                                 ;
+------------+----------+----------+----------+----------+----------+
; From Clock ; To Clock ; RR Paths ; FR Paths ; RF Paths ; FF Paths ;
+------------+----------+----------+----------+----------+----------+
; clk        ; clk      ; 408      ; 0        ; 0        ; 0        ;
+------------+----------+----------+----------+----------+----------+
Entries labeled "false path" only account for clock-to-clock false paths and not path-based false paths. As a result, actual path counts may be lower than reported.


---------------
; Report TCCS ;
---------------
No dedicated SERDES Transmitter circuitry present in device or used in design


---------------
; Report RSKM ;
---------------
No non-DPA dedicated SERDES Receiver circuitry present in device or used in design


+------------------------------------------------+
; Unconstrained Paths Summary                    ;
+---------------------------------+-------+------+
; Property                        ; Setup ; Hold ;
+---------------------------------+-------+------+
; Illegal Clocks                  ; 0     ; 0    ;
; Unconstrained Clocks            ; 0     ; 0    ;
; Unconstrained Input Ports       ; 14    ; 14   ;
; Unconstrained Input Port Paths  ; 182   ; 182  ;
; Unconstrained Output Ports      ; 39    ; 39   ;
; Unconstrained Output Port Paths ; 123   ; 123  ;
+---------------------------------+-------+------+


+---------------------------------------+
; Clock Status Summary                  ;
+----------+-------+------+-------------+
; Target   ; Clock ; Type ; Status      ;
+----------+-------+------+-------------+
; CLOCK_50 ; clk   ; Base ; Constrained ;
+----------+-------+------+-------------+


+---------------------------------------------------------------------------------------------------+
; Unconstrained Input Ports                                                                         ;
+------------+--------------------------------------------------------------------------------------+
; Input Port ; Comment                                                                              ;
+------------+--------------------------------------------------------------------------------------+
; BUTTON[0]  ; No input delay, min/max delays, false-path exceptions, or max skew assignments found ;
; BUTTON[1]  ; No input delay, min/max delays, false-path exceptions, or max skew assignments found ;
; BUTTON[2]  ; No input delay, min/max delays, false-path exceptions, or max skew assignments found ;
; SW[0]      ; No input delay, min/max delays, false-path exceptions, or max skew assignments found ;
; SW[1]      ; No input delay, min/max delays, false-path exceptions, or max skew assignments found ;
; SW[2]      ; No input delay, min/max delays, false-path exceptions, or max skew assignments found ;
; SW[3]      ; No input delay, min/max delays, false-path exceptions, or max skew assignments found ;
; SW[4]      ; No input delay, min/max delays, false-path exceptions, or max skew assignments found ;
; SW[5]      ; No input delay, min/max delays, false-path exceptions, or max skew assignments found ;
; SW[6]      ; No input delay, min/max delays, false-path exceptions, or max skew assignments found ;
; SW[7]      ; No input delay, min/max delays, false-path exceptions, or max skew assignments found ;
; SW[8]      ; No input delay, min/max delays, false-path exceptions, or max skew assignments found ;
; SW[9]      ; No input delay, min/max delays, false-path exceptions, or max skew assignments found ;
; UART_RXD   ; No input delay, min/max delays, false-path exceptions, or max skew assignments found ;
+------------+--------------------------------------------------------------------------------------+


+-----------------------------------------------------------------------------------------------------+
; Unconstrained Output Ports                                                                          ;
+-------------+---------------------------------------------------------------------------------------+
; Output Port ; Comment                                                                               ;
+-------------+---------------------------------------------------------------------------------------+
; HEX0[0]     ; No output delay, min/max delays, false-path exceptions, or max skew assignments found ;
; HEX0[1]     ; No output delay, min/max delays, false-path exceptions, or max skew assignments found ;
; HEX0[2]     ; No output delay, min/max delays, false-path exceptions, or max skew assignments found ;
; HEX0[3]     ; No output delay, min/max delays, false-path exceptions, or max skew assignments found ;
; HEX0[4]     ; No output delay, min/max delays, false-path exceptions, or max skew assignments found ;
; HEX0[5]     ; No output delay, min/max delays, false-path exceptions, or max skew assignments found ;
; HEX0[6]     ; No output delay, min/max delays, false-path exceptions, or max skew assignments found ;
; HEX1[0]     ; No output delay, min/max delays, false-path exceptions, or max skew assignments found ;
; HEX1[1]     ; No output delay, min/max delays, false-path exceptions, or max skew assignments found ;
; HEX1[2]     ; No output delay, min/max delays, false-path exceptions, or max skew assignments found ;
; HEX1[3]     ; No output delay, min/max delays, false-path exceptions, or max skew assignments found ;
; HEX1[4]     ; No output delay, min/max delays, false-path exceptions, or max skew assignments found ;
; HEX1[5]     ; No output delay, min/max delays, false-path exceptions, or max skew assignments found ;
; HEX1[6]     ; No output delay, min/max delays, false-path exceptions, or max skew assignments found ;
; HEX2[0]     ; No output delay, min/max delays, false-path exceptions, or max skew assignments found ;
; HEX2[1]     ; No output delay, min/max delays, false-path exceptions, or max skew assignments found ;
; HEX2[2]     ; No output delay, min/max delays, false-path exceptions, or max skew assignments found ;
; HEX2[3]     ; No output delay, min/max delays, false-path exceptions, or max skew assignments found ;
; HEX2[4]     ; No output delay, min/max delays, false-path exceptions, or max skew assignments found ;
; HEX2[5]     ; No output delay, min/max delays, false-path exceptions, or max skew assignments found ;
; HEX2[6]     ; No output delay, min/max delays, false-path exceptions, or max skew assignments found ;
; HEX3[0]     ; No output delay, min/max delays, false-path exceptions, or max skew assignments found ;
; HEX3[1]     ; No output delay, min/max delays, false-path exceptions, or max skew assignments found ;
; HEX3[2]     ; No output delay, min/max delays, false-path exceptions, or max skew assignments found ;
; HEX3[3]     ; No output delay, min/max delays, false-path exceptions, or max skew assignments found ;
; HEX3[4]     ; No output delay, min/max delays, false-path exceptions, or max skew assignments found ;
; HEX3[5]     ; No output delay, min/max delays, false-path exceptions, or max skew assignments found ;
; HEX3[6]     ; No output delay, min/max delays, false-path exceptions, or max skew assignments found ;
; LEDR[0]     ; No output delay, min/max delays, false-path exceptions, or max skew assignments found ;
; LEDR[1]     ; No output delay, min/max delays, false-path exceptions, or max skew assignments found ;
; LEDR[2]     ; No output delay, min/max delays, false-path exceptions, or max skew assignments found ;
; LEDR[3]     ; No output delay, min/max delays, false-path exceptions, or max skew assignments found ;
; LEDR[4]     ; No output delay, min/max delays, false-path exceptions, or max skew assignments found ;
; LEDR[5]     ; No output delay, min/max delays, false-path exceptions, or max skew assignments found ;
; LEDR[6]     ; No output delay, min/max delays, false-path exceptions, or max skew assignments found ;
; LEDR[7]     ; No output delay, min/max delays, false-path exceptions, or max skew assignments found ;
; LEDR[8]     ; No output delay, min/max delays, false-path exceptions, or max skew assignments found ;
; LEDR[9]     ; No output delay, min/max delays, false-path exceptions, or max skew assignments found ;
; UART_TXD    ; No output delay, min/max delays, false-path exceptions, or max skew assignments found ;
+-------------+---------------------------------------------------------------------------------------+


+---------------------------------------------------------------------------------------------------+
; Unconstrained Input Ports                                                                         ;
+------------+--------------------------------------------------------------------------------------+
; Input Port ; Comment                                                                              ;
+------------+--------------------------------------------------------------------------------------+
; BUTTON[0]  ; No input delay, min/max delays, false-path exceptions, or max skew assignments found ;
; BUTTON[1]  ; No input delay, min/max delays, false-path exceptions, or max skew assignments found ;
; BUTTON[2]  ; No input delay, min/max delays, false-path exceptions, or max skew assignments found ;
; SW[0]      ; No input delay, min/max delays, false-path exceptions, or max skew assignments found ;
; SW[1]      ; No input delay, min/max delays, false-path exceptions, or max skew assignments found ;
; SW[2]      ; No input delay, min/max delays, false-path exceptions, or max skew assignments found ;
; SW[3]      ; No input delay, min/max delays, false-path exceptions, or max skew assignments found ;
; SW[4]      ; No input delay, min/max delays, false-path exceptions, or max skew assignments found ;
; SW[5]      ; No input delay, min/max delays, false-path exceptions, or max skew assignments found ;
; SW[6]      ; No input delay, min/max delays, false-path exceptions, or max skew assignments found ;
; SW[7]      ; No input delay, min/max delays, false-path exceptions, or max skew assignments found ;
; SW[8]      ; No input delay, min/max delays, false-path exceptions, or max skew assignments found ;
; SW[9]      ; No input delay, min/max delays, false-path exceptions, or max skew assignments found ;
; UART_RXD   ; No input delay, min/max delays, false-path exceptions, or max skew assignments found ;
+------------+--------------------------------------------------------------------------------------+


+-----------------------------------------------------------------------------------------------------+
; Unconstrained Output Ports                                                                          ;
+-------------+---------------------------------------------------------------------------------------+
; Output Port ; Comment                                                                               ;
+-------------+---------------------------------------------------------------------------------------+
; HEX0[0]     ; No output delay, min/max delays, false-path exceptions, or max skew assignments found ;
; HEX0[1]     ; No output delay, min/max delays, false-path exceptions, or max skew assignments found ;
; HEX0[2]     ; No output delay, min/max delays, false-path exceptions, or max skew assignments found ;
; HEX0[3]     ; No output delay, min/max delays, false-path exceptions, or max skew assignments found ;
; HEX0[4]     ; No output delay, min/max delays, false-path exceptions, or max skew assignments found ;
; HEX0[5]     ; No output delay, min/max delays, false-path exceptions, or max skew assignments found ;
; HEX0[6]     ; No output delay, min/max delays, false-path exceptions, or max skew assignments found ;
; HEX1[0]     ; No output delay, min/max delays, false-path exceptions, or max skew assignments found ;
; HEX1[1]     ; No output delay, min/max delays, false-path exceptions, or max skew assignments found ;
; HEX1[2]     ; No output delay, min/max delays, false-path exceptions, or max skew assignments found ;
; HEX1[3]     ; No output delay, min/max delays, false-path exceptions, or max skew assignments found ;
; HEX1[4]     ; No output delay, min/max delays, false-path exceptions, or max skew assignments found ;
; HEX1[5]     ; No output delay, min/max delays, false-path exceptions, or max skew assignments found ;
; HEX1[6]     ; No output delay, min/max delays, false-path exceptions, or max skew assignments found ;
; HEX2[0]     ; No output delay, min/max delays, false-path exceptions, or max skew assignments found ;
; HEX2[1]     ; No output delay, min/max delays, false-path exceptions, or max skew assignments found ;
; HEX2[2]     ; No output delay, min/max delays, false-path exceptions, or max skew assignments found ;
; HEX2[3]     ; No output delay, min/max delays, false-path exceptions, or max skew assignments found ;
; HEX2[4]     ; No output delay, min/max delays, false-path exceptions, or max skew assignments found ;
; HEX2[5]     ; No output delay, min/max delays, false-path exceptions, or max skew assignments found ;
; HEX2[6]     ; No output delay, min/max delays, false-path exceptions, or max skew assignments found ;
; HEX3[0]     ; No output delay, min/max delays, false-path exceptions, or max skew assignments found ;
; HEX3[1]     ; No output delay, min/max delays, false-path exceptions, or max skew assignments found ;
; HEX3[2]     ; No output delay, min/max delays, false-path exceptions, or max skew assignments found ;
; HEX3[3]     ; No output delay, min/max delays, false-path exceptions, or max skew assignments found ;
; HEX3[4]     ; No output delay, min/max delays, false-path exceptions, or max skew assignments found ;
; HEX3[5]     ; No output delay, min/max delays, false-path exceptions, or max skew assignments found ;
; HEX3[6]     ; No output delay, min/max delays, false-path exceptions, or max skew assignments found ;
; LEDR[0]     ; No output delay, min/max delays, false-path exceptions, or max skew assignments found ;
; LEDR[1]     ; No output delay, min/max delays, false-path exceptions, or max skew assignments found ;
; LEDR[2]     ; No output delay, min/max delays, false-path exceptions, or max skew assignments found ;
; LEDR[3]     ; No output delay, min/max delays, false-path exceptions, or max skew assignments found ;
; LEDR[4]     ; No output delay, min/max delays, false-path exceptions, or max skew assignments found ;
; LEDR[5]     ; No output delay, min/max delays, false-path exceptions, or max skew assignments found ;
; LEDR[6]     ; No output delay, min/max delays, false-path exceptions, or max skew assignments found ;
; LEDR[7]     ; No output delay, min/max delays, false-path exceptions, or max skew assignments found ;
; LEDR[8]     ; No output delay, min/max delays, false-path exceptions, or max skew assignments found ;
; LEDR[9]     ; No output delay, min/max delays, false-path exceptions, or max skew assignments found ;
; UART_TXD    ; No output delay, min/max delays, false-path exceptions, or max skew assignments found ;
+-------------+---------------------------------------------------------------------------------------+


+--------------------------+
; Timing Analyzer Messages ;
+--------------------------+
Info: *******************************************************************
Info: Running Quartus Prime Timing Analyzer
    Info: Version 20.1.1 Build 720 11/11/2020 SJ Lite Edition
    Info: Processing started: Sat Feb  4 17:40:12 2023
Info: Command: quartus_sta SMU_RV32I_System -c SMU_RV32I_System
Info: qsta_default_script.tcl version: #1
Warning (18236): Number of processors has not been specified which may cause overloading on shared machines.  Set the global assignment NUM_PARALLEL_PROCESSORS in your QSF to an appropriate value for best performance.
Info (20030): Parallel compilation is enabled and will use 16 of the 18 processors detected
Info (21077): Low junction temperature is 0 degrees C
Info (21077): High junction temperature is 85 degrees C
Info (332104): Reading SDC File: 'SMU_RV32I_System.sdc'
Info (332151): Clock uncertainty is not calculated until you update the timing netlist.
Info (332123): Deriving Clock Uncertainty. Please refer to report_sdc in the Timing Analyzer to see clock uncertainties.
Info: Found TIMING_ANALYZER_REPORT_SCRIPT_INCLUDE_DEFAULT_ANALYSIS = ON
Info: Analyzing Slow 1200mV 85C Model
Critical Warning (332148): Timing requirements not met
    Info (11105): For recommendations on closing timing, run Report Timing Closure Recommendations in the Timing Analyzer.
Info (332146): Worst-case setup slack is -6.247
    Info (332119):     Slack       End Point TNS Clock 
    Info (332119): ========= =================== =====================
    Info (332119):    -6.247           -1434.670 clk 
Info (332146): Worst-case hold slack is 0.357
    Info (332119):     Slack       End Point TNS Clock 
    Info (332119): ========= =================== =====================
    Info (332119):     0.357               0.000 clk 
Info (332146): Worst-case recovery slack is 16.124
    Info (332119):     Slack       End Point TNS Clock 
    Info (332119): ========= =================== =====================
    Info (332119):    16.124               0.000 clk 
Info (332146): Worst-case removal slack is 1.646
    Info (332119):     Slack       End Point TNS Clock 
    Info (332119): ========= =================== =====================
    Info (332119):     1.646               0.000 clk 
Info (332146): Worst-case minimum pulse width slack is 9.621
    Info (332119):     Slack       End Point TNS Clock 
    Info (332119): ========= =================== =====================
    Info (332119):     9.621               0.000 clk 
Info: Analyzing Slow 1200mV 0C Model
Info (334003): Started post-fitting delay annotation
Info (334004): Delay annotation completed successfully
Info (332123): Deriving Clock Uncertainty. Please refer to report_sdc in the Timing Analyzer to see clock uncertainties.
Critical Warning (332148): Timing requirements not met
    Info (11105): For recommendations on closing timing, run Report Timing Closure Recommendations in the Timing Analyzer.
Info (332146): Worst-case setup slack is -4.180
    Info (332119):     Slack       End Point TNS Clock 
    Info (332119): ========= =================== =====================
    Info (332119):    -4.180            -903.397 clk 
Info (332146): Worst-case hold slack is 0.337
    Info (332119):     Slack       End Point TNS Clock 
    Info (332119): ========= =================== =====================
    Info (332119):     0.337               0.000 clk 
Info (332146): Worst-case recovery slack is 16.526
    Info (332119):     Slack       End Point TNS Clock 
    Info (332119): ========= =================== =====================
    Info (332119):    16.526               0.000 clk 
Info (332146): Worst-case removal slack is 1.482
    Info (332119):     Slack       End Point TNS Clock 
    Info (332119): ========= =================== =====================
    Info (332119):     1.482               0.000 clk 
Info (332146): Worst-case minimum pulse width slack is 9.643
    Info (332119):     Slack       End Point TNS Clock 
    Info (332119): ========= =================== =====================
    Info (332119):     9.643               0.000 clk 
Info: Analyzing Fast 1200mV 0C Model
Info (332123): Deriving Clock Uncertainty. Please refer to report_sdc in the Timing Analyzer to see clock uncertainties.
Info (332146): Worst-case setup slack is 7.322
    Info (332119):     Slack       End Point TNS Clock 
    Info (332119): ========= =================== =====================
    Info (332119):     7.322               0.000 clk 
Info (332146): Worst-case hold slack is 0.151
    Info (332119):     Slack       End Point TNS Clock 
    Info (332119): ========= =================== =====================
    Info (332119):     0.151               0.000 clk 
Info (332146): Worst-case recovery slack is 17.902
    Info (332119):     Slack       End Point TNS Clock 
    Info (332119): ========= =================== =====================
    Info (332119):    17.902               0.000 clk 
Info (332146): Worst-case removal slack is 0.781
    Info (332119):     Slack       End Point TNS Clock 
    Info (332119): ========= =================== =====================
    Info (332119):     0.781               0.000 clk 
Info (332146): Worst-case minimum pulse width slack is 9.371
    Info (332119):     Slack       End Point TNS Clock 
    Info (332119): ========= =================== =====================
    Info (332119):     9.371               0.000 clk 
Info (332102): Design is not fully constrained for setup requirements
Info (332102): Design is not fully constrained for hold requirements
Info: Quartus Prime Timing Analyzer was successful. 0 errors, 3 warnings
    Info: Peak virtual memory: 863 megabytes
    Info: Processing ended: Sat Feb  4 17:40:15 2023
    Info: Elapsed time: 00:00:03
    Info: Total CPU time (on all processors): 00:00:06


